Pattern,Reasoning_Clause,Decision
Other/Unspecified,the presence of methylcellulose and carrageenan is not revealed on food menus,Denial
Other/Unspecified,"ed on the information presently before the agency, that the absence of such declarations of methylcellulose and carrageenan on food menus renders such",Denial
Other/Unspecified,"the information presently before the agency, that the absence of such declarations of methylcellulose and carrageenan on food menus renders such labe",Denial
Safety Established,"""a decision whether plan b, a systemic hormonal contraceptive drug, may be safely used without a prescription"" by women younger than 17 years of age",Denial
Other/Unspecified,entrusted this responsibility; it should not be made by a federal district court judge,Denial
Other/Unspecified,"reconsidered its decisions regarding the ""switch to otc use,"" taking into account the record before the agency and the relevant developments since th",Denial
Other/Unspecified,subjects would be required,Denial
Other/Unspecified,"aware, even at the time of the remand, that the plan b sponsor intended to conduct actual use and label compr",Denial
Other/Unspecified,raised by the petitions,Denial
Other/Unspecified,"ons that follow, the relevant portions of the petitions are denied",Denial
Public Health Benefit,the drug is known to have caused at least 21 cases of liver failure and has no unique therapeutic benefit over other drugs for the treatment of atten,Denial
Other/Unspecified,"ed commercial distribution of cylert on september 16, 2005",Denial
Other/Unspecified,ed marketing the drug,Denial
Other/Unspecified,"all pemoline products have been removed from the market, the outcome sought by your petition has been achieved and thus, as a practical matter, your",Denial
Other/Unspecified,the drugs are no longer being marketed,Denial
Other/Unspecified,"ons described below, your petition is denied",Denial
Other/Unspecified,"s are indicated as an adjunct to diet and exercise to improve glycemic control in adults with type 2 diabetes mellitus (""type 2 diabetes"")",Denial
Other/Unspecified,also approved two combination products that contain rosiglitazone maleate together with another antidiabetic active ingredient,Denial
Other/Unspecified,approved (21 cfr 314,Denial
Other/Unspecified,a basis for approval of that anda (id,Denial
Other/Unspecified,"(including those submitted under section 505(b)(2)) and andas submitted under section 505(j)), as well as applications submitted under section 351 of",Denial
Other/Unspecified,"explained in the letter, fda had reviewed the oxycontin labeling supplements and issued letters stating that each of the three supplements was not ap",Denial
Other/Unspecified,"the labeling supplements were not approvable, the labeling for a generic version of oxycontin was not required to include the language regarding the",Denial
Other/Unspecified,"not necessary prior to implementation of the riskmap, and in light of the fact that generic products will have riskmaps consistent with that for oxyc",Denial
Already Addressed/Moot,moot with regard to that issue,Denial
Other/Unspecified,"been established, a food is adulterated under section 402(a)(l) ofthe federal food, drug & cosmetic act (fd&c act) simply by exceeding it",Denial
Other/Unspecified,well as on fda and the courts,Denial
Already Addressed/Moot,"already established for methylmercury in seafood, is a ""level of contamination at which a food may be regarded as adulterated",Denial
Other/Unspecified,"been established, each time fda wishes to remove food from commerce that equals or exceeds the action level, fda has the burden of establishing de no",Denial
Already Addressed/Moot,"recounted above, are moot",Denial
Other/Unspecified,"we need not make these determinations to resolve your petition, the requests in the petition and at (1) and (2) of the supplement, above, are denied",Denial
Already Addressed/Moot,"noted above, this issue is moot in the specific situation at hand",Denial
Safety Established,sure safe use because the agency concluded that the drug can be safely used only if distribution or use is restricted (e,Denial
Safety Established,the drug can be safely used only if distribution or use is restricted (e,Denial
Other/Unspecified,"e tablets, 70 mg and 95 mg",Denial
Other/Unspecified,"e tablets, 135 mg, approved under nda 050808 held by medicis pharmaceutical corporation (medicis)",Denial
Other/Unspecified,it is frequently diverted to the ilegal manufacture of methamphetamine,Denial
Insufficient Evidence,ures to combat the diversion ofpse to manufacture methamphetamine have been inadequate,Denial
Other/Unspecified,"there are non-precursor alternatives that can replace pse, pse should be removed from the market",Denial
Other/Unspecified,"ons set forth below, your petition is denied",Denial
Other/Unspecified,"al or sinus congestion caused by the common cold, sinusitis, and respiratory allergies",Denial
Other/Unspecified,"k force concluded that because computer processing of claims must be an integral part of such programs, there was an urgent need for a standardized dr",Denial
Other/Unspecified,"k force also found that a standardized drug coding system was needed for drug manufacturers, re-packers, wholesalers, and others to facilitate the pro",Denial
Other/Unspecified,a drug moves through routine commercial channels,Denial
Other/Unspecified,signed the task of developing and operating the ndc system to fda,Denial
Other/Unspecified,) or abbreviated new drug applications (andas),Denial
Other/Unspecified,"used in this response, reta",Denial
Other/Unspecified,"reviewed your petition and, as we discuss below, we share some of the concerns outlined there",Denial
Other/Unspecified,sification of a device,Denial
Other/Unspecified,sification petitions must be filed in accordance with 21 c,Denial
Other/Unspecified,reviewed the information in your petition and is denying your petition for the reasons discussed below,Denial
Public Health Benefit,"not been met and a public health advisory with a voluntary recall is not warranted section 515(e)(l) of the federal food, drug, and cosmetic act (fd&",Denial
Sufficient Evidence,"is of new information before fda with respect to the device, evaluated together with the evidence available when the application was approved, there i",Denial
Safety Established,"onable assurance that the device is safe or effective under the conditions of use prescribed, recommended, or suggested in the labeling of the device,",Denial
Safety Established,"a failure to show reasonable assurance that the device is safe or effective under the conditions of use prescribed, recommended, or suggested in the",Denial
Other/Unspecified,erin 10 mg bid and 10 mg qd,Denial
Other/Unspecified,"erin according to its established procedures and approved the application on june 27, 2012, pursuant to section 505(c) of the food, drug, and cosmetic",Denial
Already Addressed/Moot,"erin nda has now been approved, your petition is denied as moot",Denial
Procedural Issue,"they function as endocrine disrupters that ""limit or block the 1 the ppsi petition also requested that fda issue a regulation to eliminate the use of",Denial
Other/Unspecified,"set forth below, consideration of costs or potential effects on the implementation of the affordable care act (public law i i 1-148) is not among the",Denial
Safety Established,"sessing a request for nonprescription status for ocs, however, it is important to distinguish between the different types of ocs because their safety",Denial
Other/Unspecified,"a pk study measures the rate and the extent to which the drug is delivered to biological fluids (generally the bloodstream), a pharmacodynamic study",Denial
Other/Unspecified,ures effects associated with the delivery of the active ingredient to the site of action,Denial
Sufficient Evidence,oconstriction of the skin microvasculature provide evidence for the amount of drug entering the skin and thus serve as the basis for comparing drug de,Denial
Sufficient Evidence,"es, fda often relies on data from ""appropriately designed comparative clinical trials"" or, in appropriate cases, from in vitro studies to assess bioeq",Denial
Other/Unspecified,issued draft guidanc,Denial
Public Health Benefit,"a dietary supplement because it presents a ""significant or unreasonable risk of illness or injury"" or an ""imminent hazard to public health;"" or • spe",Denial
Other/Unspecified,"of the date of the petition, pure or highly concentrated caffeine was sold in bulk online in a powder form by retailers of dietary supplements (petit",Denial
Other/Unspecified,"e online in powdered, liquid, and inhalable forms (supplement 2 at page 2)",Denial
Other/Unspecified,"and consideration of the petition, supplement 1, and supplement 2, we are denying the",Denial
Other/Unspecified,h products (petition at pages 5-9),Denial
Other/Unspecified,"ons stated below, we are denying your petition",Denial
Other/Unspecified,"background, cosmetic products and ingredients (except color additives) and labeling are not subject to premarket approval by fda",Denial
Other/Unspecified,well as labeling requirements,Denial
Safety Established,"a predicate device, or in the alternative, if it is not supported by clinical evidence necessary to demonstrate the safe and effective use of the dev",Denial
Other/Unspecified,highlighting the regulatory history of the zeltiq coolsculpting system by summarizing the main indications cleared by fda as well as additional clear,Denial
Procedural Issue,"authority under section 361 of the phs act to: make and enforce such regulations as in [fda’s] judgment are necessary to prevent the introduction, tr",Denial
Other/Unspecified,"es from foreign countries into the states or possessions, or from one state or possession into any other state or possession",Denial
Other/Unspecified,"to be sources of dangerous infection to human beings, and other measures, as in [fda’s] judgment may be necessary",Denial
Other/Unspecified,"and consideration, we deny the petition for the reasons set forth below",Denial
Procedural Issue,"sociate commissioner for policy, with respect to your previous request for administrative reconsideration under 21 cfr 10",Denial
Sufficient Evidence,"evidenced by the written decisions denying both your original citizen petition and your petition for reconsideration, the agency has already thorough",Denial
FDA Agrees/Warrants Action,"serts that its ""requested action is appropriate subject matter for a petition"" because it ""does not seek referral of a matter to a united states attor",Denial
Safety Established,serts that pai's potassium chloride oral solution drug products raise patient safety concerns because of the amount of alcohol they contain as an exci,Denial
Safety Established,sertion that pai's prescription drug products raise safety concerns because of the,Denial
Safety Established,"not withdrawn from sale for reasons of safety and efficacy; that determination was published in the federal register on may 23, 2007",Denial
Other/Unspecified,"one tablets, 6 mg, approved under anda 088316, held by west-ward pharmaceuticals international ltd, as a reference standard for dexamethasone tablets",Denial
Other/Unspecified,"one tablet; oral, orange book, available at https://www",Denial
Other/Unspecified,"one tablet; oral, orange book",Denial
Safety Established,"decadron was not withdrawn from sale for reasons of safety and efficacy; that determination was published in the federal register on may 23, 2007",Denial
Other/Unspecified,sociated with application of the device…with special focus on physiological motion of the organ…;”2 and “with the manner with which the device is used,Denial
Other/Unspecified,tomosis …often resulting in creation of a staple line (tissue fastening) patterns or configurations of simple to very complex geometries with special,Denial
Other/Unspecified,"ed on our review of these materials and for the reasons described below, the petition is denied in part and granted in part",Denial
Other/Unspecified,teride (propecia and proscar) )lqdvwhulghlvdį-reductase inhibitor that reduces the conversion of testosterone to į- dihydrotestosterone,Denial
Other/Unspecified,teride products are currently available in the united states,Denial
Other/Unspecified,"teride, 5 mg (proscar, nda 020180), on june 19, 1992, for the treatment of symptomatic benign prostatic hyperplasia (bph)",Denial
Other/Unspecified,"teride, 1 mg (propecia, nda 020788), on december 19, 1997, for the treatment of male pattern hair loss (androgenic alopecia) in men",Denial
Other/Unspecified,"our review of these materials and for the reasons described below, the petition is denied in part and granted in part",Denial
Public Health Benefit,authority under section 361 of the public health service act (phs act) to: page 2 – wendy kramer make and enforce such regulations as in [fda’s] judg,Denial
Other/Unspecified,"es from foreign countries into the states or possessions, or from one state or possession into any other state or possession",Denial
Other/Unspecified,"to be sources of dangerous infection to human beings, and other measures, as in [fda’s] judgment may",Denial
Other/Unspecified,"and consideration, we deny the petition for the reasons set forth below",Denial
Other/Unspecified,a reference standard because the currently listed rld is unavailable in the marketplace and anda 076-856 relies on dantrium (nda 017-443) as its rld,Denial
Safety Established,"been demonstrated, and that can be expected to have the same clinical effect and safety profile when administered to patients under the conditions sp",Denial
Other/Unspecified,"ons stated below, we are denying your petition for two reasons",Denial
Procedural Issue,requests that fda initiate enforcement actions are not within the scope of our citizen petition regulations,Denial
Other/Unspecified,"requesting that we prohibit the entry of foreign cosmetics such as hair pearl or ""other hair 'tinting' products emanating"" from hair pearl and its or",Denial
Already Addressed/Moot,"moot, because such products are covered by import alert 53-04, ""detention without physical examination of eyelash and eyebrow dyes containing coal-ta",Denial
Other/Unspecified,"initiated in 1982 when it was noted that, upon chemical analys",Denial
Other/Unspecified,sociated with application of the device…with special focus on physiological motion of the organ…;”2 and “with the manner with which the device is used,Denial
Other/Unspecified,tomosis …often resulting in creation of a staple line (tissue fastening) patterns or configurations of simple to very complex geometries with special,Denial
Other/Unspecified,"ons stated in section ii of this response, we are denying your petition",Denial
Other/Unspecified,"t sandwiches because you use a whole, shell egg to craft them, but you found that some foodservice and retail competitors use the same term, “egg,” wi",Denial
Other/Unspecified,: • the term “egg” has no definition under 21 cfr 160,Denial
Other/Unspecified,is for evaluating the use of the term; and • many place a food order based on product name or description only (without viewing any ingredient informa,Denial
Other/Unspecified,"product name or description only (without viewing any ingredient information), so consumers may order an “egg” yet receive an “egg product",Denial
Other/Unspecified,sociated with application of the device…with special focus on physiological motion of the organ…;”2 and “with the manner with which the device is used,Denial
Other/Unspecified,tomosis …often resulting in creation of a staple line (tissue fastening) patterns or configurations of simple to very complex geometries with special,Denial
Other/Unspecified,"of the potential for serious, irreversible disability, and the likelihood that prescriber awareness would avert some of these events (2017 supplement",Denial
Other/Unspecified,also modified in 2017 to address the risk of multiple vertebral fractures,Denial
Other/Unspecified,"es, including the risk of multiple vertebral fractures",Denial
Other/Unspecified,ing above pretreatment values then returning to pretreatment values 24 months after the last dose of prolia,Denial
Other/Unspecified,"“non-digestible soluble and insoluble carbohydrates (with 3 or more monomeric units), and lignin that are intrinsic and intact in plants; isolated or",Denial
Sufficient Evidence,is for our determination that the strength of the scientific evidence does not show that the consumption of alpha-cyclodextrin has a physiological eff,Denial
Other/Unspecified,"determined may be added to the definition of dietary fiber, see “questions and answers on dietary fiber,” available at http://www",Denial
Other/Unspecified,"ed, high-glycemic meal” (petition at page 1)",Denial
Other/Unspecified,"you are a requestor, as defined in section 505g(q)(3) of the fd&c act and your petition requests a type of relief that could be sought under an omor",Denial
Other/Unspecified,e note that information about the omor process is available on fda’s website2 should you pursue that process for your request,Denial
Other/Unspecified,"sert that the same attorney who provides legal counsel to the american feed industry association (afia) also represents aafco, presenting what you cha",Denial
Other/Unspecified,a “massive conflict of interest for the interests of public ‘regulators’ to be represented by the same attorney that represents the interests of the,Denial
Other/Unspecified,"ons set forth below, we are denying your petition",Denial
Other/Unspecified,"sert that the same attorney who provides legal counsel to the american feed industry association (afia) also represents aafco, presenting what you cha",Denial
Other/Unspecified,a “massive conflict of interest for the interests of public ‘regulators’ to be represented by the same attorney that represents the interests of the,Denial
Other/Unspecified,"ons set forth below, we are denying your petition",Denial
Other/Unspecified,"sert that the same attorney who provides legal counsel to the american feed industry association (afia) also represents aafco, presenting what you cha",Denial
Other/Unspecified,a “massive conflict of interest for the interests of public ‘regulators’ to be represented by the same attorney that represents the interests of the,Denial
Other/Unspecified,"ons set forth below, we are denying your petition",Denial
Procedural Issue,"on described below, we are denying your petition in accordance with 21 cfr 10",Denial
Other/Unspecified,"ed to let you know that since our may 20, 2022, response to your earlier petition (fda-2022-p-0119) requesting that we hire two additional foia staff",Denial
Procedural Issue,"k the commissioner to take a specific administrative action, which is an element of citizen petitions",Denial
Already Addressed/Moot,part of the efforts cvm stated are already underway? • is fda-cvm aiming to hire more than,Denial
Other/Unspecified,it does not meet the required elements of a citizen petition,Denial
Other/Unspecified,well as representative information known to the petitioner which is unfavorable to the petitioner's position,Denial
Other/Unspecified,pects of adopting animal feed ingredients should comply with requireme,Denial
Other/Unspecified,"sert that the same attorney who provides legal counsel to the american feed industry association (afia) also represents aafco, presenting what you cha",Denial
Other/Unspecified,a “massive conflict of interest for the interests of public ‘regulators’ to be represented by the same attorney that represents the interests of the,Denial
Other/Unspecified,"ons set forth below, we are denying your petition",Denial
Public Health Benefit,secondary (supplemental) endpoints – particularly when the primary endpoint is a surrogate for clinical benefit based on tumor imaging,Denial
Other/Unspecified,carefully considered your petition and acknowledges the importance of the issues it raises,Denial
Other/Unspecified,"ures are not the focus of the 2018 guidance, in june 2021, fda published the draft guidance for industry titled core patient-reported outcomes in canc",Denial
Other/Unspecified,a scientific manuscript in the peer-reviewed literature,Denial
Other/Unspecified,e protocols for the method in fda’s bacteriological analytical manual (bam) that are sufficiently detailed to enable the method to be evaluated and re,Denial
Safety Established,"mod 1, the [centers for disease control and prevention (cdc)], [the united states department of agriculture’s (usda’s)] food safety and inspection se",Denial
Other/Unspecified,"sessments in page 2 - alison bodor foods, tasked with establishing transparent and risk-based interpretive criteria, including sample positivity and n",Denial
Other/Unspecified,well as interpretive criteria for results confirmed through sequencing,Denial
Other/Unspecified,"ed on our review of these materials, and for the reasons described below, we conclude that the petition does not contain facts demonstrating any reaso",Denial
Other/Unspecified,"ons stated below, fda is denying the petition",Denial
Other/Unspecified,"our review of these materials, and for the reasons described below, we conclude that the petition does not contain facts demonstrating any reasonable",Denial
Other/Unspecified,that the petition does not contain facts demonstrating any reasonable grounds for the requested actions,Denial
Already Addressed/Moot,"the product addressed in your petition is no longer on the market, we are denying this portion of your petition as moot",Denial
Safety Established,ks that fda set additional safety standards for the homeopathic industry as a whole (petition at 3),Denial
Safety Established,sure the safety and effectiveness of most class i devices,Denial
Other/Unspecified,"s i devices are not subject to premarket notification requirements unless fda concludes that they are ""intended for a use which is of substantial impo",Denial
Other/Unspecified,onable risk of illness or injury,Denial
Other/Unspecified,ks the agency to undertake rulemaking that would require the submission of 51 o(k)s for all members of the reprocessed subset of this generic device t,Denial
Other/Unspecified,troenterology/urology (g/u) presen,Denial
Sufficient Evidence,the limited relevant evidence submitted in the petition and the petition supplement does not provide sufficient grounds for the agency to revoke the,Denial
Other/Unspecified,"e (""chd"") health claim at this time",Denial
Other/Unspecified,not been met for this health claim,Denial
FDA Agrees/Warrants Action,no longer significant scientific agreement to support the soy protein and chd health claim (see section 403(r)(3)(b)(i) [21 u,Denial
Other/Unspecified,/e determinations for nonprescription drugs marketed without an approved drug application (see section 505g of the fd&c act; 21 cfr part 330),Denial
Other/Unspecified,"not reviewed any homeopathic drug products under the otc drug review because the agency 2 for purposes of this response, we refer to a 'homeopathic d",Denial
Other/Unspecified,a drug product that is labeled as “homeopathic,Denial
Other/Unspecified,"ons explained below, we are denying your petition",Denial
Other/Unspecified,soon as possible regarding your treatment concerns,Denial
Other/Unspecified,"""indicated for use as a sedative for the relief of anxiety, tension, and apprehension, and as an anticonvulsant for the treatment of gran mal and pet",Denial
Other/Unspecified,for the reasons discussed more fully below,Denial
Other/Unspecified,ons discussed more fully below,Denial
Other/Unspecified,"ures that are effective in managing the risk of v vulnificus, increased focus on adherence to the control measures by the shellfish industry and state",Denial
Other/Unspecified,ed oversight by fda have resulted in a significant reduction in oyster-associated v vulnificus illnesses since 2013,Denial
Other/Unspecified,"tal ecosystems where filter- feeding bivalve mollusks, such as oysters, grow",Denial
Other/Unspecified,e see food and drug administration,Denial
FDA Agrees/Warrants Action,a performance standard of non-detectable for v vulnificus in raw or processed raw molluscan shellfish is not warranted at this time,Denial
Other/Unspecified,"ons set forth below, your petition is denied",Denial
Other/Unspecified,well as guidance documents and policy tools to help assist others with understanding whether software falls within the definition of device and fda's,Denial
Procedural Issue,"k that your firm and its products be excluded from fda regulation, including annual registration and listing requirements",Denial
Other/Unspecified,ked us to: a) add a new section to part 189 of title 21 prohibiting the use of eight ortho-phthalates as food contact substances that the consumer pro,Denial
FDA Agrees/Warrants Action,", as explained in more detail below, we do not think those actions are appropriate at this time",Denial
Procedural Issue,"and consideration of the petition, we are denying the specific request to amend the dietary supplement labeling regulations to require probiotic ingr",Denial
Other/Unspecified,"those emanating from the recent white house conference on hunger, nutrition, and health",Denial
FDA Agrees/Warrants Action,e reply to this letter (email is acceptable) and let me know if unilever agrees to the 1-year extension we are requesting,Denial
Enforcement Discretion,"it necessary to request this additional extension due to our limited resources and competing priorities, such as those emanating from the recent whit",Denial
Enforcement Discretion,"t year, we find it necessary to request this additional extension due to our limited resources and competing priorities",Denial
Other/Unspecified,sure you that responding to your petition is also a high priority for us,Denial
FDA Agrees/Warrants Action,e reply to this letter (email is acceptable) and let me know if unilever agrees to the 1-year extension we are requesting,Denial
Other/Unspecified,e contact me at 240-402-2082,Denial
Enforcement Discretion,it necessary to request this additional extension due to our limited resources and competing priorities,Denial
Enforcement Discretion,"t year, we find it necessary to request this additional extension due to our limited resources and competing priorities",Denial
Other/Unspecified,e be assured that responding to your petition is a priority for us,Denial
FDA Agrees/Warrants Action,e reply to this letter (email is acceptable) and let me know if unilever agrees to the 1-year extension we are requesting,Denial
Other/Unspecified,e contact me at 240-402-2082,Denial
Enforcement Discretion,it necessary to request this additional extension due to our limited resources and competing priorities,Denial
Enforcement Discretion,"you are aware, we have limited resources, and many of them have been devoted to responding to the nationwide infant formula shortage in recent months",Denial
FDA Agrees/Warrants Action,e reply to this letter (email is acceptable) and let me know if unilever agrees to the 1-year extension we are requesting,Denial
Other/Unspecified,e contact me at 240-402-2082,Denial
Procedural Issue,"part of this new framework for dietary supplement regulation, dshea also amended the fd&c act by adding section 413 (21 u",Denial
Safety Established,"is on which the manufacturer or distributor has concluded that a dietary supplement containing the ndi will reasonably be expected to be safe, unless",Denial
Other/Unspecified,"ons described below, we are denying your petition",Denial
Other/Unspecified,"“daily-wear uniform scrubs,” which are marketed to and worn by workers in healthcare facilities and settings, including physicians, nurses, medical t",Denial
Other/Unspecified,reviewed pursuant to section 505(j)(2)(c) of the act,Denial
Safety Established,"determined that your proposed change in strength raises questions of safety and effectiveness, and has concluded that clinical trials are required fo",Denial
Other/Unspecified,"two indications, post operative nausea and vomiting (ponv) and chemotherapy induced nausea and vomiting (cinv), each with different dosing recommenda",Denial
FDA Agrees/Warrants Action,"e in the risk 1 the fda disagrees with the comments of hyman, phel",Denial
Other/Unspecified,"ed on a review of the petition including the scientific and medical literature accompanying the petition, the comments submitted on the petition,3 and",Denial
Other/Unspecified,"originally assigned docket number 2005p-0267/cpi, the number was changed to fda-2005-p-0059 as a result of fda's transition to its new docketing syst",Denial
Other/Unspecified,"the labeling for the reference listed drug, with certain permissible differences not relevant here",Denial
Other/Unspecified,"a review of the petition including the scientific and medical literature accompanying the petition, the comments submitted on the petition,3 and the",Denial
Other/Unspecified,"reviewed pursuant to section 505g)(2)(c) of the federal food, drug, and cosmetic act (act)",Denial
Other/Unspecified,"evaluated with respect to the ""pediatric research equity act of2003"" (prea) that was signed into law december 3, 2003",Denial
Safety Established,sessment of the safety and effectiveness of the drug for the claimed indication in all relevant pediatric subpopulations unless the requirement is wai,Denial
Other/Unspecified,"it has been determined, under prea",Denial
Other/Unspecified,"ed on our review of these materials, for the reasons set forth below, both petitions are denied",Denial
Safety Established,"with all fda-approved products, we will continue to monitor and review available safety information related to ziana and take action as appropriate",Denial
Other/Unspecified,"your petitions point out, the proliferation of drug-resistant bacterial and other microbial infections (sometimes called antimicrobial or antibiotic",Denial
Other/Unspecified,been a key participant in federal initiatives including the national strategy to comba,Denial
Other/Unspecified,"our review of these materials, for the reasons set forth below, both petitions are denied",Denial
Other/Unspecified,"ons stated below, we are denying each of your requests",Denial
Bioequivalence Demonstrated,"unless there is phannaceutical equivalence and compliance with the applicable bioequivalence regulations, specifically, 21 c",Denial
Other/Unspecified,"amended section 5050)(8) ofthe federal food, drug, and cosmetic act (""fdca"")",Denial
Other/Unspecified,ks fda to follow the law and,Denial
Bioequivalence Demonstrated,"phannaceutical equivalence and compliance with the applicable bioequivalence regulations, specifically, 21 c",Denial
FDA Agrees/Warrants Action,"been directed to establish a committee of fda employees to recommend to the commissioner of food and drugs appropriate preclinical, trial design, and",Denial
Other/Unspecified,"ed on the committee's recommendations for articles for use in the prevention, diagnosis, and treatment ofrare diseases (rare diseases guidance)",Denial
Other/Unspecified,"es, including rare cancers",Denial
Other/Unspecified,"a first step, we announced in the federal register ofapril 30,2010, 75 fr 22819,",Denial
Other/Unspecified,"the committee's recommendations for articles for use in the prevention, diagnosis, and treatment ofrare diseases (rare diseases guidance)",Denial
FDA Agrees/Warrants Action,"a guidance specific to development ofrare cancers is not warranted, we will be developing a guidance in the future regarding rare diseases",Denial
Other/Unspecified,"sessment, at all of fda's center for drug evaluation and research (cder) advisory committee meetings discussing a specific drug product",Denial
Other/Unspecified,"ons stated below, your petition is denied",Denial
Other/Unspecified,pects of clinical investigations and applica,Denial
Other/Unspecified,"a drug product is approved in an nda for the change described in the petition (norvir® (ritonavir) 100 mg tablets, approved under nda 022417, held by",Denial
Procedural Issue,"originally submitted, you may seek a reconsideration of the decision not to approve your petition following the procedures set forth in 21 cfr 10",Denial
Procedural Issue,ed solely on the information contained in your original petition and must be submitted in accordance with 21 cfr 10,Denial
Other/Unspecified,"part of your original submission that you would like the agency to consider, you should submit a new petition including all the necessary information",Denial
Other/Unspecified,"additional information not included as part of your original submission that you would like the agency to consider, you should submit a new petition",Denial
Other/Unspecified,"originally submitted, you may seek a reconsideration of the denial following the procedures set forth in 2 1 cfr 10",Denial
Other/Unspecified,ed solely on the information contained in your original petition and must be submitted in accordance with 2 1 cfr section 10,Denial
Other/Unspecified,"part of your original submission that you would like the fda to consider, you should submit a new petition including all the necessary information to",Denial
Other/Unspecified,"additional information, not included as part of your original submission that you would like the fda to consider, you should submit a new petition in",Denial
Sufficient Evidence,of your assertion that new evidence suggests that “freak amino acids” are produced when the bovine growth hormone is recombined with e,Denial
Other/Unspecified,"developed a “substantial equivalence” policy that eases the burden on applicants for approval of genetically modified organisms, but you argue that t",Denial
Other/Unspecified,"ons, you contend that upjohn has the burden of conducting the same testing and research that was required of monsanto in its application for approval",Denial
Other/Unspecified,previously been publicly disclosed or acknowledged by a sponsor,Denial
Other/Unspecified,been previously disclosed or acknowledged,Denial
Other/Unspecified,"ons explained below, the agency denies your request",Denial
Other/Unspecified,reviewed pursuant to section 505,Denial
Other/Unspecified,"reviewed pursuant to section 505(j)(2)(c) of the federal food, drug, and cosmetic act",Denial
Safety Established,safe and effective on the basis of the information required to be submitted in an abbreviated application,Denial
Other/Unspecified,determined that your propo,Denial
Other/Unspecified,sume that this was a typographical error,Denial
Other/Unspecified,submitted under 505(b)(2) of the act the drug price competition andpatent term restoration act of 1984 (the hatch- waxman amendments) created section,Denial
Other/Unspecified,"reviewed pursuant to section 505(j)(2)(c) of the federal food, drug, and cosmetic act (act)",Denial
Safety Established,"determined that your proposed changes in strength and dosing regimen raise questions of safety and effectiveness, and has concluded that clinical tri",Denial
Other/Unspecified,efficacy concerns regarding the one tune only dosing regimen,Denial
Safety Established,investigations are necessary to show the safety and effectiveness of the proposed drug product and because a chan,Denial
Insufficient Evidence,concluded that 5-year marketing exclusivity should also apply to products about which the agency has insufficient information to know whether they co,Denial
Other/Unspecified,decided under the circumstances before us (1) to apply a presumption for purposes of marketing exclusivity that a product does not contain a previous,Denial
Insufficient Evidence,"insufficient information to know if, in fact, it contains one, and (2) to grant 5-year marketing exclusivity to vitrase in accordance with this presu",Denial
Other/Unspecified,"e, and other hyaluronidase products approved for the same uses, is unusual",Denial
Other/Unspecified,"e in these products is not fully characterized (and thus the agency does not know whether these products, in fact, contain any previously approved act",Denial
Other/Unspecified,e 5-year marketing exclusivity in accordance with the ’ section 5105(i)(s)(f) of the a,Denial
Insufficient Evidence,5-year marketing exclusivity should also apply to products about which the agency has insufficient information to know whether they contain a previou,Denial
Other/Unspecified,approved the mentor and inamed pmas because the data considered in support of each pma meet the statutory standard for approval,Denial
Safety Established,"a whole, provide reasonable assurance that the device is safe and effective for its conditions of use",Denial
Safety Established,we find your argument that a reasonable assurance of safety and effectiveness was not established for these devices unpersuasive and contrary to the,Denial
Other/Unspecified,"t implants, discusses certain clinical findings about silicone gel-filled breast implants, and sets forth the regulatory history of the mentor and ina",Denial
Other/Unspecified,t implants breast im,Denial
Safety Established,your argument that a reasonable assurance of safety and effectiveness was not established for these devices unpersuasive and contrary to the law,Denial
Other/Unspecified,"ons explained below, we are denying your petition",Denial
Other/Unspecified,"ses (plus lenses) for reading, viewing a computer monitor, or other prolonged close work,"" (petition, page 3)",Denial
Other/Unspecified,"sert that ""failure to advise consumers that myopia can be reduced or prevented by use of prescribed reading glasses"" is u",Denial
Other/Unspecified,"to a parent or other responsible adult,"" (petition, page 3)",Denial
Other/Unspecified,"ons stated below, we deny your request",Denial
Other/Unspecified,for repaglinide that include only a section viii statement for the method-of-use claim of the u,Denial
Other/Unspecified,"ons below, we grant your request",Denial
Other/Unspecified,an adjunct to diet and exercise to improve glycemic control in adults wit,Denial
Other/Unspecified,"ers because fda is not aware of any data, and you did not provide any data, that would indicate refractive surgery lasers present an ""unreasonable and",Denial
Other/Unspecified,is to ban such devices and fda is denying this request,Denial
Other/Unspecified,"is of all available data and information, fda finds that the device ""presents substantial deception or an unreasonable and substantial risk of illness",Denial
Other/Unspecified,"to be done, such labeling or change in labeling was not done within such",Denial
Other/Unspecified,no basis to ban such devices and fda is denying this request,Denial
Sufficient Evidence,"e of the former, there is no evidence that prescribers can expect efficacy based on the listed drug",Denial
Sufficient Evidence,pirin exposure by approximately one-third and there is no evidence tha,Denial
Safety Established,no evidence of the safety for the 7,Denial
Sufficient Evidence,no evidence that prescribers can expect efficacy based on the listed drug,Denial
Other/Unspecified,carefully reviewed the petition,Denial
Other/Unspecified,"ons described below, the petition is denied",Denial
Other/Unspecified,"become more difficult for pharmacists to determine the status of the prescription drug products on their shelves and that, due in part to corporate m",Denial
Other/Unspecified,ily determine the equivalence status of any drug product by simply compari,Denial
Other/Unspecified,"ed on the facts, the science, and the law",Denial
Safety Established,a preservative were shown to be safe prior to licensure a,Denial
Procedural Issue,a preservative is consistent with fda regulations b,Denial
Other/Unspecified,taken steps to reduce exposure to thirnerosal c,Denial
Safety Established,a preservative are safe v,Denial
Safety Established,an adjuvant were shown to be safe prior to licensure vi,Denial
Other/Unspecified,"the facts, the science, and the law",Denial
Other/Unspecified,"and consideration, we deny your petition for the reasons set forth below",Denial
Safety Established,"no evidence of a safety concern, fda has taken steps to reduce exposure to thirnerosal c",Denial
Other/Unspecified,"ed on our review of these materials, and for the reasons described below, your petition is denied",Denial
Other/Unspecified,ing the amounts of these chemicals that circulate in the body,Denial
Other/Unspecified,"e control and prevention (cdc) describes fibromyalgia as ""a condition that causes widespread pain, sleep problems, fatigue, and often psychological di",Denial
Other/Unspecified,a score of greater than 7 o,Denial
Other/Unspecified,"our review of these materials, and for the reasons described below, your petition is denied",Denial
FDA Disagrees,"your proposed strength is not supported by the listed drug labeling and would thus represent a new dosing regimen, which is not a petitionable change",Denial
Other/Unspecified,e contact the division ofneurology products at (301) 796-2250 if you wish to pursue approval of your product under section 505(b) ofthe act,Denial
Other/Unspecified,t 7-8 hours remaining before the planned time of awakening,Denial
Other/Unspecified,e the risk of next day impairment of driving and other activities that require full alertness,Denial
Procedural Issue,"a significant share of consumers would find it relevant to their purchasing decisions""; and (2) fda issue new regulations that require additional lab",Denial
Other/Unspecified,requesting these actions for foods derived from genetically engineered plants based on the action requested and the scientific data and information c,Denial
Other/Unspecified,the action requested and the scientific data and information cited in your petition,Denial
Other/Unspecified,"ons discussed below, we are denying your request",Denial
Other/Unspecified,"ty rings are implanted in the heart usually for a patient's entire lifetime the federal food, drug, and cosmetic act (fd&c act), as amended, establish",Denial
Safety Established,onable assurance of their safety and effectiveness,Denial
Other/Unspecified,"s i (general controls), class ii (special controls), and class ill (premarket approval)",Denial
Other/Unspecified,"s i devices are those devices for which the general controls of the fd&c act (controls authorized by or under section 501, 502, 510, 516, 518, 519, or",Denial
Other/Unspecified,onable assurance of saf,Denial
Procedural Issue,in accordance with title 21 ofthe code of federal regulations (cfr) 10,Denial
Procedural Issue,"ons discussed below, we are denying the petition in accordance with title 21 ofthe code of federal regulations (cfr) 10",Denial
Other/Unspecified,"e and at the offices of health care providers will effectively communicate clear and useful federal seafood consumption advice for pregnant women, bre",Denial
Procedural Issue,"of your petition, and for the reasons discussed below, we are denying the petition in accordance with title 21 ofthe code of federal regulations (cfr",Denial
Public Health Benefit,"er-assisted in situ keratomileusis (lasik) excimer lasers, and (2) issue a public health advisory with a voluntary recall of these lasik devices",Denial
Other/Unspecified,": • the permissible differences that can be considered in the suitability petition process as described in the act are: route of administration, dosag",Denial
Other/Unspecified,s of animal as indicated in your request,Denial
Other/Unspecified,"of its high potential for abuse, morphine sulfate is a controlled substance in schedule ii of the controlled substances act (csa), 21 u",Denial
FDA Agrees/Warrants Action,"that we agree with your statement on pages 14-15 of the petition that '""grandfather' status does not mean a product is unregulated",Denial
Other/Unspecified,concluded that investigations are necessary for this proposed drug product,Denial
Other/Unspecified,"your proposed product, sitagliptin and metformin hydrochloride extended-releas",Denial
Other/Unspecified,"your proposed change in strength raises questions of effectiveness, and the agency has concluded that investigations are necessary for this proposed",Denial
Other/Unspecified,"the request is not a permissible change, as defined under section 512(n)(3)(c) of the act",Denial
Other/Unspecified,unclear which approved product is the rlnad for your proposed generic product,Denial
Other/Unspecified,e clearly identify one rlnad for your proposed generic product,Denial
Procedural Issue,"originally submitted, you may seek a reconsideration of the denial following the procedures set forth in 21 cfr 10",Denial
Other/Unspecified,ed solely on the information contained in your original petition and must be submitted in accordance with 21 cfr section 10,Denial
Other/Unspecified,"additional information that you would like the fda to consider, submit a new petition",Denial
Safety Established,to necessitate significant labeling changes to address the newly introduced safety or effectiveness problem,Denial
Other/Unspecified,"sociated with non-steroidal anti-inflammatory drug products (nsaids), such as mefenamic acid, are dose-related, and mefenamic acid has a particular ri",Denial
Other/Unspecified,that it is unlikely a prescriber would prescribe one 500 mg capsule and then an additional week’s worth of 250 m,Denial
Safety Established,determined that your proposed change in dosage form raises questions of safety and has concluded that investigations are required for the specific dr,Denial
Safety Established,investigations are necessary to show the safety and,Denial
Safety Established,your proposed change in dosage form raises questions of safety and has concluded that investigations are required for the specific drug product,Denial
Other/Unspecified,"stribild is a fixed-dose combination drug product (fixed-combination) that contains cobicistat and elvitegravir, both of which were previously unappr",Denial
Other/Unspecified,"filed, ferring put forth a similar contention for its fixed-combination prepopik (nda 202535), that contains picosulfate, which was a new active moi",Denial
Other/Unspecified,"converted from a petition for reconsideration that was originally submitted on september 3, 2009 and supplemented with additional information in a su",Denial
Procedural Issue,now completed its review and is denying your petition under 21 cfr 10,Denial
Other/Unspecified,"discussed further below in the sections on genetic polymorphism and risk assessment, fda is continuing to evaluate available information and will con",Denial
Other/Unspecified,ons for fda's decision,Denial
Other/Unspecified,several advantages as a restorative material,Denial
Other/Unspecified,"a broad range of applicability in clinical situations, is easy to use, and is relatively insensitive to variations in handling technique and oral con",Denial
Other/Unspecified,"ons stated below, we deny amarin's requests",Denial
Other/Unspecified,"cepa on july 26,2012, as an adjunct to diet to reduce triglyceride (tg) levels in adult patients with severe (2': 500 milligrams/deciliter (mg/dl)) hy",Denial
Other/Unspecified,"cepa is icosapent ethyl, an ethyl ester of the omega-3 fatty acid eicosapentaenoic acid (epa), which is derived from fish oil",Denial
Other/Unspecified,"cepa, i gram (g), with a recommended dose of 4 g per day taken as two capsules twice daily",Denial
Other/Unspecified,cepa' s formulation contains tocopherol as an antioxidant,Denial
Bioequivalence Demonstrated,on establishing bioequivalence for icosapent ethyl,Denial
Other/Unspecified,issued in 2014 with minor changes compared to the earlier version,Denial
Other/Unspecified,"one approved strength for vascepa, i gram (g), with a recommended dose of 4 g per day taken as two capsules twice daily",Denial
Other/Unspecified,migraine is a complex disorder that is not only characterized by headache but also several associated symptoms (i,Denial
Other/Unspecified,"t two decades, fda has approved a number of acute migraine treatments",Denial
Other/Unspecified,"reviewed your citizen petition dated september 5, 2014, and supplement dated september 12, 2014, concerning fda's requirement in title 21 ofthe code",Denial
Other/Unspecified,"chantix), available as archived content on fda's web site (http:! www",Denial
Other/Unspecified,"patients with a history of psychiatric illness did not participate in the initial clinical efficacy trials that supported approval of the nda, findin",Denial
Public Health Benefit,"also important, to understand the balance of risks and benefits",Denial
Other/Unspecified,"included in the clinical trial design to determine whether nicotine replacement, another pharmacologic option for treating tobacco dependence, offers",Denial
Other/Unspecified,"ks that we: (1) issue guidance recognizing that nut cocoa based spreads should fall within the ""honey, jams, jellies, fruit butter, molasses"" category",Denial
Other/Unspecified,"ed spreads"" such as nutella® with a 1 tbsp racc",Denial
Procedural Issue,ed spreads such as nutella® are currently not specifically listed in the regulation,Denial
Other/Unspecified,"a drug product is approved in an nda for the change described in the petition (tepadina® [thiotepa] for injection, 100 mg/vial, approved under nda 20",Denial
Procedural Issue,"originally submitted, you may seek a reconsideration of the decision not to approve your petition following the procedures set forth in 21 cfr 10",Denial
Procedural Issue,ed solely on the information contained in your original petition and must be submitted in accordance with 21 cfr 10,Denial
Other/Unspecified,"part of your original submission that you would like the agency to consider, you should submit a new petition including all the necessary in",Denial
Other/Unspecified,"additional information not included as part of your original submission that you would like the agency to consider, you should submit a new petition",Denial
Other/Unspecified,"ons described below, we are denying the actions requested in your petition",Denial
Other/Unspecified,"e population is apokyn (apomorphine hydrochloride injection), new drug application (nda) 021264, held by us worldmeds llc",Denial
Other/Unspecified,sociated with advanced parkinson's disease,Denial
Other/Unspecified,"s cartridges and is labeled for use only with a pen injector called the apokyn pen, which is itself labeled for use only with apokyn cartridges",Denial
Safety Established,to necessitate significant labeling changes to address the newly introduced safety or effectiveness problem,Denial
Safety Established,determined that your proposed change in strength raises questions of safety,Denial
Other/Unspecified,the proposed change necessitates signific,Denial
Safety Established,your proposed change in strength raises questions of safety,Denial
Other/Unspecified,discussed in more detail below in various sections of this letter,Denial
Other/Unspecified,an adjunct intended to,Denial
Other/Unspecified,", however, that in response to the concerns raised in this petition, additional warnings and labeling changes have been implemented, as discussed in m",Denial
Other/Unspecified,that seprafilm remains the only approved product in the us market indicated to reduce adhesion in the abdominal cavity,Denial
Safety Established,"of its toxicity or other potentiality for harmful effect, or the method of its use, or the collateral measures necessary to its use, is not safe for",Denial
Other/Unspecified,nonprescription drugs,Denial
Safety Established,"a nonprescription product, fda must determine the drug is safe and effective for use without the supervision of a licensed healthcare practitioner",Denial
Other/Unspecified,"reviewed the above referenced petition for exemption from premarket notification (510(k)) pursuant to section 510(m)(2) of the federal food, drug and",Denial
Other/Unspecified,sified as class ii devices under 21 cfr 862,Denial
Other/Unspecified,"""copper reduction tablet test"")",Denial
Other/Unspecified,a device intended to measure glucosuria (glucose in urine),Denial
Other/Unspecified,"urements are used in the diagnosis and treatment of carbohydrate metabolism disorders including diabetes mellitus, hypoglycetnia, and hyperglycemia",Denial
Procedural Issue,sification regulation require premarket notification under section 510(k) of the fd&c act (21 u,Denial
Other/Unspecified,sist in determining whether the model 5100 ring has 40 different characteristics or is just the ‘same technology and materials’,Denial
Other/Unspecified,"ons discussed below, we are denying your petition",Denial
Other/Unspecified,"ty ring, formerly known as the myxo etlogix annuloplasty ring (“myxo etlogix”) from 2007 to 2009, including the contents of edwards’ patent filings fo",Denial
Safety Established,"you believe that “the solutions’ risks outweigh their limited benefits” and “there are a number of other, safer alternative iv solutions for the uses",Denial
Sufficient Evidence,sessing the clinical studies and other data and information relevant to the petition,Denial
Other/Unspecified,carefully reviewed the petition and the submissions to docket fda-2018-p-4832,Denial
Safety Established,sist color blind patients in safely differentiating between tablet strengths,Denial
Other/Unspecified,sist blind or visually impaired patients,Denial
Other/Unspecified,"e, the risk of look-alike errors",Denial
Other/Unspecified,"patient access is limited to what is prescribed by their physicians, and most patients will only have access to a single strength of eut",Denial
Other/Unspecified,"a drug product is approved in an nda for the change described in the petition (ephedrine sulfate injection, 50 mg/10 ml (5 mg/ml), approved under nda",Denial
Procedural Issue,"originally submitted, you may seek a reconsideration of the decision not to approve your petition following the procedures set forth in 21 cfr 10",Denial
Procedural Issue,ed solely on the information contained in your original petition and must be submitted in accordance with 21 cfr 10,Denial
Other/Unspecified,"part of your original submission that you would like the agency to consider, you should submit a new petition including all the",Denial
Other/Unspecified,"additional information not included as part of your original submission that you would like the agency to consider, you should submit a new petition",Denial
Other/Unspecified,"the dissolution methods are validated as described in more detail below, and qualified dissolution testers are used as part of these validated method",Denial
Other/Unspecified,interchangeable13 under the ich guideline q4b evaluation and recommendation of pharmacopoeial texts for use in the ich regions (november 2007) under,Denial
Other/Unspecified,the 290 mcg dosage strength is commercially available for another therapeutic use,Denial
Other/Unspecified,"such, the percentages presented here represent only a subset of all adverse reactions that led to discontinuation”; and (4) add an asterisk to tables",Denial
Other/Unspecified,"well as the additional table that [the petition proposed] to reflect aes in trial 5, to state: “each event at a minimum must have met a threshold of",Denial
Other/Unspecified,an adverse event in this table,Denial
Other/Unspecified,"a drug product is approved in an nda for the change described in the petition (akovaz (ephedrine sulfate injection, usp), 25 mg/5 ml (5 mg/ml), appro",Denial
Procedural Issue,"originally submitted, you may seek a reconsideration of the decision not to approve your petition following the procedures set forth in 21 cfr 10",Denial
Procedural Issue,ed solely on the information contained in your original petition and must be submitted in accordance with 21 cfr 10,Denial
Other/Unspecified,"part of your original submission that you would like the agency to consider, you should submit a new petitio",Denial
Other/Unspecified,"additional information not included as part of your original submission that you would like the agency to consider, you should submit a new petitio",Denial
Procedural Issue,"an, this letter responds to your “petition[s] for administrative reconsideration under §10",Denial
Other/Unspecified,"ons set forth below, i deny your petition",Denial
Other/Unspecified,"sification of srilas 7, low intensity laser ablation (lila) system (srilas 7)",Denial
Other/Unspecified,"er’s de novo request for classification and found that, based on srilas 7’s indications, the srilas 7 did not meet the criteria under section 513(a)(1",Denial
Other/Unspecified,"sification into class i or ii and that, therefore, the device would remain in class iii",Denial
Other/Unspecified,"srilas 7’s indications, the srilas 7 did not meet the criteria under section 513(a)(1) of the federal food, drug, and cosmetic act (fd&c act) for cla",Denial
Other/Unspecified,"a drug product is approved in an nda for the change described in the petition: doxercalciferol injection 10 mcg/5 ml (2mcg/ml), approved under nda 20",Denial
Procedural Issue,"originally submitted, you may seek a reconsideration of the decision not to approve your petition following the procedures set forth in 21 cfr 10",Denial
Procedural Issue,ed solely on the information contained in your original petition and must be submitted in accordance with 21 cfr 10,Denial
Other/Unspecified,"part of your original submission that you would like the agency to consider, you should submit a new petition including all the necessary i",Denial
Other/Unspecified,"additional information not included as part of your original submission that you would like the agency to consider, you should submit a new petition",Denial
Other/Unspecified,"ed on our review of these materials and for the reasons described 2 development and licensure of vaccines to prevent covid-19; guidance for industry,",Denial
Other/Unspecified,onable grounds for the requested action,Denial
Other/Unspecified,"ons stated below, fda is denying the petitions",Denial
Other/Unspecified,"our review of these materials and for the reasons described 2 development and licensure of vaccines to prevent covid-19; guidance for industry, june",Denial
Other/Unspecified,that the petitions do not contain facts demonstrating any reasonable grounds for the requested action,Denial
Other/Unspecified,carefully reviewed the petitions and other relevant information,Denial
Other/Unspecified,"ed on our review of these materials and for the reasons described below, we conclude that the petitions do not contain facts demonstrating any reasona",Denial
Other/Unspecified,"ons stated below, fda is denying the petitions",Denial
Other/Unspecified,"e, coronavirus disease 2019 (covid-19), caused by a novel coronavirus, sars-cov-2",Denial
Other/Unspecified,a significant potential to affect national security or the health and security of u,Denial
Other/Unspecified,"our review of these materials and for the reasons described below, we conclude that the petitions do not contain facts demonstrating any reasonable g",Denial
Other/Unspecified,that the petitions do not contain facts demonstrating any reasonable grounds for the requested action,Denial
Other/Unspecified,"currently a pandemic of respiratory disease, coronavirus disease 2019 (covid-19), caused by a novel coronavirus, sars-cov-2",Denial
Public Health Benefit,a public health emergency that has a significant potential to affect national security or the health and security of u,Denial
Other/Unspecified,they are not relevant to the action requested in the petition,Denial
Procedural Issue,ons stated above and in accordance with 21 cfr 10,Denial
Safety Established,determined that nda 017814 was not discontinued or withdrawn from sale for safety or effectiveness reasons,Denial
Other/Unspecified,the drug product upon which an applicant relies in seeking approval of its anda” (§ 314,Denial
Other/Unspecified,"the orange book, available at https://www",Denial
Bioequivalence Demonstrated,"part of anda content and format, information to show that the drug product is bioequivalent to the rld); and 21 cfr 314",Denial
Safety Established,nda 017814 was not discontinued or withdrawn from sale for safety or effectiveness reasons,Denial
FDA Agrees/Warrants Action,"ed on our review of these materials, and for the reasons described below, we do not agree that the approval of etranacogene dezaparvovec requires a re",Denial
Other/Unspecified,"ons stated below, fda is denying the petition in part and will respond to the remainder of the petition at a later date",Denial
Other/Unspecified,"sociated virus vector-based gene therapy,2 for the treatment of adults with hemophilia b",Denial
FDA Agrees/Warrants Action,"our review of these materials, and for the reasons described below, we do not agree that the approval of etranacogene dezaparvovec requires a rems or",Denial
FDA Agrees/Warrants Action,"ed on our review of these materials, and for the reasons described below, we do not agree that the approval of valoctocogene roxaparvovec requires a r",Denial
Other/Unspecified,"ons stated below, fda is denying the petition",Denial
Other/Unspecified,a condition of approving etranacogene dezaparvovec and denying your request to include the eligibility (inclusion and exclusion) criteria utilized in,Denial
FDA Agrees/Warrants Action,"our review of these materials, and for the reasons described below, we do not agree that the approval of valoctocogene roxaparvovec requires a rems o",Denial
Other/Unspecified,"serts that because cgmp compliance is a statutory requirement for approval, neither tentative nor full approval of an nda may be “awarded or maintaine",Denial
Other/Unspecified,"pect of the applicant’s supply chain is noncompliant or in doubt,” and requests that fda rescind its previously granted tentative approval of yutrepia",Denial
Other/Unspecified,ed on our review of liquidia’s manufacturers and suppliers and comprehensive evaluation of relevant information11 available to the agency regarding th,Denial
Other/Unspecified,"the “sole” supplier of the api, treprostinil sodium, for liquidia (petition at 1)",Denial
Other/Unspecified,"informed fda that ys life science company, limited (yonsung), formerly yonsung fine chemicals company, limited, is liquidia’s sole trepr",Denial
Other/Unspecified,our review of liquidia’s manufacturers and suppliers and comprehensive evaluation of relevant information11 available to the agency regarding the man,Denial
Other/Unspecified,it would not be accepted for review,Denial
Other/Unspecified,"explained above, fda will not approve a suitability petition if a drug product is approved in an nda for the change described in the petition",Denial
Other/Unspecified,"been approved in an nda, the anda applicant should refer to the approved pharmaceutical equivalent designated by the agency as the rld as its basis f",Denial
Other/Unspecified,"e, fda has approved vancomycin hydrochloride for injection, 1",Denial
Other/Unspecified,"e/vial, under nda 209481 – a drug product that is pharmaceutically equivalent to the drug product proposed in your suitability petition",Denial
Other/Unspecified,no bearing on barr's supplemental new drug application (snda) seeking an rx to otc switch for plan b,Denial
Other/Unspecified,"not made a final decision whether emergency contraception will be switched to otc status and, if an otc switch occurs, which age groups would be invo",Denial
Other/Unspecified,"filed, we made a preliminary determination that your petition and its supporting information did not provide sufficient data to satisfy the statutory",Denial
Other/Unspecified,"documented in memoranda dated february 28, 2001 and april 12, 2001",Denial
Other/Unspecified,"we have done on other occasions, we deferred responding to your petition because we anticipated that the then-sponsor of plan b (barr's predecessor)",Denial
Other/Unspecified,ons stated below in this response,Denial
Safety Established,is far all the actions you request : your contention that all licensed and approved products containing thimerosal are unsafe,Denial
Safety Established,"ed discussion on safety, we address your legal arguments",Denial
FDA Agrees/Warrants Action,"ons explained above, none of the legal actions or remedies you seek are warranted",Denial
FDA Agrees/Warrants Action,violated people's rights lack merit and do not support your petition,Denial
Other/Unspecified,"and consideration, we deny the petition for the reasons stated below in this response",Denial
Other/Unspecified,"trazeneca on july 20, august 16, and november 5,2004, as well as comments submitted by john blenkinsopp, m",Denial
Other/Unspecified,"ons stated below, your request that we immediately remove crestor from the market is denied",Denial
FDA Agrees/Warrants Action,trazeneca has agreed to revise crestor’s labeling and to issue a dear healthcare professional letter describing these changes,Denial
Other/Unspecified,tatin rosuvastatin is a lipid-altering drug in the class of drugs known as statins,Denial
Other/Unspecified,"a class, statins have been shown to lower cholesterol, which can further reduce the risk of cardiovascular mortality a",Denial
Other/Unspecified,"exclusivity can be triggered by a court decision or by the commercial marketing of another applicant who shares exclusivity, it may begin to run befo",Denial
Other/Unspecified,"been submitted under this subsection [containing] such a certification, the application shall be made effective not earlier than one hundred and eigh",Denial
Other/Unspecified,sociated with all fentanyl transderrnal systems,Denial
Other/Unspecified,"ed on this evaluation, we may also consider whether to request a voluntary risk management plan (rmp) for both the innovator and generic fentanyl tran",Denial
Other/Unspecified,sified in schedule n under the controlled substances act,Denial
Other/Unspecified,"this evaluation, we may also consider whether to request a voluntary risk management plan (rmp) for both the innovator and generic fentanyl transderr",Denial
FDA Agrees/Warrants Action,"e-by-case basis, we do not think it appropriate at this time to require sponsors to certify that drugs have been formulated to minimiz",Denial
Other/Unspecified,"that the federal food, drug, and cosmetic act (fd&c act or act) does not require that fda promulgate such a rule",Denial
Other/Unspecified,that such a rule is not required to be promulgated under the act,Denial
Other/Unspecified,"acquired by cytyc corporation and, as part of the acquisition, ownership of the orphan-drug designation for 1 7-hpc was transferred to cytyc corporat",Denial
Other/Unspecified,acquired by hologic inc,Denial
Other/Unspecified,"part of the acquisition, ownership of the orphan designation of 17- hpc, for the prevention of preterm birth in singleton pregnancies, was transferre",Denial
Bioequivalence Demonstrated,"applicants must demonstrate biosimilarity, and not bioequivalence, for proposed biosimilar biological products, we are not addressing the discussion",Denial
Bioequivalence Demonstrated,ed bioequivalence testing to biological products (petition at 3),Denial
Other/Unspecified,"blood or urine, after administration of a single dose or multiple doses of each drug product to healthy volunteers",Denial
Other/Unspecified,"described in the applicable provisions of the fd&c act and part 320 (21 cfr part 320 ), rely on other in vivo and/ or in vitro methods to assess bioe",Denial
Other/Unspecified,"neither of these supplements contain the verification required by section 505(q)(1)(1) of the federal food, drug, and cosmetic act (the act), fda may",Denial
Procedural Issue,these submissions are seeking agency input and advice rather than requesting specific administrative action,Denial
Other/Unspecified,trazeneca pharmaceuticals lp (asfrazeneca) (new drug application (nda) 19-834),Denial
Other/Unspecified,its reference listed drug (rld),Denial
Procedural Issue,"discussed below, in accordance with title 21 of the code of federal regulations part 10",Denial
Procedural Issue,required by 21 cfr 10,Denial
Other/Unspecified,"ter files (september 1989), available at http://www",Denial
Other/Unspecified,"oxycodone hcl api, and the materials and controls used in its preparation",Denial
Other/Unspecified,"es in which a dmf holder is manufacturing the oxycodone hcl api, the relevant information about the api is contained in the dmf",Denial
Other/Unspecified,"ons set forth below, the petition is denied",Denial
Other/Unspecified,"approved two abbreviated new drug applications (andas) for clomiphene citrate drug products (anda 72-196, approved december 20,1988, and anda 75-528,",Denial
Other/Unspecified,originally assigned docket nwnber 2007p-0470lcpl,Denial
Other/Unspecified,changed to fda­ 2007-p-0234 as a resul,Denial
Other/Unspecified,considered the information submitted in the reconsideration petition and other relevant data available to the agency,Denial
Other/Unspecified,"ons described below, fda denies the reconsideration petition",Denial
Other/Unspecified,is for your request is presented in exhibits a-f,Denial
Other/Unspecified,"such, individuals sensitized or allergic to latex may experience allergic reactions when they consume these plant- derived food allergens",Denial
Other/Unspecified,"es, hypersensitivities to the plant-derived food allergens may precede latex sensitization (exhibit a)",Denial
Other/Unspecified,iliensis natural-rubber-latex is unknown (petition at page 4),Denial
Other/Unspecified,"tm d1076-06 standard specification for rubber- concentrated, ammonia preserved, crea",Denial
Other/Unspecified,"articulated in the 1992 statement of policy: foods derived from new plant varieties (1992 policy), which states that fda is not aware of any informat",Denial
Safety Established,"a class, foods developed by the new techniques present any different or greater safety concerns than foods developed by traditional plant breeding (f",Denial
Sufficient Evidence,"serts that recent evidence supports revising these conclusions and that such revision ""would initiate [mandatory] labeling"" for foods derived from ge",Denial
Other/Unspecified,"sert that foods derived from ge plants differ from other foods, particularly in comparison to foods derived from plants developed through traditional",Denial
Other/Unspecified,used in nepa requires considerations of both context and intensity,Denial
Other/Unspecified,"sert that the considerations listed in subparts (b)(4), (5), and (6) ""weigh heavily in favor of the preparation of an eis",Denial
Premature/Pending Action,"sert that ""uncertainties associated with abt's application have generated ongoing controversy among a broad-range of experts, lawmakers, and consumer",Denial
Other/Unspecified,is for reversing our request that ppx products be withdrawn from the market,Denial
Other/Unspecified,"ons for denying the petition are discussed in section ii of this letter, following a review of pertinent regulatory authorities and background informa",Denial
Other/Unspecified,"received by the food and drug administration (fda) on january 28, 201 1",Denial
Other/Unspecified,"received on april 26, 20 11, and fied as fda-20 ii-p-0064/sup",Denial
Other/Unspecified,a different meaning (i,Denial
Other/Unspecified,"reviewed the comments to that docket, along with comments submitted to the docket for the citizen petition and other available current scientific evi",Denial
Other/Unspecified,sociated with the use of smokeless tobacco products,Denial
Other/Unspecified,"ed on its review, fda does not intend to propose any changes to the smokeless tobacco warnings at this time",Denial
Other/Unspecified,sociated with smokeless tobacco products,Denial
Other/Unspecified,"its review, fda does not intend to propose any changes to the smokeless tobacco warnings at this time",Denial
Sufficient Evidence,evidence to show that such changes would promote greater public understanding of the risks associated with smokeless tobacco products,Denial
Other/Unspecified,"the field trial is planned for key haven rather than key west, we do not address your points that concern impacts on key west specifically",Denial
Other/Unspecified,"sociated with saliva from mosquito bites your petition cites a possible risk ""of releasing biting females, including possible increased risk of allerg",Denial
Other/Unspecified,"ed for the investigational field trial will be male, and male mosquitoes do not bite humans or other animals",Denial
Other/Unspecified,a typographical error,Denial
Other/Unspecified,"the petition is not page- numbered and includes a cover page, for purposes of this response we consider the cover page to be part of the petition, an",Denial
Other/Unspecified,"received on january 27, 2014",Denial
Other/Unspecified,part of the review of an anda application,Denial
Other/Unspecified,ons (petition at 16-30),Denial
Other/Unspecified,discussed above in section ii,Denial
Bioequivalence Demonstrated,it may be appropriate to waive the requirement to submit bioequivalence data for proposed generics of this oral solution,Denial
Other/Unspecified,"it has exhibited a dose-dependent seizure risk, which increases significantly with even modest increases in dose",Denial
Bioequivalence Demonstrated,serts that the food and drug administration (fda or agency) should treat ampyra as an nti drug and require more stringent bioequivalence criteria for,Denial
Sufficient Evidence,there is inadequate clinical evidence from placebo-controlled randomized clinical trials (rcts) to support their satbty and effectiveness for each in,Denial
Sufficient Evidence,available evidence (including evidence from observational studies) suggests that these drugs cause significant hamr in the fbrm of nrajor bleeding an,Denial
Other/Unspecified,well as other pertinent information in the current medical literature,Denial
Sufficient Evidence,inadequate clinical evidence from placebo-controlled randomized clinical trials (rcts) to support their satbty and effectiveness for each indication,Denial
Sufficient Evidence,there is inadequate clinical evidence from placebo-controlled randomized clinical trials (rcts) to support their satbty and effectiveness for each in,Denial
Sufficient Evidence,available evidence (including evidence from observational studies) suggests that these drugs cause significant hamr in the fbrm of nrajor bleeding an,Denial
Other/Unspecified,well as other pertinent information in the current medical literature,Denial
Sufficient Evidence,inadequate clinical evidence from placebo-controlled randomized clinical trials (rcts) to support their satbty and effectiveness for each indication,Denial
Sufficient Evidence,there is inadequate clinical evidence from placebo-controlled randomized clinical trials (rcts) to support their satbty and effectiveness for each in,Denial
Sufficient Evidence,available evidence (including evidence from observational studies) suggests that these drugs cause significant hamr in the fbrm of nrajor bleeding an,Denial
Other/Unspecified,well as other pertinent information in the current medical literature,Denial
Sufficient Evidence,inadequate clinical evidence from placebo-controlled randomized clinical trials (rcts) to support their satbty and effectiveness for each indication,Denial
Other/Unspecified,"considered the information submitted in the petition, the subsequent comments, and other relevant data",Denial
Other/Unspecified,"ed on our review of this information and for the reasons described below, the petition is denied",Denial
Other/Unspecified,"first approved as delalutin (hydroxyprogesterone caproate) injection under new drug application (nda) 010347, with labeling stating that the drug ""ap",Denial
Safety Established,based solely on a finding of safety,Denial
Other/Unspecified,"later reviewed under the drug efficacy study implementation program, and certain indications were found to be effective (36 fr 18115, september 9, 19",Denial
Other/Unspecified,"our review of this information and for the reasons described below, the petition is denied",Denial
Other/Unspecified,"sification of a product as a drug, biological product, device, or a combination product",Denial
Procedural Issue,"adopted regulations implementing sections 503(g) and 563 of the fd&c act, codified in part 3 (21 cfr part 3)",Denial
Other/Unspecified,will not be therapeutically equivalent to the rld that serves as the basis for the fetition,Denial
Other/Unspecified,delegated this authority to the commissioner of food and drugs,Denial
Other/Unspecified,"ons explained below, fda is denying your requests under 21 cfr § 10",Denial
Other/Unspecified,sessment (ea) and finding of no significant impact (fonsi) for the proposed trial in key haven does not require fda to complete an eis under the natio,Denial
Other/Unspecified,"are approved under section 505(c) of the federal food, drug, and cosmetic act (fd&c act) (21 u",Denial
Other/Unspecified,well as other conforming amendments,Denial
Other/Unspecified,"more inorganic phosphates are being added to packaged foods as anti-caking agents, stabilizers, leavening agents, and acidifiers (petition at pages 1",Denial
Other/Unspecified,"serts that this level ""is twice the recommended amounr (petition at page i)",Denial
Other/Unspecified,"presented in the following study: chang r, lazo m, et al",Denial
Other/Unspecified,sociated with all-cause mortality: results from nhanes iii,Denial
Bioequivalence Demonstrated,sess bioequivalent to the rld); § 314,Denial
Other/Unspecified,"a pk study measures the rate and the extent to which the drug is delivered to biological fluids (generally the bloodstream), a pd study measures effe",Denial
Other/Unspecified,sociated with the delivery of the active ingredient to the site of action,Denial
Sufficient Evidence,"issued a draft guidance for industry recommending generally that when it is not possible to use in vivo pk studies, in vivo pd effect studies, or in",Denial
Other/Unspecified,"causes and clinical presentations vary among patients with ibs-c, treatment for this condition is individualized and focuses on symptom relief",Denial
Other/Unspecified,"ons explained below, your petition is denied",Denial
Other/Unspecified,sociated with some oral moisturizer products in the marketplace,Denial
Sufficient Evidence,well as other available information leads us to conclude that there is insufficient evidence that use of oral moisturizers with a ph below a certain,Denial
Other/Unspecified,increased caries or soft tissue damage,Denial
Other/Unspecified,"ed dental caries/disease, you have not provided data to demonstrate that use of these products increases the incidence or prevalence of 1 petition at",Denial
Sufficient Evidence,insufficient evidence that use of oral moisturizers with a ph below a certain threshold is likely to result in oral pathologies such as increased car,Denial
Other/Unspecified,a request to revoke the licensing of hemlibra,Denial
Other/Unspecified,es of tma (petition at 1),Denial
Other/Unspecified,es of tma occurred when patien,Denial
Other/Unspecified,"ed on our review of this information, and for the reasons described below, the petition is denied",Denial
Other/Unspecified,"our review of this information, and for the reasons described below, the petition is denied",Denial
Bioequivalence Demonstrated,sess bioequivalent to the rld); § 314,Denial
Other/Unspecified,"a pk study measures the rate and the extent to which the drug is delivered to biological fluids (generally the bloodstream), a pd study measures effe",Denial
Other/Unspecified,sociated with the delivery of the active ingredient to the site of action,Denial
Sufficient Evidence,"issued a draft guidance for industry recommending generally that when it is not possible to use in vivo pk studies, in vivo pd effect studies, or in",Denial
Sufficient Evidence,is for our determination that the strength of the evidence does not show that the consumption of imo has a physiological effect that is beneficial to,Denial
Other/Unspecified,"""a prebiotic effect, exhibiting the properties of retaining moisture, and producing a bulking effect"" (petition at page 1 )",Denial
Sufficient Evidence,is for our determination that the strength of the evidence does not show that the consumption of imo has a physiological effect that is beneficial to,Denial
Sufficient Evidence,"physiological effects that are beneficial to human health based on evidence you submitted that ""evaluated the relationship between imo consumption an",Denial
Procedural Issue,a citizen petition (21 cfr 10,Denial
Sufficient Evidence,"evidence you submitted that ""evaluated the relationship between imo consumption and laxation and/or blood cholesterol"" (petition at page 3)",Denial
Sufficient Evidence,"sification of pharmaceutical co-crystals (april 2013) for a co-crystal, based on orthogonal spectroscopic characterization data, evidence of dissociat",Denial
Other/Unspecified,ed on the iupac gold book definition: a molecular entity formed by loose association involving two or more molecular entities (ionic or neutral); bond,Denial
Sufficient Evidence,"orthogonal spectroscopic characterization data, evidence of dissociation in vivo, and the non-ionic interactions between the individual components",Denial
Other/Unspecified,the iupac gold book definition: a molecular entity formed by loose association involving two or more molecular entities (ionic or neutral); bonding i,Denial
Other/Unspecified,well as other relevant information,Denial
Other/Unspecified,"ons set forth below, your petition is denied",Denial
Other/Unspecified,"approved on november 22, 2002 (nda 021498), and july 21, 2004 (nda 021497)",Denial
Other/Unspecified,trointestinal (gi) tract,Denial
Other/Unspecified,e (adpkd)” (petition at 1),Denial
Other/Unspecified,"ons set forth below, your petition is denied",Denial
Other/Unspecified,"e on april 23, 2018, fda approved jynarque (tolvaptan) tablets, 15, 30, 45, 60, and 90 mg,1 under new drug application (nda) 204441",Denial
Other/Unspecified,e characterized by the presence of numerous fluid-filled kidney cysts,Denial
Other/Unspecified,well as other complications,Denial
Other/Unspecified,"e has been reported to affect 300,000 to 600,000 patients in the united states; however, the clinical course of disease is variable, and the prevalenc",Denial
Other/Unspecified,e is not well understo,Denial
Safety Established,fda the drug can be safely used only if distribution or use is restricted,Denial
Other/Unspecified,"ed on our review of these materials, and for the reasons stated below, your petition is denied",Denial
Other/Unspecified,s of drugs that treat conditions of the upper gastrointestinal (gi) tract by specifically inhibiting gastric acid secretion,Denial
Other/Unspecified,"s, including combination products: prilosec, prilosec otc, prevacid, protonix, aciphex, nexium, dexilant, vimovo (combination product), talicia (combi",Denial
Other/Unspecified,"our review of these materials, and for the reasons stated below, your petition is denied",Denial
Other/Unspecified,it is inconsistent with the provisions of section 505g of the fd&c act governing deemed final orders,Denial
Other/Unspecified,"a baseline status that, as of the date of enactment of the cares act, drugs that satisfy requirements described in section 505g(a)(1) or (2) are deem",Denial
Other/Unspecified,e under section 201(p)(1) of the fd&c act (21 u,Denial
Other/Unspecified,other relevant data available to the agency,Denial
Other/Unspecified,"ed on our review of these materials and for the reasons described below, the petition is denied as to your first request",Denial
Other/Unspecified,conducted the requested investigation; the results of that investigation are described in section ii,Denial
Other/Unspecified,"al form of diazepam: 1 neurelis, inc",Denial
Other/Unspecified,"our review of these materials and for the reasons described below, the petition is denied as to your first request",Denial
Other/Unspecified,"an api, irrespective of the type of manufacturing process used",Denial
Other/Unspecified,"e of sitagliptin, an enzyme is usually used to introduce a chiral amine group in the synthesis of the starting material or intermediate for the api",Denial
Safety Established,"sifies as therapeutically equivalent, and thus substitutable, those products that are (1) approved as safe and effective, (2) pharmaceutically equival",Denial
Other/Unspecified,"ons explained below, we deny your petition",Denial
Other/Unspecified,set forth in section 503(b )(1) of the fd&c act (2 1 u,Denial
Other/Unspecified,of its toxicity or other potentiality for harmful effect,Denial
Other/Unspecified,ures necessary to its use,Denial
Other/Unspecified,"ons discussed below, we are denying the petition",Denial
Other/Unspecified,well as other bases for withdrawal,Denial
Safety Established,"ed on a finding by fda that the device is unsafe or ineffective under the conditions ofuse prescribed, recommended, or suggested in the labeling",Denial
Safety Established,"a finding by fda that the device is unsafe or ineffective under the conditions ofuse prescribed, recommended, or suggested in the labeling",Denial
Safety Established,no per se requirement under the statute for the agency to evaluate the safety of a device,Denial
Other/Unspecified,"your request indicates, 21 usc 360hh et seq",Denial
Other/Unspecified,promulgated several perfonnance standards for such products pursuant to this authority,Denial
Other/Unspecified,semblers and users ofthese products,Denial
Other/Unspecified,"semblers for diagnostic x-ray systems,"" available at http://www",Denial
Other/Unspecified,ed in a rnisunderstii~~ding of the status of the device,Denial
Other/Unspecified,a i'ecsana epi-no birth trainer,Denial
Other/Unspecified,a pelvic floor muscle exerciser intended fbr use in birth preparation,Denial
Other/Unspecified,"t huntington drive suite 101 monrovia, california 91016 re: docket no",Denial
Procedural Issue,"nutritional product, fda's statutes, regulations and guidance documents do not expressly",Denial
Other/Unspecified,"well as the supplements you submitted dated november 9, 2007, december 6 and 12, 2007, march 21, 2008, september 12 and 17, 2008, june 12,2009, may 2",Denial
Other/Unspecified,"ons stated below, your petition is denied",Denial
Other/Unspecified,fluosilicic acid appears on all registries of toxic substances (petition at 1-2),Denial
Other/Unspecified,"vice-president, finance and administration and later as president and ceo of bella cucina until you resigned",Denial
Procedural Issue,"ons explained below, we are denying the specific request made in your 1 this use matches the definition in our food labeling regulations (21 cfr101",Denial
Other/Unspecified,"""gluten-free"" must ensure that the foods meet certain criteria",Denial
Other/Unspecified,", when combined with your requested action, your definition would seem to require gluten labeling statements on drug products triggered, for example,",Denial
Other/Unspecified,"highly processed to remove gluten, such as distilled ethanol) if the ingredient is present in the finished drug product above 20 ppm, even if gluten",Denial
Other/Unspecified,encompassing a labeling requirement triggered by the presence of gluten (as defined in § i 0 1,Denial
Procedural Issue,in accordance with title 21 of the code offederal regulations (cfr) 10,Denial
Procedural Issue,"ons discussed below, we are denying the petition in accordance with title 21 of the code offederal regulations (cfr) 10",Denial
Procedural Issue,"of your petition, and for the reasons discussed below, we are denying the petition in accordance with title 21 of the code offederal regulations (cfr",Denial
Other/Unspecified,genzyme failed to act with due diligence during some or all ofthe regulatory review period,Denial
Other/Unspecified,ks that: ( 1) fda conduct an investigation into the due diligence of applicant genzyme regarding the drug marketed under the name cerdelga; (2) fda de,Denial
Other/Unspecified,requested by genzyme; [and) (4) fda recommend to the [united states] patent and trademark office [uspto] that genzyme's patent [term] extension reque,Denial
Other/Unspecified,es and other areas of unmet medical need,Denial
Other/Unspecified,"ons stated below, but are taking other actions with respect to 1,4-dioxane in cosmetics",Denial
Insufficient Evidence,"a contaminant in cosmetic products and the lack of data demonstrating that any detectable concentration of 1,4-dioxane would render a cosmetic injuri",Denial
Other/Unspecified,"your citizen petition notes, 1,4-dioxane is a potential human carcinogen' that is not used as a cosmetic ingredient; rather, it is a contaminant that",Denial
Other/Unspecified,a byproduct during the manufacturing of certain cosmetic ingredients,Denial
Other/Unspecified,onably anticipated to be a human carcinogen,Denial
Insufficient Evidence,"the cun-ent data on levels of 1,4-dioxane as a contaminant in cosmetic products and the lack of data demonstrating that any detectable concentration",Denial
Other/Unspecified,e priority review voucher list,Denial
Other/Unspecified,"es like sickle cell disease that impact patients from predominantly under-served, and marginalized populations",Denial
Other/Unspecified,"ons explained below, your petition is denied",Denial
Other/Unspecified,e product applications that meet certain criteria,Denial
Other/Unspecified,"e,” defined in section 524(a)(3) of the fd&c act as any of the following: (a) tuberculosis",Denial
Sufficient Evidence,"sert that medical studies have shown adverse health effects slich as asthma, hives, and attention deficit- hyperactivity disorder, arc associated with",Denial
Other/Unspecified,somc consulllers are unaware they are allergic to fd&c yellow no,Denial
Other/Unspecified,sert that the approval of fd&c yellow no,Denial
Other/Unspecified,one of tile chemicals used in making the color additive is a carcinogen and fda's color additive anticancer (delaney) clause has a zero tolerance for,Denial
Other/Unspecified,sertions as support for your request for fda to announce enforcement action against restaurants that do not provide certain labeling related to the pr,Denial
Other/Unspecified,"sert that the term ""labeling"" as defined in section 201(m) of the federal food, drug and cosmetic act (the act) (21 u",Denial
Other/Unspecified,"well as signs, placards, and posters, (and cite to public citizen, inc",Denial
Other/Unspecified,"sert that the presence of trans fat in restaurant food is material information, within the meaning of section 201(n) of the act (21 u",Denial
Other/Unspecified,"the presence of trans fat is ""largely unknowable by the consumer and can h",Denial
Other/Unspecified,"which fda may refuse to approve an application, including if ""[t]he drug product's proposed labeling does not comply with the requirements for labels and labeling in part 201"" (21 cfr 314",Denial
Other/Unspecified,part of the nda approval process,Denial
Other/Unspecified,"on of ""[d]esignation of a drug or ingredient by a proprietary name that, because of similarity in spelling or pronunciation, may be confused with the",Denial
Other/Unspecified,"ons for which fda may refuse to approve an application, including if ""[t]he drug product's proposed labeling does not comply with the requirements for",Denial
Other/Unspecified,"ons discussed below, your petition is denied",Denial
Other/Unspecified,originally assigned docket number 2005p-0423/cp 1,Denial
Procedural Issue,a result offda's transition to its new docketing system (regulations,Denial
Other/Unspecified,ed on data described in fda's pharmacology review of the xenical nda' and a recent study in rats that reported an association between orlistat and an,Denial
Other/Unspecified,"ed incidence of colonic aberrant crypt foci (acf),~ which you describe as a precursor of colon cancer",Denial
Other/Unspecified,"t and colon cancer"" (petition at 10)",Denial
Other/Unspecified,"well as the comments on the petition submitted by a private citizen on may 22,2006, and by hoffman-la roche inc",Denial
Other/Unspecified,"ons described in detail in this response, we deny your requests that fda immediately remove xenical from the market and that fda not approve an otc fo",Denial
Other/Unspecified,"with all fda-approved products, fda will continue to m",Denial
Other/Unspecified,data described in fda's pharmacology review of the xenical nda' and a recent study in rats that reported an association between orlistat and an incre,Denial
Other/Unspecified,concluded the review of ortho-mcneil's supplemental new drug application (nda) for labeling information on the use of an overlay system in connection,Denial
Other/Unspecified,"signed docket numbers 2006p-0123/cpl and supl, sup2, sup3, sup4, and psa",Denial
Procedural Issue,changed to fda-2006-p-0329 as a result of fda's transition to its new docketing system (regulations,Denial
Other/Unspecified,"e opioid drugs forbidding the concurrent consumption of alcohol due to the known pharmacodynamic interaction, and include in the ""clinical pharmacolog",Denial
Sufficient Evidence,ed on the results of required in vitro and in vivo interaction studies (4) consider whether the study results are adequate to support approval of the,Denial
Sufficient Evidence,the results of required in vitro and in vivo interaction studies (4) consider whether the study results are adequate to support approval of the ndaan,Denial
Other/Unspecified,thoroughly :reviewed ·the,Denial
Other/Unspecified,ons discussed below;,Denial
Other/Unspecified,soon as it is submitted,Denial
Safety Established,"provenge, as soon as they are shown to be safe and effective",Denial
Other/Unspecified,a long history of permitting access to investigational drugs to treat serious and immediately life-threatening diseases without adequate available th,Denial
Insufficient Evidence,es who lack other therapeutic options,Denial
Already Addressed/Moot,stated that it will provide patients access to provenge through its existing on-going clinical trial programs and that 1 we note that there has been,Denial
Other/Unspecified,that there has been previous correspondenc,Denial
Other/Unspecified,delisted before teva submitted anda 76-228 to fda,Denial
Other/Unspecified,"ons described in further detail in this response, we deny your request that fda relist the '952 patent",Denial
Other/Unspecified,"teva's anda did not contain a paragraph iv certification for a listed patent, and teva did not provide the required see docket no",Denial
Other/Unspecified,"added by the food and drug administration amendments act of 2007 (public law 110-85) (fdaaa) on september 27,2007",Denial
Other/Unspecified,such supplement would be subject to pfizer's pediatric exclusivity for amlodipine,Denial
Other/Unspecified,well as the comments filed in the docket,Denial
Other/Unspecified,"ons stated in this response, the petition and psa are denied",Denial
Other/Unspecified,"submitted pursuant to section 505(b)(1) of the federal food, drug, and cosmetic act (fdca or the act) (21 u",Denial
Sufficient Evidence,"a ""stand alone"" nda, in that the sponsor either had conducted all of the studies essential to approval of the application or h",Denial
Sufficient Evidence,using standard clozapine tablets demonstrated no food effect,Denial
Other/Unspecified,"established in a randomized, open-label, multiple-dose, two-way crossover study using the highest dose of fazaclo odts and clozaril (then 100 mg) in",Denial
Other/Unspecified,"ed after a high-fat meal, auc values did not change",Denial
Other/Unspecified,"administered to healthy volunteers under 3 agranulocytosis is a condition in which the bone marrow ceases to make white blood cells, which are necess",Denial
Other/Unspecified,such supplement would be subject to pfizer's pediatric exclusivity for amlodipine,Denial
Other/Unspecified,well as the comments filed in the docket,Denial
Other/Unspecified,"ons stated in this response, the petition and psa are denied",Denial
Other/Unspecified,"submitted pursuant to section 505(b)(1) of the federal food, drug, and cosmetic act (fdca or the act) (21 u",Denial
Sufficient Evidence,"a ""stand alone"" nda, in that the sponsor either had conducted all of the studies essential to approval of the application or had",Denial
Procedural Issue,"described below, since 1985 fda has applied the fd&c act and the prescription drug advertising regulations 4 to both professional and consumer-direct",Denial
Other/Unspecified,"recipients of drug promotion, including differences in medical and pharmaceutical expertise, perception of pharmaceutical claims, and information pro",Denial
Other/Unspecified,originally assigned docket number 2007p-0065/cp1,Denial
Other/Unspecified,"of your petition and submitted materials, we deny your request for the reasons discussed below",Denial
Other/Unspecified,"e note that late, untimely filed objections will not be considered",Denial
Other/Unspecified,"tern time at the end of may 15, 2023",Denial
Other/Unspecified,the scientific laboratory products ltd,Denial
Safety Established,onable assurance of the safety and effectiveness of the devices,Denial
Other/Unspecified,is for the agency's decision,Denial
Other/Unspecified,"sification and reclassification of devices under the medical device amendments of 1976 (the 1976 amendments) the federal food, drug, and cosmetic act",Denial
Safety Established,"amended by the 1976 amendments (public law 94-295), the safe medical devices act of 1990 (smda) (public law 101-629), and the food and drug administr",Denial
Other/Unspecified,oxycontin is the only extended-release oxycodone drug product designated as a reference listed drug (rld) (petition at 4),Denial
Other/Unspecified,"sert that the drug product most similar to remoxy is oxycontin, and these two drug products are similar with respect to active ingredient, strength, e",Denial
Other/Unspecified,"sert that tylox (acetaminophen, oxycodone hc1) capsules cannot serve as the rld and remoxy cannot rely on roxicodone sr for the reasons you describe o",Denial
Other/Unspecified,"e oxycodone drug product were submitted as a 505(b)(1) application, that fda ensure any such application contain full reports of investigations demons",Denial
Other/Unspecified,"sert that based on publicly available information as described in the petition, it does not appear that there is suf",Denial
Other/Unspecified,"publicly available information as described in the petition, it does not appear that there is suf",Denial
Safety Established,fda believes the current labeling for benzodiazepine products contains the essential scientific information needed for the safe and effective use of,Denial
Other/Unspecified,"discussed below in section ii of this response, your requests are denied",Denial
Other/Unspecified,approved by fda for marketing in the early 1960s,Denial
Other/Unspecified,"other classes of psychotropic drugs can require weeks or months of use to effectively treat the symptoms of anxiety, benzodiazepines have a short ons",Denial
Other/Unspecified,"sified, based on their elimination ha",Denial
Other/Unspecified,their elimination ha,Denial
Other/Unspecified,"ons stated below, we deny your request",Denial
Other/Unspecified,"e law, the agency may approve an anda for a pregabalin product whose labeling omits or carves out either the seizure indication or the pain-related in",Denial
Other/Unspecified,) (held by pfizer inc,Denial
Other/Unspecified,"were approved for management of neuropathic pain associated with diabetic peripheral neuropathy and management of postherpetic neuralgia, respectivel",Denial
Other/Unspecified,adjunctive therapy for adult patients with partial onset seizures (seizure indication),Denial
Other/Unspecified,"and 505(b )(2) ndas, andas, and other applications, to ensure that a manufacturer has in place adequate controls to prevent and detect cross-contamin",Denial
Other/Unspecified,the agency conducts postapproval inspections to ensure continued compliance with cgmps,Denial
Already Addressed/Moot,"stated previously, fda's current thinking regarding cleaning level and validation expectations are already described in several guidance documents",Denial
Premature/Pending Action,"that fda already reviews all pending applications, including 505(b)(1) ndas and 505(b )(2) ndas, andas, and other applications, to ensure that a manu",Denial
Other/Unspecified,"ed on our review of these materials and for the reasons described below, your petition is denied",Denial
Other/Unspecified,"e product, with a postapproval requirement to comply with the new dual scoring configuration of the reference listed drug product (rld) when it conduc",Denial
Other/Unspecified,"used in this response, the term generic drug refers to a new drug product for which approval is sought in an anda submitted under section 5050) of th",Denial
Other/Unspecified,s antimicrobial indicated for the treatment ofthe following:,Denial
Other/Unspecified,"our review of these materials and for the reasons described below, your petition is denied",Denial
Other/Unspecified,"the nda holder conducted new clinical investigations essential to the prevacid otc approval, the nda holder received 3-year exclusivity,2 which expir",Denial
Other/Unspecified,part of the application review process,Denial
Other/Unspecified,"approved on march 24,2005",Denial
Other/Unspecified,approved under the same nda in 2010,Denial
Other/Unspecified,"a sterile, aqueous eye drop",Denial
Other/Unspecified,sociated with its ability to block prostaglandin synthesis by inhibiting cylo-oxygenase (cox) 1 and 2,Denial
Other/Unspecified,approved through a s,Denial
FDA Agrees/Warrants Action,it would be premature and inappropriate to do so at this time,Denial
Other/Unspecified,pect of an anda or nda before the agency has had an opportunity either to fully consider specific data and information in such an application or to pr,Denial
Other/Unspecified,described in section i,Denial
Other/Unspecified,"made no final determination with respect to whether, or on what basis, to approve or not approve any andas or 505(b)(2) ndas for an iron sucrose inje",Denial
Other/Unspecified,consideration ofthe issues r,Denial
FDA Agrees/Warrants Action,"ons stated below, your petition is denied without comment on whether we will agree to undertake the actions that you request",Denial
Other/Unspecified,"purdue learned that king had filed a 505(b)(2) application for remoxy in lune 2008, and purdue had not received notice under section 505(b)(3) of the",Denial
Other/Unspecified,e) tablets (nda 20-553),Denial
Other/Unspecified,not necessary to certify to purdue's patents because the nda had referenced another approved oxycodone product as the listed drug relied on to suppor,Denial
Other/Unspecified,"serts that, because of this exclusivity, ""an anda and 505(b )(2) applicant cannot include the protected jupiter trial data associated with the diabete",Denial
Other/Unspecified,"sociated marketing exclusivity period expires on february 8, 2013"" (petition at 7)",Denial
Other/Unspecified,"trazeneca further notes that ""if fda were to permit a generic or 505(b)(2) drug product to omit (this diabetes related warning and adverse reaction j",Denial
Other/Unspecified,"t aurora road, unit b7 twinsburg, oh 44087 re: citizen petition – docket number fda-2012-p-0153 dear ms",Denial
Other/Unspecified,an accredited person for 510(k) review under the fda modernization act of 1997 without due process,Denial
Other/Unspecified,"an accredited person and the resumption of their [intertek’s] contracted responsibilities to biophotas, a premarket notification sponsor",Denial
Other/Unspecified,carefully considered the issues raised in your petition and other information before the agency,Denial
Other/Unspecified,"ons described below, we are denying your request",Denial
Other/Unspecified,carefully reviewed the information in your petition,Denial
Other/Unspecified,"ons set forth below, your petition is denied",Denial
Other/Unspecified,not approved avastin for the treatment of wet (neovascular) macular degeneration,Denial
Other/Unspecified,a dietary supplement and has not been approved as a drug,Denial
Other/Unspecified,"cular endothelial growth factor (vegf) drugs such as a vastin and lucentis fail to treat macular degeneration in some patients, but resveratrol addres",Denial
Other/Unspecified,successor in interest to lorillard,Denial
Other/Unspecified,"a petition for reconsideration in its header, but identifies as the authority for the submission 21 c",Denial
Other/Unspecified,"that the petition is titled as a petition for reconsideration in its header, but identifies as the authority for the submission 21 c",Denial
Other/Unspecified,two drug products of different strength cannot both be identical in all aspects of composition and conditions of use to a single predicate drug produ,Denial
Other/Unspecified,"on, we use the plural term ""lannett's cocaine hcl products"" throughout this response",Denial
Other/Unspecified,"of its high potential for abuse, cocaine is a controlled substance in schedule ii ofthe controlled substances act (csa), 21 u",Denial
Other/Unspecified,an active ingredient,Denial
FDA Agrees/Warrants Action,"that we agree with your statement on page 15 of the petition that '""grandfather' status does not mean a product is unregulated",Denial
Other/Unspecified,of differences approved under a petition filed under [section 505(j)(2)(c) of the act] or because the new drug and the listed drug are produced or di,Denial
Other/Unspecified,"the labeling approved for the reference listed drug, except for changes required because of differences approved under a petition filed under§ 314",Denial
Other/Unspecified,the drug product and the reference listed drug are produced or distributed by different manufacturers,Denial
Other/Unspecified,the generic drug product and the rld are produced or distributed by different manufacturers,Denial
Other/Unspecified,"purdue's nda should have been filed under section 5050) as an abbreviated new drug application (""anda'') citing [oxa ydo] as the reference listed dru",Denial
FDA Agrees/Warrants Action,"appropriately submitted under a 505(b )(2) nda, refuse to accept the purdue nda for filing, or rescind any acceptance for filing thereof, pursuant to",Denial
Other/Unspecified,a 3 see http://www,Denial
Other/Unspecified,"been present in the labeling since the product was initially approved on june 7, 2011",Denial
Already Addressed/Moot,of exclusivity or an existing patent may be omitted,Denial
Other/Unspecified,the labeling approved for the listed drug,Denial
Other/Unspecified,of differences approved under a petition filed under [section 505(j)(2)(c) of the act] or because the new drug and the listed drug are produced or di,Denial
Other/Unspecified,the generic drug product and the rld are produced or distributed by different manufacturers,Denial
Other/Unspecified,"of""the similarity in the underlying facts between razadyne er and fusilev",Denial
Other/Unspecified,"carefully considered the information submitted in your petition, as well as additional relevant information available to the agency",Denial
Other/Unspecified,"ons set forth below, your requests are denied",Denial
Sufficient Evidence,the single adequate and well-controlled clinical trial reported in the application cannot satisfy the substantial evidence of effectiveness re~uireme,Denial
Other/Unspecified,ons the nda should not be accepted,Denial
Other/Unspecified,"ons stated below, the petition is denied without comment on whether we will take the actions that you request",Denial
Other/Unspecified,provided in your petition for our review which is required under § i 0,Denial
Safety Established,"safe by qualified experts (gras), (2) a dietary ingredient in a dietary supplement, and (3) prior sanctioned",Denial
Other/Unspecified,"ons explained below, the use of phthalates as excipients in dietary supplement would need to comply with the pre-market approval requirements for food",Denial
Other/Unspecified,excipients in dietary supplements is not exempt from the statutory definition of a food additive and therefore requires approval for u,Denial
Other/Unspecified,no authorization for this use,Denial
Other/Unspecified,"well as a november 25, 2014, comment submitted to the docket by momenta (momenta comment)",Denial
Other/Unspecified,"ons described below, the petition is denied",Denial
Other/Unspecified,"it is important to regulate phosphorus intake in individuals with renal impairment, particularly those with hyperphosphatemia (petition at 3)",Denial
Other/Unspecified,"a constituent of the inactive ingredients, obtained both generic and branded samples of the drugs, and sent samples to a laboratory for measurement o",Denial
Other/Unspecified,sociation of analytical communities (aoac) official method 984,Denial
Other/Unspecified,"parenteral products with low ph levels are known to increase the risk of clinically significant adverse events, including thrombophlebitis, pain, and",Denial
Other/Unspecified,a ph that is less than or equal to 3,Denial
Other/Unspecified,aloxi has a more neutral ph range of 4,Denial
Other/Unspecified,these patients have complications and co-morbidities that make them more sensitive to the types of adverse events associated with 1owph products (pet,Denial
Other/Unspecified,"the april 2015 petition; however, as you indicate, the present petition also addresses comments to docket no",Denial
Other/Unspecified,", at that time, the agency had not made a fmal decision on the approvability of any anda for bendamustine hydrochloride",Denial
Other/Unspecified,"that reference treanda as the rld for the treatment ofcll, without approval for the treatment o",Denial
Other/Unspecified,"you are a requestor, as defined in section 505g(q)(3) of the fd&c act and your petition requests a type of relief that could be sought under an omor",Denial
Other/Unspecified,e note that information about the omor process is available on fda’s website2 should you pursue that process for your request,Denial
Other/Unspecified,ked questions available via the otc monographs@fda portal at https://dps,Denial
Other/Unspecified,"reviewed and approved the labeling of the two biosimilar products licensed in the united states, zarxio (filgrastim-sndz) and lnflectra (infliximab-d",Denial
Other/Unspecified,"is, and they should not be understood to reflect a broader policy on how biosimilar products should be labeled",Denial
Other/Unspecified,part of the patient protection and affordable care act (affordable care act) (pub,Denial
Premature/Pending Action,"the treanda nda for the cll indication (nda 022249) was pending when cephal on submitted its application supporting the inhl indication, the inhl app",Denial
Other/Unspecified,considered a second nda rather than a supplement and was assigned nda 022303,Denial
Other/Unspecified,"were approved, the ndas were merged under nda 022249",Denial
Other/Unspecified,"ed, resulting in fewer red blood cells, white blood cells, and platelets",Denial
Other/Unspecified,been further updated since the product was approved for the inhl indic,Denial
Other/Unspecified,"the proposed product's high concentration of active ingredient compared to the reference product, aloxi, creates an unacceptable and unnecessary risk",Denial
Other/Unspecified,therapeutically equivalent to aloxi due to the difference in concentration between the products,Denial
Safety Established,"grounds for your requests, you state that differences between exela's proposed product and aloxi raise significant safety and effectiveness issues; i",Denial
Safety Established,"safe ('gras') for human consumption""; and promulgate regulations that state that (i) aquadvantage salmon and all components of such salmon are food a",Denial
Other/Unspecified,"ons set forth below, your petition is denied without comment on whether we will take the actions you request",Denial
Other/Unspecified,"e tablets) in dosage strengths of 10, 20, and 40 milligrams (mg) in december 1995",Denial
Other/Unspecified,the first extended-release oxycodone product approved by the agency,Denial
Other/Unspecified,original oxycontin),Denial
Other/Unspecified,designed to be administered every 12 hours,Denial
Other/Unspecified,"often abused by manipulating the product to defeat its extended-release mechanism, causing the oxycodone to be released more rapidly",Denial
Other/Unspecified,described in the petition; • “[a]ny [anda] application for a product referencing abraxane have,Denial
Other/Unspecified,"abraxane, except as allowed under 21 c",Denial
Other/Unspecified,"carefully reviewed the information in your petition and the other correspondence posted to the docket, and we deny your requests for the reasons disc",Denial
Safety Established,"er systems for lasik surgery as class iii devices, which are subject to premarket approval to provide a reasonable assurance of their safety and effec",Denial
Safety Established,onable assurance of safety and effectiveness” by weighing any probable benefit to health from use of the device against any probable risk of injury or,Denial
Other/Unspecified,"mentioned in your petition,9 in october 2009 fda launched the lasik quality of life collaboration project (lqolcp)",Denial
Other/Unspecified,"the persons for whose use the device is represented or intended and the conditions of use for the device prescribed, recommended, or suggested in the",Denial
Other/Unspecified,"carefully reviewed the information in your petition and the other correspondence posted to the docket, and we deny your requests for the reasons disc",Denial
Safety Established,"er systems for lasik surgery as class iii devices, which are subject to premarket approval to provide a reasonable assurance of their safety and effec",Denial
Safety Established,onable assurance of safety and effectiveness” by weighing any probable benefit to health from use of the device against any probable risk of injury or,Denial
Other/Unspecified,"mentioned in your petition,9 in october 2009 fda launched the lasik quality of life collaboration project (lqolcp)",Denial
Other/Unspecified,"the persons for whose use the device is represented or intended and the conditions of use for the device prescribed, recommended, or suggested in the",Denial
Other/Unspecified,""" the epipen auto-injector",Denial
Other/Unspecified,"ons stated below, the petition is denied without comment on whether we will take the actions you request",Denial
Other/Unspecified,"reviewed and approved the labeling of the two biosimilar products licensed in the united states, zarxio (filgrastim-sndz) and lnflectra (infliximab-d",Denial
Other/Unspecified,"is, and they should not be understood to reflect a broader policy on how biosimilar products should be labeled",Denial
Other/Unspecified,part of the patient protection and affordable care act (affordable care act) (pub,Denial
Other/Unspecified,"sert that all tf a are harmful, regardless of their origin, and therefore, you argue that our declaratory order is arbitrary and capricious and in vio",Denial
Other/Unspecified,our action does not apply to all sources of tf a,Denial
Safety Established,safe (gras) page 2 - neal d,Denial
Other/Unspecified,"reviewed and approved the labeling of the two biosimilar products licensed in the united states, zarxio (filgrastim-sndz) and lnflectra (infliximab-d",Denial
Other/Unspecified,"is, and they should not be understood to reflect a broader policy on how biosimilar products should be labeled",Denial
Other/Unspecified,part of the patient protection and affordable care act (affordable care act) (pub,Denial
Other/Unspecified,the reference listed drug (rld),Denial
Bioequivalence Demonstrated,"ks fda to adopt the following criteria as part of the bioequivalence demonstration: (1) applicants should measure pauc at 0-tmax and tmax-t, in additi",Denial
Other/Unspecified,"ons stated below, your petition is denied",Denial
Other/Unspecified,e antiepileptic drug approved for use as an adjunctive therapy in the treatment of partial seizures in,Denial
Sufficient Evidence,"it ""does not satisfy the substantial evidence of effectiveness requirement prescribed in section 505(b )(1 )(a)"" of the federal food, drug, and cosme",Denial
Other/Unspecified,"carefully reviewed your petition1 and supplements submitted by your counsel dated july 29, 2015 (otsuka supplement 1); august 5, 2015 (otsuka supplem",Denial
Other/Unspecified,"ons described above, the petition is denied",Denial
FDA Agrees/Warrants Action,application as appropriate,Denial
Other/Unspecified,part of the application review process,Denial
Other/Unspecified,is indication from the product's labeling,Denial
Other/Unspecified,the drug price competition and patent term restoration act of 1984 (public law 98-417) (the hatch- waxman amendments) created section 505(j) of the f,Denial
Other/Unspecified,the reference listed drug [(rld)],Denial
Safety Established,"sociated delivery device collectively provide for"" specified features that the petition asserts are ""necessary for the safe and effective administrati",Denial
Other/Unspecified,"sign a bx rating to follow-on inhaled nitric oxide/nods products, indicating that the products are not therapeutically equivalent to the combination p",Denial
Safety Established,it proposes use of a drug delivery device that lacks certain important safety features provided by the delivery devi,Denial
Other/Unspecified,the information that you have placed before the agency makes your patent use code for ' 130 patent uninterpretable? based on statements in your petit,Denial
Other/Unspecified,"t interpretable patent use code submitted for the ' 130 patent, which is the use code submitted before depomed's september 2015 revisions",Denial
FDA Agrees/Warrants Action,"statements in your petition, fda believes that depomed might misunderstand fda's regulations and practice regarding appropriate use codes",Denial
Other/Unspecified,"e, but not buffer release stages",Denial
Other/Unspecified,increased acid resistance,Denial
Other/Unspecified,"e doryx mpc strength with the eq 100 mg base doryx 3 see doryx labeling, available at https://labels",Denial
Other/Unspecified,ed in vitro acid resistance and therefore contain more of the active ingredient to account for reduced bioavailability,Denial
Other/Unspecified,e and eq 120 mg base doryx mpc strengths have comparative bioavaila,Denial
Other/Unspecified,that the eq 60 mg base and eq 120 mg base doryx mpc strengths have comparative bioavaila,Denial
Other/Unspecified,"ons stated below, your petition is denied without comment on whether we will take the actions you request",Denial
Other/Unspecified,o nda tyvaso (treprostinil) inhalation solution is indicated for the treatment of pulmonary arterial hypertension to improve exercise ability,Denial
Other/Unspecified,"o nda includes the tyvaso inhalation system patient starter kit, which contains the tyvaso inhalation system (i",Denial
Other/Unspecified,"onic, pulsed-delivery nebulizer and its accessories) and a 28-day supply oftreprostinil ampules",Denial
Other/Unspecified,"o nda also includes the tyvaso inhalation system refill kit, containing another 28-day supply oftreprostinil ampules and device components that requir",Denial
Other/Unspecified,"o nda includes two additional package presentations: 1) the tyvaso inhalation system institutional starter kit, which contains the tyvaso inhalation s",Denial
Other/Unspecified,"ons stated in section ii of this response, we are denying your petition",Denial
Other/Unspecified,a food additive petition,Denial
Other/Unspecified,"ons stated below, your petition is denied without comment on whether we will take the actions you request",Denial
Other/Unspecified,one propionate (a corticosteroid) and salmeterol (a long-acting beta2-adrenergic agonist) in a powder formulation for oral inhalation,Denial
Other/Unspecified,thma in patients ages 4 years and older and for maintenance treatment of airflow obstruction and reducing exacerbations in patients with chronic obstr,Denial
Other/Unspecified,"one propionate/50 meg salmeterol, 250 meg fluticasone propionate/50 meg salmeterol, and 500 meg fluticasone propionate/50 meg salm",Denial
FDA Agrees/Warrants Action,the agency said “pink eye” was not appropriate for self-diagnosis and nonprescription management,Denial
Other/Unspecified,an changed the name on the product label to “irritated eye relief” and removed all references to “pink eye” and re-launched the product (petition at 1,Denial
Other/Unspecified,an has apparently resumed marketing a product called “pink eye relief,Denial
Safety Established,e- prevention purposes in livestock production because such use is not shown to be safe for human health,Denial
Other/Unspecified,"e-prevention and will have little, if any, impact on the routine use of medically important antimicrobials in livestock production",Denial
Other/Unspecified,"that, although your petition uses the term “antibiotic,” fda’s center for veterinary medicine (cvm) generally uses the broader term “antimicrobial",Denial
FDA Agrees/Warrants Action,it would be premature and inappropriate to do so at this time,Denial
Other/Unspecified,pect of an anda or 505(b )(2) application before the agency has had an opportunity either to fully consider specific data and inf01mation in such an a,Denial
Other/Unspecified,"noted, lilly requests that fda refrain from approving any anda for a teriparatide product 3 ""therapeutic equivalents are approved drug products that",Denial
Safety Established,"been demonstrated, and that can be expected to have the same clinical effect and safety profile when administered to patients under the conditions sp",Denial
Other/Unspecified,"ons stated below, your petition is denied insofar as the agency continues to consider the complex scientific issues you raise and is unable to resolve",Denial
Other/Unspecified,"e capsules (9 milligram (mg), 13",Denial
Safety Established,"es, to assure the safety and rights of subjects, and, in phase 2 and phase 3, to help assure that the quality of the scientific evaluation of drugs is",Denial
Other/Unspecified,drug-device combination products that require review by the center for drug evaluation and research (cder) and the center for devices and radiologica,Denial
Other/Unspecified,"hion • ""(r]efuse to approve an application submitted under section 505 of the federal food, drug and cosmetic act citing inomax as the reference liste",Denial
Safety Established,"sociated delivery device collectively provide for"" specified features that the petition asserts are ""necessary for the safe and effective administrati",Denial
Other/Unspecified,"sign a bx rating to follow-on combination inhaled nitric oxide/nods products, indicating that the products are not therapeutically equivalent to the c",Denial
Other/Unspecified,"ons stated below, your petition is denied without comment on whether we will take the actions you request",Denial
Other/Unspecified,o nda tyvaso (treprostinil) inhalation solution is indicated for the treatment of pulmonary arterial hypertension to improve exercise ability,Denial
Other/Unspecified,"o nda includes the tyvaso inhalation system patient starter kit, which contains the tyvaso inhalation system (i",Denial
Other/Unspecified,"onic, pulsed-delivery nebulizer and its accessories) and a 28-day supply oftreprostinil ampules",Denial
Other/Unspecified,"o nda also includes the tyvaso inhalation system refill kit, containing another 28-day supply of treprostinil ampules and device components that requi",Denial
Other/Unspecified,"o nda includes two additional package presentations: 1) the tyvaso inhalation system institutional starter kit, which contains the tyvaso inhalation s",Denial
Other/Unspecified,"ed on our review of this information and for the reasons described below, the petition is denied",Denial
Other/Unspecified,"submitted through the pathway described in section 505(b)(2) of the federal food, drug, and cosmetic act (fd&c act) (21 u",Denial
Other/Unspecified,sociated with weight 1 e,Denial
Other/Unspecified,"our review of this information and for the reasons described below, the petition is denied",Denial
Other/Unspecified,"s emily marden sidley austin llp 1501 k street, n",Denial
Other/Unspecified,of underlying genetic differences in cyp2d6 activity,Denial
Premature/Pending Action,"of this variability, depending on cyp2d6 activity, patients may be at risk for therapeutic failure (i",Denial
Other/Unspecified,“ultra-rapid metabolizers” metabolize standard doses of codeine into high circulating levels of morphine),Denial
Other/Unspecified,"sified as a poor, normal/intermediate, or ultra-rapid metabolizer",Denial
Other/Unspecified,"no fda-cleared, approved or authorized genetic test for cyp2d6 polymorphisms that is intended for use in making treatment decisions regarding codeine",Denial
Other/Unspecified,"ons stated below, your petition is denied without comment on whether we will take the actions you request",Denial
Other/Unspecified,a radioactive diagnostic agent indicated for the assessment of thyroid function and for thyroid imaging,Denial
Other/Unspecified,"added by section 914 ofthe food and drug administration amendments act of2007 (fdaaa) (public law 110-85, 121 stat",Denial
Safety Established,"amended by the food and drug administration safety and innovation act (public law 112-144, 126 stat",Denial
Other/Unspecified,"ed on our review of these materials, and for the reasons stated below, your petition is denied",Denial
Other/Unspecified,"e caused by chronic inflammation and destruction of the airways and lung parenchyma, and is usually associated with tobacco smoking or u",Denial
Other/Unspecified,e is characterized by progressive airflow obstruction that is sometimes partially reversible with the administration of a bronchodilator,Denial
Other/Unspecified,"e activity and nature of symptomatic impairment experienced by patients varies, the typical symptoms are cough, excess sputum production, and dyspnea",Denial
Other/Unspecified,"ses a spectrum of pulmonary processes, with chronic bronchitis and emphysema as two clearly defined entities within that spectrum",Denial
Other/Unspecified,"our review of these materials, and for the reasons stated below, your petition is denied",Denial
Other/Unspecified,pressing need to devel,Denial
Premature/Pending Action,we had not yet made a final decision on whether or not to approve any such applications,Denial
Other/Unspecified,these earlier citizen petitions,Denial
Other/Unspecified,"ons stated below, your petition is denied without comment on whether we will take the actions you request",Denial
Other/Unspecified,o nda tyvaso (treprostinil) inhalation solution is indicated for the treatment of pulmonary arterial hypertension to improve exercise ability,Denial
Other/Unspecified,"o nda includes the tyvaso inhalation system patient starter kit, which contains the tyvaso inhalation system (i",Denial
Other/Unspecified,"onic, pulsed delivery device and its accessories) and a 28-day supply of treprostinil ampules",Denial
Other/Unspecified,"o nda also includes the tyvaso inhalation system refill kit, containing another 28-day supply of treprostinil ampules and device components that requi",Denial
Other/Unspecified,o nda includes two a,Denial
Other/Unspecified,your current petition makes the same substantive arguments as these earlier citizen petitions,Denial
Premature/Pending Action,"explained below, we deny your petition because fda believes it would be premature to make a determination at this time regarding your specific reques",Denial
Other/Unspecified,e or long-acting (er/la) opioids indicated for long-term use (march 2017 petition),Denial
Other/Unspecified,soon as we have reached a decision on your request,Denial
Other/Unspecified,"s of powerful pain-relieving agents that include oxycodone, hydrocodone, and morphine, among others",Denial
Other/Unspecified,"ons stated below, your petition is denied without comment on whether we will take the actions you request",Denial
Other/Unspecified,one propionate (a corticosteroid) and salmeterol xinafoate (a long-acting beta2-adrenergic agonist) in a powder formulation for oral inhalation,Denial
Other/Unspecified,thma in patients ages 4 years and older and for maintenance treatment of airflow obstruction and reducing exacerbations in patients with chronic obstr,Denial
Other/Unspecified,"submitted on behalf of your clients, atnahs pharma us ltd",Denial
Other/Unspecified,unavailable in the market or was available in such limited quantities that a potential abbreviated new drug application (anda) applicant may not be a,Denial
Other/Unspecified,the new reference standard for,Denial
Other/Unspecified,"ons set forth below, your petition is denied in part and granted in part",Denial
Other/Unspecified,"e/2 ml (eq 10 mg base/ml), which references neoprofen",Denial
Other/Unspecified,"previously held by exela pharma science and is now held by x-gen pharmaceuticals, inc (x-gen)",Denial
Other/Unspecified,"ons 1 apotex first submitted this citizen petition to fda on april 21, 2017 (docket no",Denial
Other/Unspecified,"not be considered because it did not contain the certification required by section 505(q) of the federal food, drug, and cosmetic act (fd&c act)",Denial
Other/Unspecified,"submitted, docket no",Denial
Safety Established,s basis was adopted after the fd&c act was amended in 1962 to require proof of efficacy as well as safety,Denial
Safety Established,"/e, there must be a general consensus of qualified experts that a drug is safe and effective for its intended uses, based on substantial evidence from",Denial
Sufficient Evidence,substantial evidence from adequate and well controlled clinical investigations,Denial
Other/Unspecified,"ons stated below, the petition is denied",Denial
Other/Unspecified,"ed on our review and consideration of these materials, and for the reasons described below, we deny the petitions",Denial
Other/Unspecified,"our review and consideration of these materials, and for the reasons described below, we deny the petitions",Denial
Other/Unspecified,than the agency applied to its review ofnda 208411 for narcan (naloxone hydrochloride) nasal spray (narcan nasal spray) or commit to applying differe,Denial
FDA Agrees/Warrants Action,"than are appropriate under section 5050) of the federal food, drug, and cosmetic act (fd&c act)",Denial
Other/Unspecified,e control and prevention reported that nearly half a million americans died from drug overdoses from 2000 to 2014,Denial
Public Health Benefit,made addressing this public health crisis a top priority,Denial
Other/Unspecified,"e the use of naloxone, a mu-opioid antagonist medication that can reverse the effects of overdose of both prescription opioid drugs and illicit opioid",Denial
Other/Unspecified,of the type or ~uantity of inactive ingredients included or the manner in which the inactive ingredients are included,Denial
Other/Unspecified,the drug product upon which an applicant relies in seeking approval of its anda,Denial
Other/Unspecified,"part of anda content and format, i",Denial
Other/Unspecified,the reference listed drug [(rld)],Denial
Safety Established,"sociated delivery device collectively provide for"" specified features that the petition asserts are ""necessary for the safe and effective administrati",Denial
Other/Unspecified,"sign a bx rating to follow-on inhaled nitric oxide/nods products, indicating that the products are not therapeutically equivalent to the combination p",Denial
Safety Established,it proposes use of a drug delivery device that lacks certain important safety features provided by the delivery device fo,Denial
Other/Unspecified,"e drug delivery systems, including patches, is the assurance of relatively constant drug delivery rates",Denial
Bioequivalence Demonstrated,"described above, fda's regulations define bioequivalence in relevant part as ''the absence of a significant difference in the rate and extent to whic",Denial
Other/Unspecified,no significant difference in the rate and extent to which the active ingredient or active,Denial
Other/Unspecified,made about potential reliance on research involving products other than cyclosporine ophthalmic emulsion in establishing or supporting an in vitro-on,Denial
Other/Unspecified,"onable opportunity for input on fda's contemplated new ""pre-anda program, with a special focus on complex generics",Denial
Other/Unspecified,that are 'right the first time,Denial
Other/Unspecified,"fda has stated previously,i i these procedures are parallel to, but separate from, the fda review process",Denial
Other/Unspecified,"""a new legal approach which would deny access to approved drugs based on issues unrelated to medical therapy (petition at 2)",Denial
Other/Unspecified,issues unrelated to medical therapy (petition at 2),Denial
Other/Unspecified,"ons stated below, your petition is denied without comment on whether we will take the actions you request",Denial
Other/Unspecified,"added by section 914 ofthe food and drug administration amendments act of2007 (fdaaa) (public law 110-85, 121 stat",Denial
Safety Established,"amended by the food and drug administration safety and innovation act (fdasia) (public law 112-144, 126 stat",Denial
Other/Unspecified,"signed into law on july 9, 2012",Denial
Premature/Pending Action,we had not yet made a final decision on whether or not to approve any such applications,Denial
Other/Unspecified,these earlier citizen petitions,Denial
Other/Unspecified,"ons stated below, your petition is denied without comment on whether we will take the actions you request",Denial
Other/Unspecified,"o nda tyvaso (treprostinil) inhalation solution, 0",Denial
Other/Unspecified,"o nda includes the tyvaso inhalation system patient starter kit, which contains the tyvaso inhalation system (i",Denial
Other/Unspecified,"onic, pulsed delivery device and its accessories) and a 28-day supply of treprostinil ampules",Denial
Other/Unspecified,"o nda also includes the tyvaso inhalation system refill kit, containing another 28-day supply oftreprostinil ampules and device components that requir",Denial
Other/Unspecified,your current petition makes the same substantive arguments as these earlier citizen petitions,Denial
Other/Unspecified,"ons stated in section ii of this response, we are denying your requests",Denial
Other/Unspecified,e risk for chronic disease,Denial
Other/Unspecified,"sociated with a number of positive health outcomes including an increase in glycemic control, reduction in risk for tooth decay, function as a prebiot",Denial
Other/Unspecified,"a replacement for citizen petition from karen weikel, phd, director of nutrition science, bonumose llc, dated february 22, 2018, submitted to the div",Denial
Other/Unspecified,been defined as the amount of heat energy needed to raise the temperatu,Denial
Other/Unspecified,"you are a requestor, as defined in section 505g(q)(3) of the fd&c act and your petition requests a type of relief that could be sought under an omor",Denial
Other/Unspecified,e note that information about the omor process is available on fda’s website2 should you pursue that process for your request,Denial
Other/Unspecified,"submitted on behalf of your clients, atnahs pharma us ltd",Denial
Other/Unspecified,unavailable in the market or was available in such limited quantities that a potential abbreviated new drug application (anda) applicant may not be a,Denial
Other/Unspecified,the new reference standard for,Denial
Other/Unspecified,carefully reviewed your petition and other information available to the agency,Denial
Other/Unspecified,"ons stated below, your petition is denied",Denial
Other/Unspecified,"al cell carcinomas when conventional methods are impractical, such as with multiple lesions or difficult treatment sites",Denial
Other/Unspecified,"e consisting of methylparaben, polysorbate 60, propylene glycol, propylparaben, purified water, stearyl alcohol, and white petrolatum",Denial
Bioequivalence Demonstrated,actual or potential bioequivalence problems have not been resolved with adequate evidence of bioequivalence,Denial
Bioequivalence Demonstrated,is of fda’s therapeutic equivalence evaluations,Denial
Other/Unspecified,"signed to indomethacin, is assigned to injectable aqueous and, in certain instances, intravenous non-aqueous solutions, as the orange book explains: i",Denial
Other/Unspecified,"therapeutically equivalent, there may be important differences among the products in the general category, injectable; injection",Denial
Other/Unspecified,therapeutically equivalent may have different preservatives or no preservatives at all,Denial
Other/Unspecified,the postapproval confirmatory trial required as a condition of accelerated approval for the new drug application (nda) for makena (nda 021945) failed,Denial
Other/Unspecified,es the risk of fetal and neonatal morbidity or mortality,Denial
Other/Unspecified,"well as the comment submitted by makena’s sponsor, amag pharmaceuticals, dated january 21, 2020",Denial
Other/Unspecified,"ons explained below, we are denying your request that we “immediately” take the two actions requested in your petition",Denial
Other/Unspecified,the drug has a high potential for abuse – with use potentially leading to severe psychological or physical dependence – and is considered dangerous,Denial
Other/Unspecified,"ons stated below, the petition is denied",Denial
Other/Unspecified,approved ndas for other tramadol products and approved numerous generic tramadol products,Denial
Other/Unspecified,a signatory on this citizen petition and has since passed away,Denial
Other/Unspecified,"ons described below, we are denying the actions requested in your petition",Denial
Other/Unspecified,"e population is apokyn (apomorphine hydrochloride) injection, new drug application (nda) 021264, held by us worldmeds llc",Denial
Other/Unspecified,sociated with advanced parkinson’s disease,Denial
Other/Unspecified,"initiated on may 11, 1972; 3",Denial
Other/Unspecified,"amended (the “tfm” or “external analgesics tfm”), which expressly excludes lidocaine-containing products in patch dosage forms from its scope because",Denial
Enforcement Discretion,"or andas do not conform to the terms of the external analgesics tfm, are outside the scope of any enforcement discretion that may exist pursuant to c",Denial
Other/Unspecified,"ed on our review and consideration of these materials, and for the reasons described below, we deny the petitions",Denial
Other/Unspecified,"our review and consideration of these materials, and for the reasons described below, we deny the petitions",Denial
Sufficient Evidence,"stated in section 505(d) of the fd&c act, ""substantial evidence"" means: 4 see drugs@fda: fda-approved dr",Denial
Other/Unspecified,well as other relevant information,Denial
Other/Unspecified,"ons stated below, we deny your petition",Denial
Other/Unspecified,020635 and 021721 pertaining to the solution formulations of levaquin (levofloxacin),Denial
Other/Unspecified,"the significance and variation of each property/measurement is product-, attribute-, and technique-specific",Denial
Other/Unspecified,"knowledge, techniques, and analyses may evolve or improve",Denial
Other/Unspecified,closely as possible and provide detailed scientific justification supporting their proposed product,Denial
Bioequivalence Demonstrated,from ab to bx because they are not bioequivalent to post-december 2012 andas,Denial
Other/Unspecified,"ons described below, your petition is denied in part and granted in part",Denial
Other/Unspecified,before december 2012: (1) anda 065461 approved on aug,Denial
Other/Unspecified,"carefully reviewed the petitions, comments submitted to the docket, and other information available to the agency",Denial
Other/Unspecified,"ed on our review of these materials and for the reasons described below, we conclude that the petitions do not contain facts demonstrating any reasona",Denial
Other/Unspecified,"ons stated below, fda is denying the petitions",Denial
Other/Unspecified,"e, coronavirus disease 2019 (covid-19), caused by a novel coronavirus, sars-cov-2",Denial
Other/Unspecified,"our review of these materials and for the reasons described below, we conclude that the petitions do not contain facts demonstrating any reasonable g",Denial
Other/Unspecified,that the petitions do not contain facts demonstrating any reasonable grounds for the requested action,Denial
Other/Unspecified,"currently a pandemic of respiratory disease, coronavirus disease 2019 (covid-19), caused by a novel coronavirus, sars-cov-2",Denial
Other/Unspecified,"ed on our review of these materials and for the reasons described below, we conclude that the petitions do not contain facts demonstrating any reasona",Denial
Other/Unspecified,"ons stated below, fda is denying the petitions",Denial
Other/Unspecified,"e, coronavirus disease 2019 (covid-19), caused by a novel coronavirus, sars-cov-2",Denial
Other/Unspecified,"our review of these materials and for the reasons described below, we conclude that the petitions do not contain facts demonstrating any reasonable g",Denial
Other/Unspecified,that the petitions do not contain facts demonstrating any reasonable grounds for the requested action,Denial
Other/Unspecified,"currently a pandemic of respiratory disease, coronavirus disease 2019 (covid-19), caused by a novel coronavirus, sars-cov-2",Denial
Other/Unspecified,"ons explained below, we grant your request for a stay in part",Denial
Other/Unspecified,onable and substantial risk of illness or injury that cannot be corrected or eliminated by labeling in accordance with section 516 of the federal food,Denial
Other/Unspecified,fda recognized that affected parties may need some time to establish or adjust treatment plans,Denial
Other/Unspecified,"you are a requestor, as defined in section 505g(q)(3) of the fd&c act and your petition’s request to use alternative testing procedures for stannous",Denial
Other/Unspecified,"te products is a type of relief that could be sought under an omor (see 505g(b)(5) of the fd&c act), the citizen petition process is no longer the app",Denial
Other/Unspecified,e note that information about the omor process is available on fda’s website4 should you pursue that process for your request,Denial
Other/Unspecified,ked questions available via the otc monographs@fda portal at https,Denial
Other/Unspecified,"ed on our review of these materials and for the reasons described below, the petition is denied in all respects",Denial
Other/Unspecified,for both dosage forms,Denial
Other/Unspecified,"approved june 24, 2011",Denial
Other/Unspecified,"approved april 11, 2019",Denial
Other/Unspecified,"our review of these materials and for the reasons described below, the petition is denied in all respects",Denial
Other/Unspecified,the statutory prerequisites for a stay are met regardless of whether apotex submitted [its] anda before or after bayer submitted the forms 3542 for t,Denial
Other/Unspecified,"described above, section 505(q)(1)(f) of the fd&c act requires fda to take final agency action on the petition within 150 days of submission",Denial
Other/Unspecified,"ons explained below, we deny without comment the specific request in the petition regarding whether a 30-month stay of approval of anda 216421 would a",Denial
Other/Unspecified,the anda otherwise meets the requirements for approval under section 505(j) of the fd&c act,Denial
Other/Unspecified,not made a final determination on w,Denial
Other/Unspecified,for such products; and 2,Denial
Other/Unspecified,taken steps to prohibit access by and sales to underage (under 21) consumers for brick-and-mortar stores and/or retail websites; 2,Denial
Other/Unspecified,"the significance and variation of each property/measurement is product-, attribute-, and technique-specific",Denial
Other/Unspecified,"knowledge, techniques, analysis, and statistics may evolve or improve",Denial
Other/Unspecified,closely as possible and provide detailed scientific justification supporting their proposed product,Denial
Insufficient Evidence,serting that an in vitro approach is insufficient to determine be,Denial
Bioequivalence Demonstrated,part of the in vivo be study to ensure the generic drug has the same rate and exte,Denial
Other/Unspecified,"the drugs have a marked potential for abuse with serious consequences that include psychological effects, physical dependence, seizures, suicide, and",Denial
Other/Unspecified,"ons stated below, the petition is denied",Denial
Other/Unspecified,e gabapentin formulation as adjunctive therapy in the treatment of partial onset seizures,Denial
Other/Unspecified,sociated with damage to nerve fibers during shingles infection,Denial
Procedural Issue,"reviewed the petition, the request for supervisory review, the rta letter, and the applicable regulations",Denial
Other/Unspecified,"ons described below, fda denies the petition",Denial
Other/Unspecified,for twenty products,Denial
Other/Unspecified,signed stns pm0005262,Denial
Other/Unspecified,assigned stn pm0006678,Denial
Other/Unspecified,assigned stn tc0009321,Denial
Other/Unspecified,assigned stn tc0009125,Denial
Other/Unspecified,signed stn pm0007069,Denial
Other/Unspecified,being submitted under 21 cfr § 10,Denial
Other/Unspecified,"ons outlined below, we are denying your requests",Denial
Other/Unspecified,filed in the fda division of dockets management under docket no,Denial
Other/Unspecified,"ons discussed below, your petition is denied",Denial
Other/Unspecified,the usa patriot improvement and reauthorization act of 2005 (pira),Denial
Other/Unspecified,signed into law by president george w,Denial
Outside FDA Authority,no authority to grant your request because your petition has been addressed by the meth act,Denial
Other/Unspecified,department of correction institute division and reconsider its decision on your voluntary medwatch report (mw4003 197),Denial
Other/Unspecified,"ing your medwatch report, fda determined that no hrther action was necessary",Denial
Other/Unspecified,carefully reviewed the petition,Denial
Other/Unspecified,"ons described below, the petition is denied",Denial
FDA Agrees/Warrants Action,a category x substance is inappropriate,Denial
Sufficient Evidence,sisted reproduction; and (5) there is no evidence that exogenous use of estradiol has been linked to malformations (petition at 1-2),Denial
Other/Unspecified,"previously listed as a category x substance because, at the time, progestins were viewed as a singularity (pe",Denial
Sufficient Evidence,no evidence that exogenous use of estradiol has been linked to malformations (petition at 1-2),Denial
Other/Unspecified,this decision are discussed below,Denial
Other/Unspecified,ons for this decision are discussed below,Denial
Other/Unspecified,providing the sponsor of the new animal drug with notice that the agency proposes to withdraw approval of the drug and an opportunity for a formal ev,Denial
Other/Unspecified,"your request indicates, 21 usc 360hh et seq",Denial
Other/Unspecified,promulgated several performance standards for such products pursuant to this authority,Denial
Other/Unspecified,semblers and users ofthese products,Denial
Other/Unspecified,"semblers for diagnostic x-ray systems,"" available at http://www",Denial
Other/Unspecified,"your request indicates, 21 usc 360hh et seq",Denial
Other/Unspecified,promulgated several perfonnance standards for such products pursuant to this authority,Denial
Other/Unspecified,semblers and users ofthese products,Denial
Other/Unspecified,"semblers for diagnostic x-ray systems,"" available at http://www",Denial
Other/Unspecified,"your request indicates, 21 usc 360hh et seq",Denial
Other/Unspecified,promulgated several performance standards for such products pursuant to this authority,Denial
Other/Unspecified,semblers and users of these products,Denial
Other/Unspecified,"semblers for diagnostic x-ray systems,"" available at http://www",Denial
Other/Unspecified,"your request indicates, 21 usc 360hh et seq",Denial
Other/Unspecified,promulgated several performance standards for such products pursuant to this authority,Denial
Other/Unspecified,semblers and users of these products,Denial
Other/Unspecified,"semblers for diagnostic x-ray systems,"" available at http://www",Denial
Other/Unspecified,"your request indicates, 21 usc 360hh et seq",Denial
Other/Unspecified,promulgated several performance standards for such products pursuant to this authority,Denial
Other/Unspecified,semblers and users of these products,Denial
Other/Unspecified,"semblers for diagnostic x-ray systems,"" available at http://wwvv",Denial
Other/Unspecified,"your request indicates, 21 usc 360hh et seq",Denial
Other/Unspecified,promulgated several performance standards for such products pursuant to this authority,Denial
Other/Unspecified,semblers and users of these products,Denial
Other/Unspecified,"semblers for diagnostic x-ray systems,"" available at http://www",Denial
Other/Unspecified,"your request indicates, 21 usc 360hh et seq",Denial
Other/Unspecified,promulgated several performance standards for such products pursuant to this authority,Denial
Other/Unspecified,semblers and users of these products,Denial
Other/Unspecified,"semblers for diagnostic x-ray systems,"" available at http://www",Denial
Other/Unspecified,"your request indicates, 21 usc 360hh et seq",Denial
Other/Unspecified,promulgated several performance standards for such products pursuant to this authority,Denial
Other/Unspecified,semblers and users of these products,Denial
Other/Unspecified,"semblers for diagnostic x-ray systems,"" available at http://www",Denial
Other/Unspecified,"your request indicates, 21 usc 360hh et seq",Denial
Other/Unspecified,promulgated several performance standards for such products pursuant to this authority,Denial
Other/Unspecified,semblers and users ofthese products,Denial
Other/Unspecified,"semblers for diagnostic x-ray systems,"" available at http://www",Denial
Other/Unspecified,"your request indicates, 21 usc 360hh et seq",Denial
Other/Unspecified,promulgated several performance standards for such products pursuant to this authority,Denial
Other/Unspecified,semblers and users of these products,Denial
Other/Unspecified,"semblers for diagnostic x-ray systems,"" available at http://www",Denial
Other/Unspecified,"on discussed below, we are denying your petition",Denial
Procedural Issue,"is of the petition 1 your petition states that it is being submitted under section 4(d) ofthe administrative procedure act, 5",Denial
Other/Unspecified,"your request indicates, 21 usc 360hh et seq",Denial
Other/Unspecified,promulgated several performance standards for such products pursuant to this authority,Denial
Other/Unspecified,semblers and users ofthese products,Denial
Other/Unspecified,"semblers for diagnostic x-ray systems,"" available at http://www",Denial
Other/Unspecified,"ons stated below, this letter i",Denial
Bioequivalence Demonstrated,ked to specifically allow for consideration of bioequivalence for a generic product if the 90% confidence intervals about the mean calculated for cmax,Denial
Sufficient Evidence,"a highly variable cmax or where, based on clinical evidence, cmax has little therapeutic or toxic implication",Denial
Other/Unspecified,"ons described below, your petition is denied",Denial
Bioequivalence Demonstrated,"the same active ingredients as the approved animal drug product and, with limited exceptions, that it is bioequivalent to the approved animal drug pr",Denial
Other/Unspecified,abbreviated new animal drug applications (anadas) is the goal of the agency’s generic drug review process,Denial
Sufficient Evidence,"clinical evidence, cmax has little therapeutic or toxic implication",Denial
Bioequivalence Demonstrated,ked to specifically allow for consideration of bioequivalence for a generic product if the 90% confidence intervals about the mean calculated for cmax,Denial
Sufficient Evidence,"a highly variable cmax or where, based on clinical evidence, cmax has little therapeutic or toxic implication",Denial
Other/Unspecified,"ons described below, your petition is denied",Denial
Bioequivalence Demonstrated,"the same active ingredients as the approved animal drug product and, with limited exceptions, that it is bioequivalent to the approved animal drug pr",Denial
Other/Unspecified,abbreviated new animal drug applications (anadas) is the goal of the agency’s generic drug review process,Denial
Sufficient Evidence,"clinical evidence, cmax has little therapeutic or toxic implication",Denial
Safety Established,"of its toxicity or other potentiality for harmful effect, or the method of its use, or the collateral measures necessary to its use, [it] is not safe",Denial
Procedural Issue,"stated previously, the act explicitly provides us with the authority to issue a regulation changing the status of an r1c drug to an otc drug (see 21",Denial
Other/Unspecified,is on reasonable grounds,Denial
Other/Unspecified,sociation between talc use in the perineal area and ovarian cancer,Denial
Other/Unspecified,"on and for the additional reasons described below, fda is denying your petitions",Denial
Other/Unspecified,"is of your request, throughout both petitions, can be summarized as comprising three major points: 1",Denial
Other/Unspecified,sociated with asbestos,Denial
Other/Unspecified,ed on the findings of a 1993 national toxicology program study,Denial
Other/Unspecified,the findings of a 1993 national toxicology program study,Denial
Other/Unspecified,"and consideration of the information submitted in your petitions, the comments received in response to the petitions, and review of additional scient",Denial
Other/Unspecified,e-by-case basis and are within the discretion of the agency,Denial
FDA Agrees/Warrants Action,"appropriate, seeks further information, e",Denial
Other/Unspecified,"es, no violation will be identified",Denial
Other/Unspecified,"been a violation, sometimes the issues brought to our attention will be resolved successfully through voluntary compliance; in other instances fda wi",Denial
Procedural Issue,e contact myrna hanna of our regulations staff at (301) 796-5739,Denial
Other/Unspecified,sistant commissioner for policy,Denial
Other/Unspecified,"ons stated below, we are denying your petition",Denial
Other/Unspecified,defined in section 201(i) of the fd&c act [21 u,Denial
Other/Unspecified,"the whole or part of a final disposition, whether affirmative, negative, injunctive, or declaratory in form, of an agency in a matter other than rule",Denial
Other/Unspecified,"the final agency disposition, other than the i",Denial
Other/Unspecified,"you assert that bulk cannabis and cannabis tincture are subject to the pre-1938 exemption, we will not discuss the 1962 exemption further",Denial
Other/Unspecified,"a result, you request that fda conduct a review of gpsi to determine whether adulterated products have been sold for many years and take enforcement",Denial
Other/Unspecified,e-by-base basis and are within the discretion of the agency,Denial
Other/Unspecified,", ""[ w]ere it not for those trade secrets[,]",Denial
Other/Unspecified,"to fda prior to enactment of the bpci act ""reasonably expected - on the basis of applicable law and agency statements - that the trade secrets and co",Denial
Other/Unspecified,to support approval of competitor products would frustrate these sponsors' investment-backed expectation regarding their property and would constitut,Denial
Other/Unspecified,serts that fda should not implement the bpci act in any manner that would raise this constitutional issue an,Denial
Other/Unspecified,taken into consideration,Denial
Sufficient Evidence,"scientific evidence that ingestion of horse meat containing these substances, by any significant percentage of the human population, could cause detr",Denial
Other/Unspecified,"onably expected to become a component of food is a food additive that is subject to premarket approval by fda, unless the substance is generally recog",Denial
Safety Established,safe (gras) among experts qualified by scientific training and experience to evaluate its safety 1 we note that your petition is missing some of the,Denial
Procedural Issue,"your petition is requesting the fda to issue a regulation, it is required by § i 0",Denial
Other/Unspecified,sessment as required by § 10,Denial
Other/Unspecified,ons stated in our response,Denial
Other/Unspecified,that your petition is missing some of the elements required in 21 cfr i 0,Denial
Other/Unspecified,considered the information submitted in the reconsideration petition,Denial
Other/Unspecified,"ons described below, fda denies the reconsideration petition",Denial
Other/Unspecified,e reports of allergic reactions to natamycin used as a drug or ingredient in food,Denial
Other/Unspecified,s of antibiotics page 2 - mr,Denial
Other/Unspecified,common as reactions occurring to other antibiotics,Denial
Other/Unspecified,"ons given above, your request that the commissioner deny or take under advisement action on grn no",Denial
Other/Unspecified,sify natamycin as gras is denied,Denial
Other/Unspecified,e work closely with your physician to identify the specific cause(s),Denial
Other/Unspecified,"above, your request that the commissioner deny or take under advisement action on grn no",Denial
Other/Unspecified,"set forth more fully in that response, fda concluded that a proposed generic drug product referencing copaxone could establish active ingredient same",Denial
Other/Unspecified,"sertions about toxic side effects associated with ""glatiramer-like"" products that had been reviewed by regulatory bodies outside of the united states",Denial
Procedural Issue,e your request solely on the information contained in your original petition (see 21 cfr 10,Denial
Other/Unspecified,"part of your original petition that you would like us to consider, you should submit a new petition, including all the necessary information, under s",Denial
Other/Unspecified,"additional information, not included as part of your original petition that you would like us to consider, you should submit a new petition, includin",Denial
Safety Established,"of its toxicity or other potentiality for harmful effect, or the method of its use, or the collateral measures necessary to its use, is not safe for",Denial
Other/Unspecified,"a category of""behind the counter"" or ""btc"" drugs in this response because these terms appear to refer to the same concept",Denial
Other/Unspecified,"both prescription and btc, which implies that the btc category of drugs would be a subset of nonprescription drugs",Denial
Safety Established,"of its toxicity or other potentiality for harmful effect, or the method of its use, or the collateral measures necessary to its use, is not safe for",Denial
Other/Unspecified,"a category of""behind the counter"" or ""btc"" drugs in this response because these terms appear to refer to the same concept",Denial
Other/Unspecified,"both prescription and btc, which implies that the btc category of drugs would be a subset of nonprescription drugs",Denial
Safety Established,"of its toxicity or other potentiality for harmful effect, or the method of its use, or the collateral measures necessary to its use, is not safe for",Denial
Other/Unspecified,"a category of""behind the counter"" or ""btc"" drugs in this response because these terms appear to refer to the same concept",Denial
Other/Unspecified,"both prescription and btc, which implies that the btc category of drugs would be a subset of nonprescription drugs",Denial
Other/Unspecified,"reviewed the above referenced petition for class ii exemption pursuant to section 510(m)(2) of the federal food, drug, and cosmetic act (fd&c act) as",Denial
Other/Unspecified,class ii devices requiring premarket notification (51 o(k)) under section 51 o(k) of the act,Denial
Procedural Issue,"sification name wheelchair elevator, regulation number 21 cfr 890",Denial
Other/Unspecified,s ii medical device to a class ii (exempt) medical device,Denial
Safety Established,onable assurance of safety and effectiveness for these devices,Denial
Other/Unspecified,a second rld (petition at 1 ),Denial
Other/Unspecified,you are requesting that fda designate a generic 3 § 314,Denial
Other/Unspecified,"issued, paragraph u)(5) was redesignated as paragraph u)(6) (see section 119(b) of the food and drug administration modernization act, public law i 0",Denial
Safety Established,sifies as therapeutically equivalent those products that meet the following general criteria: (i) they are approved as safe and effective; (2) they ar,Denial
Procedural Issue,"that since this regulation was issued, paragraph u)(5) was redesignated as paragraph u)(6) (see section 119(b) of the food and drug administration mo",Denial
Other/Unspecified,"completed its review of your citizen petition, filed by fda on september 14, 2015",Denial
Other/Unspecified,"sociate commissioner for policy on august 13, 2015",Denial
Procedural Issue,"we are denying your request for a regulation, your request for ""the inclusion in the package insert[s] for",Denial
Procedural Issue,sociation rights and humanitarian law) implementing the emergency discretion and emergency [requested] regulation on a regular basis,Denial
Procedural Issue,"we are denying your request for a regulation, we are denying your request to hold hearings, permit public comments, and issue regulations implementin",Denial
Other/Unspecified,"ons described in this response, the petition is denied",Denial
Other/Unspecified,an additional rld because of the formulation differences between abbvie's calcijex and the approved generic products for calcitriol injection (petiti,Denial
Other/Unspecified,"for calcitriol injection contain different ""non-exception excipients"" compared to calcijex and therefore fda must designate an approved anda as an ad",Denial
Other/Unspecified,"been discontinued from sale and that the only currently marketed generic product for calcitriol injection is akorn's calcitriol injection, 1 mcg/ml,",Denial
Other/Unspecified,"the term ""diet"" is false and misleading; (2) issue a warning letter to pepsico inc",Denial
FDA Agrees/Warrants Action,"the use of the term ""diet"" is false and misleading; (3) take appropriate enforcement actions under the fd&c act if such violations are not corrected;",Denial
Other/Unspecified,"ks us to conduct ""a sweeping investigation ofproducts containing artificial sweeteners"" to determine whether any brand names or labels are false or mi",Denial
Other/Unspecified,"t track designation, accelerated approval, and breakthrough therapy designation), and other programs, such as orphan drug designation, which may quali",Denial
Other/Unspecified,"ons stated below, your petition is denied",Denial
Other/Unspecified,"initially approved as a prescription drug on february 18, 1999, for the treatment of occasional constipation (new drug application (nda) 020698, subm",Denial
Other/Unspecified,"ons described below, we are denying your petition under 21 c",Denial
Safety Established,is of inadequate oncological safety information and testing,Denial
Other/Unspecified,sify it to a class iii device and require pma assessment,Denial
Other/Unspecified,sessment of the cdrh's action regarding both the ‘power morcellator’ and ‘pneumoliner’ devices,Denial
FDA Agrees/Warrants Action,"ons discussed below, we believe that the pnuemoliner containment system (pneumoliner device) is appropriately classified in class ii with the establis",Denial
Safety Established,onable assurance of safety and effectivene,Denial
Other/Unspecified,not been previously approved by fda for use in cats,Denial
Safety Established,the proposed change would require safety or,Denial
FDA Agrees/Warrants Action,obtained inappropriately,Denial
Other/Unspecified,"ons, the actions you request are not available at this time, and the petition is therefore denied",Denial
Procedural Issue,"sium chloride oral solution products, such requests are not properly the subject of a citizen petition under 21 cfr 10",Denial
Procedural Issue,stated in 21 cfr 10,Denial
Other/Unspecified,"the petition's allegations, and before taking any potential action, cder staff would need to engage in a process of fact gathering and further inquir",Denial
Other/Unspecified,you have alleged and requested,Denial
Procedural Issue,e your request solely on the information contained in your original petition (see 21 cfr 10,Denial
Other/Unspecified,"part of your original petition that you would like us to consider, you should submit a new petition, including all the necessary information, under s",Denial
Other/Unspecified,"additional information, not included as part of your original petition that you would like us to consider, you should submit a new petition, includin",Denial
Other/Unspecified,bleeding may be a sign of endornetrial cancer,Denial
Other/Unspecified,t cancer should consult with their oncologists before use of the product,Denial
Other/Unspecified,"ons stated below, the petition is denied",Denial
Safety Established,the safety and effectiveness of a disintegrated dosage form has not been established in cats,Denial
Safety Established,"a result, the proposed change does require you to conduct investigations to demonstrate safety and/or effectiveness of the drug for its proposed inte",Denial
Procedural Issue,e your request solely on the information contained in your original petition (see 21 cfr 10,Denial
Other/Unspecified,"part of your original petition that you would like us to consider, you",Denial
Other/Unspecified,"additional information, not included as part of your original petition that you would like us to consider, you",Denial
Other/Unspecified,"follows: (ff) the term ""dietary supplement""",Denial
Other/Unspecified,a conventional food or as a sole item of a meal or the diet; and (c) is labeled as a dietary supplement,Denial
Other/Unspecified,"e d:yag pulsed dental laser system device (dental laser system) (k151763), on the alleged grounds that millennium provided histologic data in its 51o(",Denial
Sufficient Evidence,"ed""2 and that ""none of the studies actually show [sic] bone regeneration""3",Denial
Other/Unspecified,"er system implies superiority to conventional therapy ""in terms of [bone] regeneration""4• fda interprets your request as asking fda to initiate enforc",Denial
Other/Unspecified,"the rld has been moved to the discontinued drug product list section of the orange book, and you are requesting, in part, that fda designate a generi",Denial
Other/Unspecified,"an rld, we interpret your request as a request for fda to select a therapeutically equivalent product as a reference standard for a proposed 4 id",Denial
Safety Established,"been demonstrated, and that can be expected to have the same clinical effect and safety profile when administered to patients under the conditions sp",Denial
Other/Unspecified,updated to reflect its rld designation,Denial
Sufficient Evidence,"first been ""tested through randomized, controlled, experimental studies"" (reconsideration petition at page 1)",Denial
Other/Unspecified,"ons set forth below, your petition is denied",Denial
Other/Unspecified,"), and proton pmnp inhibitors (ppis)",Denial
Other/Unspecified,"issued a final monograph for otc antacid products, and an otc antacid product in a form suitable for oral administration is generally recognized as s",Denial
Other/Unspecified,"ons described below, we are denying your request",Denial
Other/Unspecified,sification of glutaraldehyde-based tooth desensitizers from devices to drugs,Denial
Other/Unspecified,sifications as device,Denial
Other/Unspecified,crosslinking proteins from saliva and tubule fluid and state that these proteins aggregate and plug the tubules,Denial
Other/Unspecified,an example of your description,Denial
Safety Established,"an anda applicant is relying on fda's finding that the rld is safe and effective, the rld is a drug product approved under section 505(c) ofthe fd&c",Denial
Safety Established,made a finding of safety and effectiveness,Denial
Other/Unspecified,"070914, 070915,070916, and 070918) as additional rlds (petition at 1)",Denial
Sufficient Evidence,"the rld ""is precluded from doing so because the rld product nubain is not available in the market to conduct product development studies",Denial
Other/Unspecified,"a preliminary matter, we note that an rld generally is a drug product approved under section 505( c) of the fd&c act based on full reports of investi",Denial
Other/Unspecified,full reports of investigations of s,Denial
Other/Unspecified,that an rld generally is a drug product approved under section 505( c) of the fd&c act based on full reports of investigations of s,Denial
Other/Unspecified,"you allege that this device is neither cleared nor approved and is misbranded under section 502(0) of the federal food, drug, and cosmetic act",Denial
Other/Unspecified,forwarded to the office of compliance within the center for devices and radiological health (cdrh),Denial
Other/Unspecified,"you allege that this device is neither cleared nor approved and is misbranded under section 502( o) of the federal food, drug, and cosmetic act",Denial
Other/Unspecified,forwarded to the office of compliance within the center for devices and radiological health (cdrh),Denial
Other/Unspecified,"medefil’s request is for a te code, this response is limited to medefil’s te code request and does not address the “same product” exception for certa",Denial
Other/Unspecified,addressed medefil’s separate requests for refunds of fy 2019 through fy 2023 program fees in separate correspondence to medefil,Denial
Bioequivalence Demonstrated,"“approved drug products that are pharmaceutical equivalents for which bioequivalence has been demonstrated, and that can be expected to have the same",Denial
Procedural Issue,e your request solely on the information contained in your original petition (see 21 cfr 10,Denial
Other/Unspecified,"part of your original petition that you would like us to consider, you should submit a new petition, including all the necessary information, under s",Denial
Other/Unspecified,"additional information, not included as part of your original petition that you would like us to consider, you should submit a new petition, includin",Denial
Other/Unspecified,a structure/function claim or health claim,Denial
Safety Established,sess whether other factor producers have sufficient safeguards to ensure they will not experience similar events,Denial
Safety Established,"sure that such drug meets the requirements of the act as to safety and has the identity and strength, and meets the quality and purity characteristics",Denial
Other/Unspecified,"ons stated below, we are denying your petition",Denial
Other/Unspecified,"pesticide chemical residues, after treatments",Denial
Other/Unspecified,your petition was improperly submitted as a citizen petition rather than a petition for reclassification,Denial
Other/Unspecified,e refer to 21 cfr 860,Denial
Other/Unspecified,"sification, please reference the docket number above",Denial
Procedural Issue,e contact jean olson of our regulations staff at jean,Denial
Bioequivalence Demonstrated,actual or potential bioequivalence problems have not been resolved with adequate evidence of bioequivalence,Denial
Other/Unspecified,is of fda’s te evaluations,Denial
Other/Unspecified,"signed to the fresenius acetaminophen product, is assigned to injectable aqueous and, in certain instances, intravenous non-aqueous solutions, as the",Denial
Other/Unspecified,"therapeutically equivalent, there may be important differences 3 § 314",Denial
Other/Unspecified,"es/approved-drug-products-therapeutic-equivalence- evaluations-orange-book, id",Denial
Other/Unspecified,"ed under foia and ‘(i) that because of the nature of their subject matter, the agency determines have become or are likely to become the subject of su",Denial
Other/Unspecified,been requested through foia ‘3 or more times’ and fda is now required to comply with 5 u,Denial
Other/Unspecified,ed to any person under [foia]; and … that have been requested 3 or more times[,Denial
Other/Unspecified,"ed under foia and ‘(i) that because of the nature of their subject matter, the agency determines have become or are likely to become the subject of su",Denial
Other/Unspecified,been requested through foia ‘3 or more times’ and fda is now required to comply with 5 u,Denial
Other/Unspecified,ed to any person under [foia]; and … that have been requested 3 or more times[,Denial
Other/Unspecified,"ed under foia and ‘(i) that because of the nature of their subject matter, the agency determines have become or are likely to become the subject of su",Denial
Other/Unspecified,been requested through foia ‘3 or more times’ and fda is now required to comply with 5 u,Denial
Other/Unspecified,ed to any person under [foia]; and … that have been requested 3 or more times[,Denial
Bioequivalence Demonstrated,actual or potential bioequivalence problems have not been resolved with adequate evidence of bioequivalence,Denial
Other/Unspecified,is of fda’s te evaluations,Denial
Other/Unspecified,signed to the 3 § cfr 314,Denial
Other/Unspecified,"es/approved-drug-products-therapeutic-equivalence- evaluations-orange-book, identifies drug products approved under section 505 of the federal food, d",Denial
Other/Unspecified,", 505(b)(2) ndas, and abbreviated new drug applications",Denial
Other/Unspecified,"on(s) stated above, we are denying your petition",Denial
Other/Unspecified,well as representative information known to the petitioner which is unfavorable to the petitioner's position,Denial
Other/Unspecified,"t, fda has granted at least some citizen petitions requesting that the agency post records consistent with 5 u",Denial
Other/Unspecified,"that in the past, fda has granted at least some citizen petitions requesting that the agency post records consistent with 5 u",Denial
Other/Unspecified,"ed under foia and ‘(i) that because of the nature of their subject matter, the agency determines have become or are likely to become the subject of su",Denial
Other/Unspecified,been requested through foia ‘3 or more times’ and fda is now required to comply with 5 u,Denial
Other/Unspecified,ed to any person under [foia]; and … that have been requested 3 or more times[,Denial
Other/Unspecified,"details for public meetings are finalized, fda will post information on its website",Denial
Procedural Issue,"fda action on a meeting does not constitute final administrative action subject to judicial review, this response is not reviewable by a court",Denial
Public Health Benefit,that such meetings would be in the public interest,Denial
Other/Unspecified,"ed under foia and ‘(i) that because of the nature of their subject matter, the agency determines have become or are likely to become the subject of su",Denial
Other/Unspecified,been requested through foia ‘3 or more times’ and fda is now required to comply with 5 u,Denial
Other/Unspecified,ed to any person under [foia]; and … that have been requested 3 or more times[,Denial
Procedural Issue,e submit a new citizen petition under 21 cfr 10,Denial
Other/Unspecified,"ons described, the agency denies the petition",Denial
Other/Unspecified,"on(s) stated above, we are denying your petition",Denial
Other/Unspecified,well as representative information known to the petitioner which is unfavorable to the petitioner's position,Denial
Other/Unspecified,"t, fda has granted at least some citizen petitions requesting that the agency post records consistent with 5 u",Denial
Other/Unspecified,"that in the past, fda has granted at least some citizen petitions requesting that the agency post records consistent with 5 u",Denial
Other/Unspecified,"details for public meetings are finalized, fda will post information on its website",Denial
Procedural Issue,"fda action on a meeting does not constitute final administrative action subject to judicial review, this response is not reviewable by a court",Denial
Public Health Benefit,that such meetings would be in the public interest,Denial
Other/Unspecified,"ed under foia and ‘(i) that because of the nature of their subject matter, the agency determines have become or are likely to become the subject of su",Denial
Other/Unspecified,been requested through foia ‘3 or more times’ and fda is now required to comply with 5 u,Denial
Other/Unspecified,ed to any person under [foia]; and … that have been requested 3 or more times[,Denial
Other/Unspecified,well and often require the assessment of a specialist rather than a family physician to make a diagnosis (petition at 1 and 2),Denial
Other/Unspecified,"ons discussed below, this is not a basis to grant the requests in your petition",Denial
Other/Unspecified,requested “that manufacturers of otc products associating the terms ‘sinus’ and ‘headach,Denial
Other/Unspecified,it does not contain the complete certification,Denial
Procedural Issue,e submit a new citizen petition under 21 cfr 10,Denial
Other/Unspecified,"ons described, the agency denies your petition",Denial
Other/Unspecified,"grounds for the petition, you claim the “information has been requested through foia ‘3 or more times’ and fda is now required to comply with 5 u",Denial
Other/Unspecified,ed to any person under [foia]; and … that have been requested 3 or more times[,Denial
Other/Unspecified,"answers pet food, in 2019",Denial
Other/Unspecified,"ed on our review of these materials, and for the reasons described below, we conclude that the petition does not contain facts demonstrating any reaso",Denial
Other/Unspecified,"ons stated below, fda is denying the petition",Denial
Other/Unspecified,semia who require regular red blood cell (rbc) transfusions,Denial
Other/Unspecified,"sociated with life-long anemia requiring frequent rbc transfusions, complicated by organopathy related to iron overload, reduced quality of life, and",Denial
Other/Unspecified,"our review of these materials, and for the reasons described below, we conclude that the petition does not contain facts demonstrating any reasonable",Denial
Other/Unspecified,that the petition does not contain facts demonstrating any reasonable grounds for the requested actions,Denial
Other/Unspecified,"details for public meetings are finalized, fda will post information on its website",Denial
Procedural Issue,"fda action on a meeting does not constitute final administrative action subject to judicial review, this response is not reviewable by a court",Denial
Public Health Benefit,that such meetings would be in the public interest,Denial
Public Health Benefit,"been increased public interest in animal food and animal food ingredients over the past several years, and that stakeholders would like the opportuni",Denial
Other/Unspecified,"details for public meetings are finalized, we will post information on our website",Denial
Other/Unspecified,"stated in the tentative response to your petition fda-2021-p-0884, fda is considering the concerns raise",Denial
Public Health Benefit,that such meetings would be in the public interest,Denial
Public Health Benefit,"been increased public interest in animal food and animal food ingredients over the past several years, and that stakeholders would like the opportuni",Denial
Other/Unspecified,"details for public meetings are finalized, we will post information on our website",Denial
Other/Unspecified,"stated in the tentative response to your petition fda-2021-p-0884, fda is considering the concerns raise",Denial
Public Health Benefit,that such meetings would be in the public interest,Denial
Other/Unspecified,"grounds for these petitions, you claim the “information has been requested through foia ‘3 or more times’ and fda is now required to comply with 5 u",Denial
Other/Unspecified,ed to any person under [foia]; and … that have been requested 3 or more times[,Denial
Other/Unspecified,"grounds for the petition, you claim the “information has been requested through foia ‘3 or more times’ and fda is now required to comply with 5 u",Denial
Other/Unspecified,ed to any person under [foia]; and … that have been requested 3 or more times[,Denial
Other/Unspecified,"t three foia requests for these records, no records were released and the requests were closed",Denial
Other/Unspecified,"on(s) stated above, we are denying your petition",Denial
Other/Unspecified,well as representative information known to the petitioner which is unfavorable to the petitioner's position,Denial
Other/Unspecified,"t, fda has granted at least some citizen petitions requesting that the agency post records consistent with 5 u",Denial
Other/Unspecified,"that in the past, fda has granted at least some citizen petitions requesting that the agency post records consistent with 5 u",Denial
Other/Unspecified,"ed under foia, they will be posted in accordance with 5 u",Denial
Procedural Issue,"sociate commissioner for regulatory affairs 2 fda regulations specify that a petition must request the commissioner of food and drugs to “issue, amend",Denial
Other/Unspecified,well as representative information known to the petitioner which is unfavorable to the petitioner's position,Denial
Other/Unspecified,"t, fda has granted at least some citizen petitions requesting that the agency post records consistent",Denial
Other/Unspecified,"that in the past, fda has granted at least some citizen petitions requesting that the agency post records consistent",Denial
Other/Unspecified,"on(s) stated above, we are denying your petition",Denial
Other/Unspecified,"on(s) stated above, we are denying your petition",Denial
Other/Unspecified,well as representative information known to the petitioner which is unfavorable to the petitioner's position,Denial
Other/Unspecified,"t, fda has granted at least some citizen petitions requesting that the agency post records consistent with 5 u",Denial
Other/Unspecified,"that in the past, fda has granted at least some citizen petitions requesting that the agency post records consistent with 5 u",Denial
Other/Unspecified,"auricular vagus nerve stimulation (avns), transcranial direct current stimulation (tdcs), and cranial electrotherapy stimulation (ces), communicate t",Denial
Sufficient Evidence,"we are unaware of any clinical studies demonstrating that both sulfur and salicylic acid contribute to the overall effectiveness of the combination,",Denial
Other/Unspecified,required by 2 1 cfr 33o,Denial
Insufficient Evidence,inadequate effectiveness data to classify the combination of sulfur and salicylic acid as grase (47 fr 12430 at 12471),Denial
