Document_ID,Docket_ID,Document_Title,Petitioner,FDA_Center,Decision,Enhanced_Category,Confidence,Key_Phrases,Rationale_Text,Document_Link
FDA-2001-P-0030-0003,FDA-2001-P-0030,"FDACDER Response to Duramed Pharmaceuticals, Inc. - Petition Approval","Duramed Pharmaceuticals, Inc.",CDER,Approved,Bioequivalence/Therapeutic Equivalence,high,"listed drug, anda, safety","ecker assert that this petition should be denied because it fails to establish an adequate basis for assuring the safety and efficacy of the tablet formulation without additional clinical studies and/or significant labeling changes. In particular, Kleinfeld, Kaplan and Becker assert that the proposed product will have a different “food effect” than Unimed’s products and that the safety and effectiveness of the proposed product may be compromised by crushing the proposed product and sprinkling it on food before ingestion. Furthermore, Kleinfeld, Kaplan and Becker reject Duramed’s justifications for the change requested. Your request involves a change in dosage form from that of the listed drug products (i.e., from capsules to tablets). The change you request is the type of change that is authorized under the Federal Food, Drug, and Cosmetic Act (Act). We have reviewed your petition under Section 505@(2)(C) of the Act and have determined that it is approved. This letter represents the Agency’s determination that an ANDA may",
FDA-2003-P-0122-0003,FDA-2003-P-0122,"Petition Approval Letter from FDA CDER to Lachman Consultant Services, Inc.","Lachman Consultant Services, Inc.",CDER,Approved,Safety Established,high,"anda, safety, safe","eral Food, Drug, and Cosmetic Act (Act). We have reviewed your petition under Section 505(j) (2) (C) of the Act and have determined that it is approved. This letter represents the Food and Drug Administration’s (FDA) determination that an ANDA may be submitted for the above-referenced drug product. In addition, this petition and your waiver request were evaluated with respect to the “Pediatric Research Equity Act of 2003” (PREA). PREA requires that all applications for new active ingredients, new indications, new dosage forms, new dosing regimens, or new routes of administration include an assessment of the safety and effectiveness of the drug for the claimed indication in all relevant pediatric subpopulations unless the requirement is waived or deferred. Your pending ANDA suitability petition is affected by this Act because it is a petition for a change in dosage form. Clonazepam is labeled for pediatric use for seizure disorders which includes dosing instructions for pediatric patients down to infants. However, pediatric",
FDA-2005-P-0003-0009,FDA-2005-P-0003,FDA/CDER to Sandoz Inc. - Petition Approval,Sandoz Inc.,CDER,Approved,FDA Concurrence,medium,granted,"and other relevant data available to the Agency. Based on our review ofthese materials and for the reasons described below, the Sandoz, Rakoczy, and Orchid Petitions are granted and the Wyeth Petition is granted in part and denied in part. I. BACKGROUND A. Zosyn Zosyn (piperaciIlin and tazobactam for injection) is an injectable antibacterial combination drug product consisting of the semisynthetic antibiotic piperacillin sodium and the p-Iactamase inhibitor tazobactam sodium for intravenous administration. The product is principally administered in hospitals and is indicated for the treatment of patients with moderate to severe infections caused by piperacillin-resistant, piperacillinltazobactam-susceptible, p-Iactamase-producing strains of the designated microorganisms in the specified conditions listed in the labeling. Zosyn is useful as presumptiye therapy in the indicated conditions prior to the identification of causative organisms because of its broad spectrum of bactericidal activity against gram-positive and g",
FDA-2005-P-0009-0003,FDA-2005-P-0009,"Citizen Petition Approval Response Letter from FDA CDER to Lachman Consultant Services, Inc.","Lachman Consultant Services, Inc.",CDER,Approved,Bioequivalence/Therapeutic Equivalence,high,"listed drug, proposed drug product, anda","eral Food, Drug, and Cosmetic Act (Act). We have reviewed your petition under Section 505@(2)(C) of the Act and have determined that it is approved. This letter represents the Food and Drug Administration’s (FDA) determination that an ANDA may be submitted for the above-referenced drug product. Under Section 505(j)(2)(C)(i) of the Act, the FDA must approve a petition seeking a strength that differs from the strength of the listed drug product unless it finds that investigations must be conducted to show the safety and effectiveness of the differing strength. The FDA finds that the change in strength for the specific proposed drug product does not pose questions of safety or effectiveness because the uses, dose, dosage form and route of administration of the proposed drug product are the same as that of the listed drug product. The FDA concludes, therefore, that investigations are not necessary in this instance. In addition, if shown to meet bioavailability requirements, the proposed drug product can be expected to have the",
FDA-2005-P-0266-0007,FDA-2005-P-0266,"FDA/CDER Response Letter to Lachman Consultant Services, Inc - Petition Approval","Lachman Consultant Services, Inc.",CDER,Approved,Bioequivalence/Therapeutic Equivalence,high,"listed drug, proposed drug product, anda","ral Food, Drug, and Cosmetic Act (Act). We have reviewed your petition under Section 505(j)(2)(C) of the Act and have determined that it is approved. This letter represents the Food and Drug Administration's (FDA) determination that an ANDA may be submitted for the above-referenced drug product. Under Section 505(j)(2)(C)(i) of the Act, the FDA must approve a petition seeking a strength that differs from the strength of the listed drug product unless it finds that investigations must be conducted to show the safety and effectiveness of the differing strength. The FDA finds that the change in strength for the specific proposed drug product does not pose questions of safety or effectiveness because the uses, dosage form, and route of administration of the proposed drug product are the same as that of the listed drug product . The FDA concludes, therefore, that investigations are not necessary in this instance . In addition, if shown to meet bioavailability requirements, the proposed drug product can be expected to have the s",
FDA-2006-P-0283-0003,FDA-2006-P-0283,FDA/CVM Response to MacLeon Pharmaceuticals Inc. - Petition Approval,Macleod Pharmaceuticals Inc.,CVM,Approved,Sufficient Evidence,medium,studies,"studies . We will conduct a definitive labeling review when the ANADA for the proposed generic product is submitted to the Center . The generic labeling should be a verbatim copy of the approved labeling for the pioneer, with certain allowable differences, such as manufacturer's tradename and the changes approved in this petition . You may contact Dr . Daniel A. Benz, Generic Animal Drug Team, telephone 301-827- 0 169, for any questions on the specific requirements for the ANADA submission . Sincerely yours, awo+vk Steven D. Vaughn, DVM Director Office of New Animal Drug Evaluation Center for Veterinary Medicine",
FDA-2006-P-0331-0008,FDA-2006-P-0331,FDA to Rakoczy Molino Mazzochi Siwik LLP - Petition Approval,Rakoczy Molino Mazzochi Siwik Llp,CDER,Approved,FDA Concurrence,medium,granted,"and other relevant data available to the Agency. Based on our review ofthese materials and for the reasons described below, the Sandoz, Rakoczy, and Orchid Petitions are granted and the Wyeth Petition is granted in part and denied in part. I. BACKGROUND A. Zosyn Zosyn (piperaciIlin and tazobactam for injection) is an injectable antibacterial combination drug product consisting of the semisynthetic antibiotic piperacillin sodium and the p-Iactamase inhibitor tazobactam sodium for intravenous administration. The product is principally administered in hospitals and is indicated for the treatment of patients with moderate to severe infections caused by piperacillin-resistant, piperacillinltazobactam-susceptible, p-Iactamase-producing strains of the designated microorganisms in the specified conditions listed in the labeling. Zosyn is useful as presumptiye therapy in the indicated conditions prior to the identification of causative organisms because of its broad spectrum of bactericidal activity against gram-positive and g",
FDA-2007-P-0004-0008,FDA-2007-P-0004,"Letter from CDER to Lachman Consultant Services, Inc","Lachman Consultant Services, Inc.",CDER,Approved,Safety Established,high,"anda, safety, safe","that is not identical to NDA 005213. We have reviewed your petition under section 505(j)(2)(C) of the Act and FDA’s implementing regulations at 21 CFR 314.93 and have determined that it is approved. This letter represents FDA’s determination that an ANDA may be submitted for the above-referenced drug product. 1 The Agency has determined that NDA 005213 was not voluntarily withdrawn from sale due to reasons of safety or effectiveness. Notice, Determination that HYCODAN (Hydrocodone Bitartrate and Homatropine Methylbromide) Tablets, 5 Milligrams/1.5 Milligrams, and HYCODAN (Hydrocodone Bitartrate and Homatropine Methylbromide) Oral Solution, 5 Milligrams/5 Milliliters and 1.5 Milligrams/5 Milliliters, Were Not Withdrawn From Sale for Reasons of Safety or Effectiveness, 76 Fed. Reg. 82302 (Dec. 30, 2011). 2 Under section 505(j)(2)(C) of the Act and 21 CFR 314.93(e)(1), FDA will approve a petition properly submitted under § 314.93 seeking a strength that diff",
FDA-2007-P-0016-0006,FDA-2007-P-0016,"FDA/CDER to Lachman Consultant Services, Inc. - Petition Approval","Lachman Consultant Services, Inc.",CDER,Approved,Bioequivalence/Therapeutic Equivalence,high,"listed drug, proposed drug product, anda","eral Food, Drug, and Cosmetic Act (Act). We have reviewed your petition under Section 505G)(2)(C) of the Act and have determined that it is approved. This letter represents the Food and Drug Administration's (FDA) determination that an ANDA may be submitted for the above-referenced drug product. Under Section 505G)(2)(C)(i) of the Act, the FDA must approve a petition seeking a strength that differs from the strength ofthe listed drug product unless it finds that investigations must be conducted to show the safety and effectiveness ofthe differing strength. The FDA finds that the change in strength for the specific proposed drug product does not pose questions of safety or effectiveness because the uses, doses, dosage form, and route of administration of the proposed drug product are the same as that of the listed drug product. The FDA concludes, therefore, that investigations are not necessary in this instance. In addition, if shown to meet bioavailability requirements, the proposed drug product can be expected to have the",
FDA-2007-P-0061-0004,FDA-2007-P-0061,FDA/CDER to Orgenus Pharma Inc. - Petition Approval,"Orgenus Pharma, Inc.",CDER,Approved,Safety Established,high,"anda, safety, safe","eral Food, Drug, and Cosmetic Act (Act). We have reviewed your petition under Section 505G)(2)(C) of the Act and have determined that it is approved. This letter represents the Food and Drug Administration's (FDA) determination that an ANDA may be submitted for the above-referenced drug product. In addition, this petition and your waiver request were evaluated with respect to the ""Pediatric Research Equity Act of 2007"" (PREA). PREA requires that all applications for a new active ingredient, new indication, new dosage form, new dosing regimen, or new route of administration must contain an assessment of the safety and effectiveness of the drug for the claimed indication in relevant pediatric subpopulations unless the requirement is waived or deferred. Your ANDA suitability petition is affected by this Act because it is a petition for a change in dosage form. The FDA has determined that your proposed change in dosage form is subject to PREA, but has concluded that investigations are not necessary to demonstrate the safety an",
FDA-2007-P-0062-0007,FDA-2007-P-0062,"FDA/CDER to  Lachman Consultant Services, Inc.  - Petition Approval","Lachman Consultant Services, Inc.",CDER,Approved,Bioequivalence/Therapeutic Equivalence,high,"listed drug, proposed drug product, anda","eral Food, Drug, and Cosmetic Act (Act). We have reviewed your petition under Section 505(j)(2)(C) ofthe Act and have determined that it is approved. This letter represents the Food and Drug Administration's (FDA) determination that an ANDA may be submitted for the above-referenced drug product. Under Section 505G)(2)(C)(i) ofthe Act, the FDA must approve a petition seeking a strength that differs from the strength ofthe listed drug product unless it finds that investigations must be conducted to show the safety and effectiveness of the differing strength. The FDA finds that the change in strength for the specific proposed drug product does not pose questions ofsafety or effectiveness because the uses, dose, dosage form, and route of administration ofthe proposed drug product are the same as that ofthe listed drug product. The FDA concludes, therefore, that investigations are not necessary in this instance. In addition, if shown to meet bioavailability requirements, the proposed drug product can be expected to have the sam",
FDA-2007-P-0114-0006,FDA-2007-P-0114,"FDA/CDER Response to B. Braun Medical, Inc. - Petition Approval","B. Braun Medical, Inc.",CDER,Approved,Bioequivalence/Therapeutic Equivalence,high,"listed drug, proposed drug product, anda","ral Food, Drug, and Cosmetic Act (Act) . We have reviewed your petition under Section 505(j)(2)(C) of the Act and have determined that it is approved. This letter represents the Food and Drug Administration's (FDA) determination that an ANDA may be submitted for the above-referenced drug product. Under Section 505(j)(2)(C)(i) of the Act, the FDA must approve a petition seeking a strength that differs from the strength of the listed drug product unless it fmds that investigations must be conducted to show the safety and effectiveness of the differing strength . The FDA finds that the change in strength for the specific proposed drug product does not pose questions of safety or effectiveness because the uses, dose, and route of administration of the proposed drug product are the same as that of the listed drug product. The FDA concludes, therefore, that investigations are not necessary in this instance . In addition, if shown to meet bioavailability requirements, the proposed drug product can be expected to have the same the",
FDA-2007-P-0124-0007,FDA-2007-P-0124,"Letter from CDER to Lachman Consultant Services, Inc","Lachman Consultant Services, Inc.",CDER,Approved,Safety Established,high,"anda, safety, safe","t that is not identical to NDA 005213. We have reviewed your petition under section 505(j)(2)(C) of the Act and FDA’s implementing regulations at 21 CFR 314.93 and have determined that it is approved. This letter represents FDA’s determination that an ANDA may be submitted for the above-referenced drug product. Under section 505(j)(2)(C) of the Act and 21 CFR 314.93(e)(1), FDA will approve a petition 1 The Agency has determined that NDA 005213 was not voluntarily withdrawn from sale due to reasons of safety or effectiveness. Notice, Determination that HYCODAN (Hydrocodone Bitartrate and Homatropine Methylbromide) Tablets, 5 Milligrams/1.5 Milligrams, and HYCODAN (Hydrocodone Bitartrate and Homatropine Methylbromide) Oral Solution, 5 Milligrams/5 Milliliters and 1.5 Milligrams/5 Milliliters, Were Not Withdrawn From Sale for Reasons of Safety or Effectiveness, 76 Fed. Reg. 82302 (Dec. 30, 2011). 2 properly submitted under § 314.93 seeking a strength that diff",
FDA-2007-P-0127-0006,FDA-2007-P-0127,"FDA/CDER  to Ebewe Parenta Pharmaceuticals, Inc. - Petition Approval","Ebewe Parenta Pharmaceuticals, Inc.",CDER,Approved,Bioequivalence/Therapeutic Equivalence,high,"listed drug, proposed drug product, anda","eral Food, Drug, and Cosmetic Act (Act). We have reviewed your petition under Section 505G)(2)(C) of the Act and have determined that it is approved. This letter represents the Food and Drug Administration's (FDA) determination that an ANDA may be submitted for the above-referenced drug product. Under Section 505G)(2)(C)(i) of the Act, the FDA must approve a petition seeking a strength that differs from the strength of the listed drug product unless it finds that investigations must be conducted to show the safety and effectiveness ofthe differing strength. The FDA finds that the change in strength for the specific proposed drug product does not pose questions of safety or effectiveness because the uses, dose, and route of administration of the proposed drug product are the same as that ofthe listed drug product. The FDA concludes, therefore, that investigations are not necessary in this instance. In addition, if shown to meet bioavailability requirements, the proposed drug product can be expected to have the same therapeu",
FDA-2007-P-0185-0004,FDA-2007-P-0185,"FDA/CDER  to Lupin Pharmaceuticals, Inc. - Petition Approval","Lupin Pharmaceuticals, Inc.",CDER,Approved,Bioequivalence/Therapeutic Equivalence,high,"listed drug, proposed drug product, anda","eral Food, Drug, and Cosmetic Act (Act). We have reviewed your petition under Section 505G)(2)(C) ofthe Act and have determined that it is approved. This letter represents the Food and Drug Administration's (FDA) determination that an ANDA may be submitted for the above-referenced drug product. Under Section 505G)(2)(C)(i) ofthe Act, the FDA must approve a petition seeking a strength that differs from the strength of the listed drug product unless it finds that investigations must be conducted to show the safety and effectiveness ofthe differing strength. The FDA finds that the change in strength for the specific proposed drug product does not pose questions of safety or effectiveness because the uses, dose, dosage form, and route of administration of the proposed drug product are the same as that of the listed drug product. The FDA concludes, therefore, that investigations are not necessary in this instance. In addition, if shown to meet bioavailability requirements, the proposed drug product can be expected to have the s",
FDA-2007-P-0241-0004,FDA-2007-P-0241,"FDA/CDER Response to B. Braun Medical, Inc. - Petition Approval","B. Braun Medical, Inc.",CDER,Approved,Bioequivalence/Therapeutic Equivalence,high,"listed drug, proposed drug product, anda","eral Food, Drug, and Cosmetic Act (Act). We have reviewed your petition under Section 505(j)(2)(C) of the Act and have determined that it is approved. This letter represents the Food and Drug Administration's (FDA) determination that an ANDA may be submitted for the above-referenced drug product. Under Section 505(j)(2)(C)(i) of the Act, the FDA must approve a petition seeking a strength that differs from the strength of the listed drug product unless it finds that investigations must be conducted to show the safety and effectiveness of the differing strength. The FDA finds that the change in strength for the specific proposed drug product does not pose questions of safety or effectiveness because the uses, dose, and route of administration of the proposed drug product are the same as that of the listed drug product. The FDA concludes, therefore, that investigations are not necessary in this instance . In addition, if shown to meet bioavailability requirements, the proposed drug product can be expected to have the same the",
FDA-2007-P-0289-0006,FDA-2007-P-0289,2007-P-0289 Petition Approval Response Letter,"Lachman Consultant Services, Inc.",CDER,Approved,Bioequivalence/Therapeutic Equivalence,high,"bioequivalence, listed drug, proposed drug product","mitted under that section of the Act. We have reviewed your petition under section 505(j)(2)(C) of the Act and FDA’s implementing regulations at 21 CFR 314.93 and have determined that it is approved. This letter represents FDA’s determination that an ANDA may be submitted for the above-referenced drug product. Under section 505(j)(2)(C) of the Act and 21 CFR 314.93(e)(1), FDA will approve a petition properly submitted under § 314.93 seeking a strength that differs from the strength of the listed drug product unless it finds that one of the grounds for denying such a petition applies. The Agency finds that the proposed change in strength for the proposed drug product does not pose questions of safety or effectiveness. The uses, dose, dosage form, and route of administration of the proposed drug product are the same as that of the listed drug product. The proposed change is consistent with dosing recommendations in the labeling of the listed drug. In addition, if shown to meet bioequivalence requirements, the propo",
FDA-2007-P-0348-0007,FDA-2007-P-0348,FDA/CDER  to King and Spalding LLP - Petition Approval,King And Spalding Llp,CDER,Approved,Safety Established,high,"anda, safety, safe","eral Food, Drug, and Cosmetic Act (Act). We have reviewed your petition under Section 505G)(2)(C) ofthe Act and have determined that it is approved. This letter represents the Food and Drug Administration's (FDA) determination that an ANDA may be submitted for the above-referenced drug product. In addition, this petition and your waiver request were evaluated with respect to the ""Pediatric Research Equity Act of 2007"" (PREA). PREA requires that all applications for a new active ingredient, new indication, new dosage form, new dosing regimen, or new route of administration must contain an assessment ofthe safety and effectiveness of the drug for the claimed indication in relevant pediatric subpopulations unless the requirement is waived or deferred. Your ANDA suitability petition is affected by this Act because it is a petition for a change in dosage form. The FDA has determined that your proposed change in dosage form is subject to PREA, but has concluded that investigations are not necessary to demonstrate the safety and",
FDA-2007-P-0409-0007,FDA-2007-P-0409,"FDA/CDER Response to Lachman Consultant Services, Inc. - Petition Approval","Lachman Consultant Services, Inc.",CDER,Approved,Bioequivalence/Therapeutic Equivalence,high,"listed drug, proposed drug product, anda","eral Food, Drug, and Cosmetic Act (Act). We have reviewed your petition under Section 505(j)(2)(C) of the Act and lxdve determined that it is approved. This letter represents the Food and Drug Administration's (FDA) determination that an ANDA may be submitted for the above-referenced drug products . Under Section 505(j)(2)(C)(i) of the Act, the FDA must approve a petition seeking a strength that differs from the strength of the listed drug product unless it finds that investigations must be conducted to show the safety and effectiveness of the differing strength . The FDA finds that the change in strength for the specific proposed drug product does not pose questions of safety or effectiveness because the uses, doses, dosage form, and route of administration of the proposed drug product are the same as that of the listed drug product. The FDA concludes, therefore, that investigations are not necessary in this instance . In addition, if shown to meet bioavailability requirements, the proposed drug product can be expected to",
FDA-2007-P-0495-0006,FDA-2007-P-0495,"FDA/CDER to Lachman Consultant Services, Inc. - Petition Approval","Lachman Consultant Services, Inc",CDER,Approved,Bioequivalence/Therapeutic Equivalence,high,"listed drug, proposed drug product, anda","eral Eood, Drug, and Cosmetic Act (Act). We have reviewed your petition under Section 505(j)(2)(C) of the Act and have determined that it is approved. This letter represents the Food and Drug Administration's (FDA) determination that an ANDA may be submitted for the above-referenced drug product. Under Section 505(j)(2)(C)(i) of the Act, the FDA must approve a petition seeking a strength that differs from the strength of the listed drug product unless it finds that investigations must be conducted to show the safety and effectiveness of the differing strength . The FDA finds that the change in strength for the specific proposed drug product does not pose questions of safety or effectiveness because the uses, doses, dosage form, and route of administration of the proposed drug product are the same as that of the listed drug product. The FDA concludes, therefore, that investigations are not necessary in this instance . In addition, if shown to meet bioavailability requirements, the proposed drug product can be expected to hav",
FDA-2000-P-1558-0005,FDA-2000-P-1558,Approval Letter from FDA CDER to GensiaSicor Pharm,FDA CDER to GensiaSicor Pharm,CDER,Approved,Bioequivalence/Therapeutic Equivalence,high,"listed drug, proposed drug product, anda","hange that is authorized under the Act. We have reviewed your petition under Section 505(j)(2)(C) of the Federal Food, Drug, and Cosmetic Act (Act) and have determined that it is approved. This letter represents the Agency’s determination that an ANDA may be submitted for the above-referenced drug product. Under Section 505@(2)(C)(i) of the Act, the Agency must approve a petition seeking a strength that differs from the strength of the listed drug product unless it finds that investigations must be conducted to show the safety <and effectiveness of the differing strength. The Agency finds that the change in strength for the specific proposed drug product does not pose questions of safety or effectiveness because the uses, dose, and route of administration of the proposed drug product are the same as that of the listed drug product. The Agency concludes, therefore, that investigations are not necessary in this instance. In addition, if shown to meet bioavailability requirements, the proposed drug product can be expected to",https://www.regulations.gov/document/FDA-2000-P-1558-0005
FDA-2000-P-1381-0006,FDA-2000-P-1381,Petition Approval Letter from FDA to Yamanouchi Ph,FDA to Yamanouchi Ph,,Approved,Safety Established,high,"anda, safety, safe","hange that is authorized under the Act. We have reviewed your petition under Section 505(j)(2)(C) of the Federal Food, Drug, and Cosmetic Act (Act) and have determined that it is approved. This letter-represents the Agency’s determination that .an ANDA may be submitted for the above-referenced drug product. In addition, this petition was evaluated with respect to the Regulations Requiring Manufacturers to Assess the Safety and Effectiveness ofNew Drugs and Biological Products in Pediatric Patients; Final Rule, published in the Federal Register (Pediatric Rule)(63 FR 66632). The Agency has determined that your proposed change in dosage form is subject to the Pediatric Rule, but has concluded that investigatians are not necessary to demonstrate the safety and effectiveness of your proposed product in the pediatric population because the specific drug product that you reference is not intended to be marketed to children under the age of 12. Accordingly, the pediatric study requirement is waived at this time but may be reevalu",https://www.regulations.gov/document/FDA-2000-P-1381-0006
FDA-2000-P-0580-0005,FDA-2000-P-0580,Citizen Petition Approval Response Letter from FDA,FDA,,Approved,Bioequivalence/Therapeutic Equivalence,high,"listed drug, proposed drug product, anda","anges that are authorized under the Act. We have reviewed your petition under Section 505(j)(2)(C) of the Federal Food, Drug, and Cosmetic Act (Act) and have determined that it is approved. This letter represents the Agency's determination that an ANDA may be submitted for the above-referenced drug products. Under Section 505(j)(2)(C)(i) of the Act, the Agency must approve a petition seeking a strength which differs from the strength of the listed drug product unless it finds that investigations must be conducted to show the safety and effectiveness of the differing strength. The Agency finds that the change in strength for the specific proposed drug products does not pose questions of safety or effectiveness because the uses, and route of administration of the proposed drug products are the same as that of the listed drug products. The Agency concludes, therefore, that investigations are not necessary in this instance. In addition, if shown to meet bioavailability requirements, the proposed drug product can be expected to",https://www.regulations.gov/document/FDA-2000-P-0580-0005
FDA-2001-P-0452-0001,FDA-2001-P-0452,Approval Letter from FDA CDER to AA1 International,FDA CDER to AA1 International,CDER,Approved,Bioequivalence/Therapeutic Equivalence,high,"listed drug, proposed drug product, anda","deral Food, Drug, and Cosmetic Act (Act). We have reviewed your petition under Section 505(j)(2)(C) of the Act and have determined that it is approved. This letter represents the Agency's determination that an ANDA may be submitted for the above-referenced drug products. Under Section 505(j)(2)(C)(i) of the Act, the Agency must approve a petition seeking a strength that differs from the strength of the listed drug product unless it finds that investigations must be conducted to show the safety and effectiveness of the differing strength. The Agency finds that the change in strength for the specific proposed drug products do not pose questions of safety or effectiveness because the uses, dose, and route of administration of the proposed drug products are the same as that of the listed drug product. The Agency concludes, therefore, that investigations are not necessary in this instance. In addition, if shown to meet bioavailability requirements, the proposed drug products can be expected to have the same therapeutic effect as the listed",https://www.regulations.gov/document/FDA-2001-P-0452-0001
FDA-2003-P-0181-0003,FDA-2003-P-0181,Petition Approval from FDA CDER to Lachman Consult,FDA CDER to Lachman Consult,CDER,Approved,Bioequivalence/Therapeutic Equivalence,high,"listed drug, proposed drug product, anda","ral Food, Drug, and Cosmetic Act (Act). We have reviewed your petition under Section 505@(2)(C) of the Act and have determined that it is approved. This letter represents the Food and Drug Administration’s (FDA) determination that an ANDA may be submitted for the above-referenced drug product. Under Section 505(j)(2)(C)(i) of the Act, the FDA must approve a petition seeking a strength that differs from the strength of the listed drug product unless it finds that investigations must be conducted to show the safety and effectiveness of the differing strength. The FDA finds that the change in strength for the specific proposed drug product does not pose questions of safety or effectiveness because the uses, dose, dosage form and route of administration of the proposed drug product are the same as that of the listed drug product. The FDA concludes, therefore, that investigations are not necessary in this instance. In addition, if shown to meet bioavailability requirements, the proposed drug product can be expected to have t",https://www.regulations.gov/document/FDA-2003-P-0181-0003
FDA-2003-P-0118-0004,FDA-2003-P-0118,Petition Approval from FDA CVM to Vetoquinol N  A ,FDA CVM to Vetoquinol N  A,CVM,Approved,Other Approval Reason,low,,"Pl Page 2 We will conduct a definitive labeling review when the ANADA for the proposed generic product is submitted to the Center. The generic labeling should be a verbatim copy of the approved labeling for the pioneer, with certain allowable differences, such as manufacturer’s tradename and the changes approved in this petition. You may contact Dr. Lonnie W. Luther, Generic Animal Drug Team, telephone 301-827- 8549, for any questions on the specific requirements for the ANADA submission. Sincerely yours, Director Office of New Animal Drug Evaluation Center for Veterinary Medicine",https://www.regulations.gov/document/FDA-2003-P-0118-0004
FDA-2003-P-0121-0002,FDA-2003-P-0121,Petition Approval from FDA CDER to Lachman Consult,FDA CDER to Lachman Consult,CDER,Approved,Bioequivalence/Therapeutic Equivalence,high,"listed drug, proposed drug product, anda","eral Food, Drug, and Cosmetic Act (Act). We have reviewed your petition under Section 505@(2)(C) of the Act and have determined that it is approved. This letter represents the Food and Drug Administration’s (FDA) determination that an ANDA may be submitted for the above-referenced drug product. Under Section 505@(2)(C)(i) of the Act, the FDA must approve a petition seeking a strength that differs from the strength of the listed drug product unless it finds that investigations must be conducted to show the safety and effectiveness of the differing strength. The FDA finds that the change in strength for the specific proposed drug product does not pose questions of safety or effectiveness because the uses, dose, dosage form and route of administration of the proposed drug product are the same as that of the listed drug product. The approved labeling of the listed drug indicates that the maximum recommended dose for ArnarylS (Glimepiride) Tablets is 8 mg once daily. The FDAconcludes, therefore, that investigations are not nece",https://www.regulations.gov/document/FDA-2003-P-0121-0002
FDA-2003-P-0119-0001,FDA-2003-P-0119,Petition Approval from FDA CDER to Lachman Consult,FDA CDER to Lachman Consult,CDER,Approved,Bioequivalence/Therapeutic Equivalence,high,"listed drug, proposed drug product, anda","eral Food, Drug, and Cosmetic Act (Act). We have reviewed your petition under Section 505@(2)(C) of the Act and have determined, that it is approved. This letter represents the Food and Drug Administration’s (FDA) determination that an ANDA may be submitted for the above-referenced drug product. Under Section 505@(2)(C)(i) of the Act,‘the FDA must approve a petition seeking a strength that differs from the, strength of the listed drug product unless it finds that investigations must be conducted to show the safety and effectiveness of the differing strength.’ The FDA finds that the ch,ange in strength for the specific proposed drug product does not pose questions of safety or effectiveness because the uses, dose, and route of administration of the proposed drug product is the same as that of the listed drug product. The FDA concludes, therefore, that investigations are not necessary in this instance. In addition, if shown to meet bioavailability requirements, the proposed drug product can be expected to have the same jL t",https://www.regulations.gov/document/FDA-2003-P-0119-0001
FDA-2003-P-0180-0002,FDA-2003-P-0180,Petition Approval from FDA CDER to Taro Pharmaceut,FDA CDER to Taro Pharmaceut,CDER,Approved,Bioequivalence/Therapeutic Equivalence,high,"listed drug, proposed drug product, anda","ral Food, Drug, and Cosmetic Act (Act). We have reviewed your petition under Section 505($(2)(C) of the Act and have determined that it is approved. This letter represents the Food and Drug Administration’s (FDA) determination that an ANDA may be submitted for the above-referenced drug product. Under Section 505@(2)(C)(i) of the Act, the FDA must approve a petition seeking a strength that differs from the strength of the listed drug product unless it finds that investigations must be conducted to show the safety and effectiveness of the differing strength. The FDA finds that the change in strength for the specific proposed drug product does not pose questions of safety or effectiveness because the uses, dose, dosage form and route of administration of the proposed drug product are the same as that of the listed drug product. The approved labeling for the listed drug indicates that doses of war-far-in sodium must be individualized and adjusted for each patient based upon the patient’s PTLNR response to the drug and that ce",https://www.regulations.gov/document/FDA-2003-P-0180-0002
FDA-2003-P-0172-0004,FDA-2003-P-0172,Petition Approval from FDA CVM to Jurox PTY  Limit,FDA CVM to Jurox PTY  Limit,CVM,Approved,Sufficient Evidence,medium,"studies, appropriate","y studies. We will conduct a definitive labeling review when the ANADA for the proposed generic product is submitted to the Center. The generic labeling should be a verbatim copy of the approved labeling for the pioneer, with certain allowable differences, such as manufacturer’s tradename and other appropriate changes. SP 03P-0552/CPl Page 2 You may contact Dr. Lonnie W. Luther, Chief, Generic Animal Drug Team, at 301-827- 8549, for any questions on the specific requirements for the ANADA submission. Sincerely yours, Steven D. Vau&n, DVM Director Office of New Animal Drug Evaluation Center for Veterinary Medicine",https://www.regulations.gov/document/FDA-2003-P-0172-0004
FDA-2004-P-0215-0038,FDA-2004-P-0215,FDA CDER Response to Hill Dermaceuticals  Inc    P,Hill Dermaceuticals  Inc    P,CDER,Approved,Other Approval Reason,low,,"consider the issues raised by the petition in the review of any related applications, but not to respond substantively to the petition until the specific issues have been addressed in the application review context. This approach acknowledges that for complex scientific issues, the review of paricular applications can inform and enhance the decision-making process. In addition, the Agency wil consider the procedural protections embodied in statute and regulations for a sponsor whose application may be determined by the Agency not to meet the requirements for approvaL. Sections 505(c) and 505U) of the Act; 21 CFR 314.110,314.125, 314.127. Cf Draft guidance for industry, Citizen Petitions and Petitions for Stay of Action Subject to Section 505(q) of the Federal Food, Drug, and Cosmetic Act, pp. 11-12 (January 2009) (addressing relationship between citizen petitions subject to section 505( q) of the Act and the review of pending applications), available on FDA's Web site at http://www.fda.gov/cder/guidance/index.htm (last visited March",https://www.regulations.gov/document/FDA-2004-P-0215-0038
FDA-2005-P-0011-0003,FDA-2005-P-0011,Petition Approval from FDA CDER to Lachman Consult,FDA CDER to Lachman Consult,CDER,Approved,Bioequivalence/Therapeutic Equivalence,high,"listed drug, proposed drug product, anda","eral Food, Drug, and Cosmetic Act (Act). We have reviewed your petition under Section 505@(2)(C) of the Act and have determined that it is approved. This letter represents the-Food and Drug Administration’s (FDA) determination that an ANDA may be submitted for the above-referenced drug product. Under Section 505(j)(2)(C)(i) of the Act, the FDA must approve a petition seeking a strength that differs from the strength of the listed drug product unless it finds that investigations must be conducted to show the safety and effectiveness of the differing strength. The FDA finds that the change in strength for the specific proposed drug product does not pose questions of safety or effectiveness because the uses, dose, dosage form and route of administration of the proposed drug product are the same as that of the listed drug product. The FDA concludes, therefore, that investigations are not necessary in this instance. In addition, if shown to meet bioavailability requirements, the proposed drug productcan be expected to have the",https://www.regulations.gov/document/FDA-2005-P-0011-0003
FDA-2005-P-0267-0003,FDA-2005-P-0267,Petition Approval from FDA CDER to Samson Medical ,FDA CDER to Samson Medical,CDER,Approved,Bioequivalence/Therapeutic Equivalence,high,"listed drug, proposed drug product, safety","ral Food, Drug, and Cosmetic Act (Act) . We have reviewed your petition under Section 505(j)(2)(C) of the Act and have determined that it is approved . This letter represents the Food and Drug Administration's (FDA) determination that an A.NDA may be submitted for the above-referenced drug product . Under Section 505(j)(2)(C)(i) of the Act, the FDA must approve a petition seeking a strength that differs from the strength of the listed drug product unless it finds that investigations must be conducted to show the safety and effectiveness of the differing strength . The FDA finds that the change in strength far the specific proposed drug product does not pose questions of safety or effectiveness because the uses, dose, and route of administration of the proposed drug product are the same as that of the listed drug product . The FDA concludes, therefore, that investigations are not necessary in this instance . In addition, if shown to meet bioavailability requirements, the proposed drug product can be expected to have the same",https://www.regulations.gov/document/FDA-2005-P-0267-0003
FDA-2005-P-0265-0002,FDA-2005-P-0265,Petition Approval from FDA CDER to Lupin Pharmaceu,FDA CDER to Lupin Pharmaceu,CDER,Approved,Bioequivalence/Therapeutic Equivalence,high,"listed drug, proposed drug product, anda","eral Food, Drug, and Cosmetic Act (Act). We have reviewed your petition under Section 505(j)(2)(C) of the Act and have determined that it is approved. This letter represents the Food and Drug Administration’s (FDA) determination that an ANDA may be submitted for the above-referenced drug product. Under Section 505(j)(2)(C)(i) of the Act, the FDA must approve a petition seeking a strength that differs fi-om the strength of the listed drug,product unfess it finds that investigations must be conducted to show the safety and effectiveness of the differing strength. The FDA finds that the change in strength for the specific proposed drug ,product does not pose questions of safety or effectiveness because the uses, dose, dosage form and route of administration of the proposed drug product are the same as that of the listed drug product. The FDA concludes, therefore, that investigations are not necessary in this instance. In addition, if shown to meet bioavailability requirements, the proposed drug product can be expected to have",https://www.regulations.gov/document/FDA-2005-P-0265-0002
FDA-2005-P-0010-0003,FDA-2005-P-0010,Petition Approval from FDA CDER to Lachman Consult,FDA CDER to Lachman Consult,CDER,Approved,Bioequivalence/Therapeutic Equivalence,high,"listed drug, proposed drug product, anda","eral Food, Drug, and Cosmetic Act (Act). We have reviewed your petition under Section 505@(2)(C) of the Act and have determined that it is approved. This letter represents the Food and Drug Administration’s (FDA) determination that an ANDA may be submitted for the above-referenced drug products. Under Section 505@(2)(C)(i) of the Act, the FDA must approve a petition seeking a strength that differs from the strength of the listed drug product unless it finds that investigations must be conducted to show the safety and effectiveness of the differing strength. The FDA finds that the change in strength for the specific proposed drug products does not pose questions of safety or effectiveness because the uses, dose, dosage form and route of administration of the proposed drug products are the same as that of the listed drug product. The FDA concludes, therefore, that investigations are not necessary in this instance. In addition, if shown to meet bioavailability requirements, the proposed drug products can be expected to have t",https://www.regulations.gov/document/FDA-2005-P-0010-0003
FDA-2005-P-0069-0003,FDA-2005-P-0069,Petition Approval from FDA CDER to Lachman Consult,FDA CDER to Lachman Consult,CDER,Approved,Safety Established,high,"anda, safety, safe","eral Food, Drug, and Cosmetic Act (Act). We have reviewed your petition under Section 505(j)(2)(C) of the Act and have determined that it is approved. This letter represents the Food and Drug Administration's (FDA) determination that an ANDA may be submitted for the above-referenced drug product. In addition, this petition and your waiver request were evaluated with respect to the ""Pediatric Research Equity Act of 2003"" (PREA) that was signed into law on December 2,2003. PREA requires that all applications for a new active ingredient, new indication, new dosage form, new dosing regimen, or new route of administration must contain an assessment of the safety and effectiveness of the drug for the claimed indication in relevant pediatric subpopulations unless the requirement is waived or deferred. Your ANDA suitability petition is affected by this Act because it is a petition for a change in dosage form. The FDA has determined that your proposed change in dosage form is subject to PREA, but has concluded that investigations ar",https://www.regulations.gov/document/FDA-2005-P-0069-0003
FDA-2005-P-0268-0003,FDA-2005-P-0268,Petition Approval from FDA CDER to Lachman Consult,FDA CDER to Lachman Consult,CDER,Approved,Bioequivalence/Therapeutic Equivalence,high,"listed drug, proposed drug product, anda","eral Food, Drug, and Cosmetic Act (Act). We have reviewed your petition under Section 505@(2)(C) of the Act and have determined that it is approved. This letter represents the Food and Drug Administration’s (FDA) determination that an ANDA may be submitted for the above-referenced drug product. Under Section 505(j)(2)(C)(i) of the Act, the FDA must approve a petition seeking a strength that differs from the strength of the listed drug product unless it finds that investigations must be conducted to show the safety and effectiveness of the differing strength. The FDA finds that the change in strength for the specific proposed drug product does not pose questions of safety or effectiveness because the uses, dose, dosage form and route of administration of the proposed drug product are the same as that of the listed drug product. The FDA concludes, therefore, that investigations are not necessary in this instance. In addition, if shown to meet bioavailability requirements, the proposed drug product can be expected to have the",https://www.regulations.gov/document/FDA-2005-P-0268-0003
FDA-2005-P-0202-0003,FDA-2005-P-0202,Petition Approval from FDA CDER to Lachman Consult,FDA CDER to Lachman Consult,CDER,Approved,Bioequivalence/Therapeutic Equivalence,high,"listed drug, proposed drug product, anda","eral Food, Drug, and Cosmetic Act (Act). We have reviewed your petition under Section 505@(2)(C) of the Act and have determined that it is approved. This letter represents the Food and Drug Administration’s (FDA) determination that an ANDA may be submitted for the above-referenced drug product. Under Section 505(j)(2)(C)(i) of the Act, the FDA must approve a petition seeking a strength that differs from the strength of the listed drug product unless it finds that investigations must be conducted to show the safety and effectiveness of the differing strength. The FDA finds that the change in strength for the specific proposed drug product does not pose questions of safety or effectiveness because the uses, dose, dosage form and route of administration of the proposed drug product are the same as that of the listed drug product. The FDA concludes, therefore, that investigations are not necessary in this instance.. In addition, if shown to meet bioavailability requirements, the proposed drug product -can be expected to have t",https://www.regulations.gov/document/FDA-2005-P-0202-0003
FDA-2009-P-0109-0004,FDA-2009-P-0109,FDA 2009 P 0109 Petition Approval,,,Approved,Bioequivalence/Therapeutic Equivalence,high,"listed drug, proposed drug product, anda","ral Food, Drug, and Cosmetic Act (Act). We have reviewed your petition under Section 505G)(2)(C) of the Act and have determined that it is approved. This letter represents the Food and Drug Administration's (FDA) determination that an ANDA may be submitted for the above-referenced drug product. Under Section 505(j)(2)(C)(i) of the Act, the FDA must approve a petition seeking a strength that differs from the strength of the listed drug product unless it finds that investigations must be conducted to show the safety and effectiveness ofthe differing strength. The FDA finds that the change in strength for the specific proposed drug product does not pose questions of safety or effectiveness because the uses, dose, dosage form, and route of administration of the proposed drug product are the same as that of the listed drug product. The FDA concludes, therefore, that investigations are not necessary in this instance. In addition, if shown to meet bioavailability requirements, the proposed drug product can be expected to have th",https://www.regulations.gov/document/FDA-2009-P-0109-0004
FDA-2009-P-0123-0011,FDA-2009-P-0123,FDA CDER Response to Auxilium Pharmaceuticals  Inc,Auxilium Pharmaceuticals  Inc,CDER,Approved,Sufficient Evidence,medium,studies,"ximately 90 percent remains on the skin surface. Because of concerns about interpersonal transfer of Testim, the product labeling currently contains the following precautions: "" Patients should wash their hands thoroughly and immediately with soap and water after application of Testim . Studies of hand-washing show that Testim is effectively removed from the skin surface by thorough washing with soap and water . "" Patients should cover the application site(s) with clothing after the gel has dried (e.g ., a shirt) . "" Prior to any situation in which direct skin-to-skin contact is anticipated, patients should wash the application sites thoroughly with soap and water so as to remove drug residue . "" In the event that unwashed or unclothed skin to which Testim has been applied does come in direct contact with the skin of another person, the general area of contact on the other person should be washed thoroughly with soap and water as soon as possible . "" Changes in body hair distribution, significant increase in acne,",https://www.regulations.gov/document/FDA-2009-P-0123-0011
FDA-2009-P-0067-0003,FDA-2009-P-0067,FDA 2009 P 0067  Petition Approval,,,Approved,Bioequivalence/Therapeutic Equivalence,high,"listed drug, proposed drug product, anda","ral Food, Drug, and Cosmetic Act (Act). We have reviewed your petition under Section 505G)(2)(C) of the Act and have determined that it is approved. This letter represents the Food and Drug Administration's (FDA) determination that an ANDA may be submitted for the above-referenced drug product. Under Section 505G)(2)(C)(i) ofthe Act, the FDA must approve a petition seeking a strength that differs from the strength of the listed drug product unless it finds that investigations must be conducted to show the safety and effectiveness of the differing strength. The FDA finds that the change in strength for the specific proposed drug product does not pose questions of safety or effectiveness because the uses, dose, dosage form, and route of administration of the proposed drug product are the same as that of the listed drug product. The FDA concludes, therefore, that investigations are not necessary in this instance. In addition, if shown to meet bioavailability requirements, the proposed drug product can be expected to have the",https://www.regulations.gov/document/FDA-2009-P-0067-0003
FDA-2009-P-0107-0004,FDA-2009-P-0107,Approval Letter from FDA CDER to APP Pharmaceutica,FDA CDER to APP Pharmaceutica,CDER,Approved,Bioequivalence/Therapeutic Equivalence,high,"bioequivalence, listed drug, proposed drug product","bmitted under that section of the Act. We have reviewed your petition under section 505(j)(2)(C) of the Act and FDA’s implementing regulations at 21 CFR 314.93 and have determined that it is approved. This letter represents FDA’s determination that an ANDA may be submitted for the above-referenced drug product. Under section 505(j)(2)(C) of the Act and 21 CFR 314.93(e)(1), FDA will approve a petition properly submitted under § 314.93 seeking a strength that differs from the strength of the listed drug product unless it finds that one of the grounds for denying such a petition applies. The Agency finds that the proposed change in strength for the proposed drug product does not pose questions of safety or effectiveness. The uses, dose, dosage form, and route of administration of the proposed drug product are the same as that of the listed drug product. In addition, the proposed change is consistent with dosing recommendations in the labeling of the listed drug. In addition, if shown to meet bioequivalence requirement",https://www.regulations.gov/document/FDA-2009-P-0107-0004
FDA-2009-P-0108-0003,FDA-2009-P-0108,FDA 2009 P 0108 Petition Approval,,,Approved,Bioequivalence/Therapeutic Equivalence,high,"listed drug, proposed drug product, anda","ral Food, Drug, and Cosmetic Act (Act). We have reviewed your petition under Section 505(j)(2)(C) of the Act and have determined that it is approved. This letter represents the Food and Drug Administration's (FDA) determination that an ANDA may be submitted for the above-referenced drug product. Under Section 505(j)(2)(C)(i) of the Act, the FDA must approve a petition seeking a strength that differs from the strength of the listed drug product unless it finds that investigations must be conducted to show the safety and effectiveness of the differing strength. The FDA finds that the change in strength for the specific proposed drug product does not pose questions of safety or effectiveness because the uses, dose, dosage form, and route of administration of the proposed drug product are the same as that ofthe listed drug product. The FDA concludes, therefore, that investigations are not necessary in this instance. In addition, if shown to meet bioavailability requirements, the proposed drug product can be expected to have t",https://www.regulations.gov/document/FDA-2009-P-0108-0003
FDA-2009-P-0102-0005,FDA-2009-P-0102,Citizen Petition Approval Response Letter from FDA,FDA,,Approved,Bioequivalence/Therapeutic Equivalence,high,"listed drug, proposed drug product, anda","mitted under that section of the Act. We have reviewed your petition under section 505(j)(2)(C) of the Act and FDA’s implementing regulations at 21 CFR 314.93 and have determined that it is approved. This letter represents FDA’s determination that an ANDA may be submitted for the above-referenced drug product. Under section 505(j)(2)(C) of the Act and 21 CFR 314.93(e)(1), FDA will approve a petition properly submitted under § 314.93 seeking a strength that differs from the strength of the listed drug product unless it finds that one of the grounds for denying such a petition applies. The Agency finds that the proposed change in strength for the proposed drug product does not pose questions of safety or effectiveness. The uses, dose, dosage form, and route of administration of the proposed drug product are the same as that of the listed drug product. In addition, the proposed change is consistent with dosing recommendations in the labeling of the listed drug. Therefore, FDA concludes that the proposed change would",https://www.regulations.gov/document/FDA-2009-P-0102-0005
FDA-2011-P-0031-0004,FDA-2011-P-0031,Petition Approval Response,,,Approved,Bioequivalence/Therapeutic Equivalence,high,"bioequivalence, listed drug, proposed drug product","ion filed under section 505(j)(2)(C). We have reviewed your petition under section 505(j)(2)(C) of the Act and have determined that it is approved. This letter represents FDA’s determination that an ANDA may be submitted for the above-referenced drug product. Under section 505(j)(2)(C)(i) of the Act, FDA will approve a petition seeking a strength that differs from the strength of the listed drug product unless it finds that investigations must be conducted to show the safety and effectiveness of the differing strength. The Agency finds that the change in strength for the specific proposed drug product does not pose questions of safety or effectiveness because the uses, dosage form, and route of administration of the proposed drug product are the same as that of the listed drug product. The FDA concludes, therefore, that investigations are not necessary in this instance. In addition, if shown to meet bioequivalence requirements, the proposed drug product can be expected to have the same therapeutic effect as the l",https://www.regulations.gov/document/FDA-2011-P-0031-0004
FDA-2011-P-0433-0005,FDA-2011-P-0433,Final Citizen Petition Response  FDA 2011 P 0433  ,,,Approved,Bioequivalence/Therapeutic Equivalence,medium,"anda, granted","roposed higher impurity levels. We have carefully reviewed your Petition along with other information available to the Agency. For the reasons discussed below, your Petition is granted in part and denied in part. I. SUMMARY OF FDA'S DECISION As discussed more fully below, two of the impurities that are the subject of your petition are a,ß-unsaturated ketones (also known as ""ABUKs""). Your Petition is the third citizen petition over the past several years addressing ABUKs in opioid drug substances. The Agency has been working to lower the levels of these potentially genotoxic impurities since 2002, when we first confirmed the presence of an ABUK impurity in an opioid drug substance. In the following years, we established acceptable levels for ABUKs in APIs, tightening our standards as compliance became technologically feasible, and correspondingly increasing our expectations of applicants seeking approval of opioid Docket No. FDA-201 1-P-0433 products. In 2010, we articulated our current policy in a citizen petition response,1 statin",https://www.regulations.gov/document/FDA-2011-P-0433-0005
FDA-2011-P-0173-0004,FDA-2011-P-0173,FDA CDER to Hospira  Inc    Petiton Approval,Hospira  Inc    Petiton Approval,CDER,Approved,Bioequivalence/Therapeutic Equivalence,high,"bioequivalent, listed drug, reference listed drug","petitions and other information available to us. Because both petitions raise similar issues, we are consolidating our response. For the reasons stated below, your petitions are granted. i. BACKGROUND A. Reference Listed Drugs Section 5050) of the Federal Food, Drug, and Cosmetic Act (FD&C Act)2 allows the marketing of generic versions of previously approved drug products when the generic drug product is the subject of an approved ANDA. To obtain approval, an ANDA applicant must demonstrate, among other things, that with respect to a listed drug (i.e., a previously approved drug product), the generic drug product is bioequivalent and has the same active ingredient, conditions of use, route(s) of administration, dosage form, i For ease, this response will generally refer to approved drug products by their new drug application (NDA) or ANDA numbers. 2 Section 505 of the FD&C Act appears in the United States Code at 21 U.S.C. 355. Docket Nos. FDA-2011-P-0059 and FDA-2011-P-0173 strength, and labeling (with certain permissible differ",https://www.regulations.gov/document/FDA-2011-P-0173-0004
FDA-2011-P-0818-0005,FDA-2011-P-0818,Petition Approval Letter,,,Approved,Bioequivalence/Therapeutic Equivalence,high,"listed drug, proposed drug product, anda","bmitted under that section of the Act. We have reviewed your petition under section 505(j)(2)(C) of the Act and FDA’s implementing regulations at 21 CFR 314.93 and have determined that it is approved. This letter represents FDA’s determination that an ANDA may be submitted for the above-referenced drug product. Under section 505(j)(2)(C) of the Act and 21 CFR 314.93(e)(1), FDA will approve a petition properly submitted under § 314.93 seeking a strength that differs from the strength of the listed drug product unless it finds that one of the grounds for denying such a petition applies. The Agency finds that the proposed change in strength for the proposed drug product does not pose questions of safety or effectiveness. The uses, dosage form, and route of administration of the proposed drug product are the same as that of the listed drug product. Therefore, FDA concludes that the proposed change would not jeopardize the safe or effective use of the product so as to necessitate significant labeling changes, and invest",https://www.regulations.gov/document/FDA-2011-P-0818-0005
FDA-2011-P-0913-0004,FDA-2011-P-0913,FDA CDER Response to KVKTech Inc Petition Approval,KVKTech Inc Petition Approval,CDER,Approved,Bioequivalence/Therapeutic Equivalence,high,"listed drug, proposed drug product, anda","eral Food, Drug, and Cosmetic Act (Act). We have reviewed your petition under Section 505(j)(2)(C) of the Act and have determined that it is approved. This letter represents the Food and Drug Administration's (FDA) determination that an ANDA may be submitted for the above-referenced drug product. Under Section 505(j)(2)(C)(i) of the Act, the FDA must approve a petition seeking a strength that differs from the strength of the listed drug product unless it finds that investigations must be conducted to show the safety and effectiveness of the differing strength. The FDA finds that the change in strength for the specific proposed drug product does not pose questions of safety or effectiveness because the uses, dose, and route of administration of the proposed drug product are the same as that of the listed drug product. The FDA concludes, therefore, that investigations are not necessary in this instance. In addition, if shown to meet bioavailability requirements, the proposed drug product can be expected to have the same ther",https://www.regulations.gov/document/FDA-2011-P-0913-0004
FDA-2011-P-0606-0005,FDA-2011-P-0606,FDA CDER to Actavis Inc  Petition Approval,Actavis Inc  Petition Approval,CDER,Approved,Bioequivalence/Therapeutic Equivalence,high,"bioequivalent, therapeutic equivalence, listed drug","drug products for which the data that have been reviewed by the Agency are insufficient to determine therapeutic equivalence under the policies stated in this document. In these situations, the drug products are presumed to be therapeutically inequivalent until the Agency has determined that there is adequate information to make a full evaluation of therapeutic equivalence.3 B. Reference Listed Drugs (RLDs) Section 5050) of the Federal Food, Drug, and Cosmetic Act (the FD&C Act) (21 U.S.C. 355G)) allows the marketing of generic versions of previously approved drug products when the generic drug product is the subject of an approved abbreviated new drug application (ANDA). To obtain approval, the ANDA sponsor must show, among other things, that with respect to a listed drug (i.e., a previously approved drug product), the generic drug product (1) has the same active ingredient(s) in the same strength, (2) has essentially identical labeling, and (3) is bioequivalent. A listed drug is a new drug product that has an effectiv",https://www.regulations.gov/document/FDA-2011-P-0606-0005
FDA-2011-P-0728-0003,FDA-2011-P-0728,WraSer Pharmaceuticals  LLC Petition Approval,,,Approved,Bioequivalence/Therapeutic Equivalence,high,"listed drug, proposed drug product, anda","eral Food, Drug, and Cosmetic Act (Act). We have reviewed your petition under Section 505G)(2)(C) of the Act and have determined that it is approved. This letter represents the Food and Drug Administration's (FDA) determination that an ANDA may be submitted for the above-referenced drug product. Under Section 505G)(2)(C)(i) of the Act, the FDA must approve a petition seeking a strength that differs from the strength of the listed drug product unless it finds that investigations must be conducted to show the safety and effectiveness of the differing strength. The FDA finds that the change in strength for the specific proposed drug product does not pose questions of safety or effectiveness because the uses, dose, and route of administration of the proposed drug product are the same as that of the listed drug product. The FDA concludes, therefore, that investigations are not necessary in this instance. In addition, if shown to meet bioavailability requirements, the proposed drug product can be expected to have the same therap",https://www.regulations.gov/document/FDA-2011-P-0728-0003
FDA-2011-P-0059-0004,FDA-2011-P-0059,Citizen Petition Approval Response Letter from FDA,FDA,,Approved,Bioequivalence/Therapeutic Equivalence,high,"bioequivalent, listed drug, reference listed drug","petitions and other information available to us. Because both petitions raise similar issues, we are consolidating our response. For the reasons stated below, your petitions are granted. i. BACKGROUND A. Reference Listed Drugs Section 5050) of the Federal Food, Drug, and Cosmetic Act (FD&C Act)2 allows the marketing of generic versions of previously approved drug products when the generic drug product is the subject of an approved ANDA. To obtain approval, an ANDA applicant must demonstrate, among other things, that with respect to a listed drug (i.e., a previously approved drug product), the generic drug product is bioequivalent and has the same active ingredient, conditions of use, route(s) of administration, dosage form, i For ease, this response will generally refer to approved drug products by their new drug application (NDA) or ANDA numbers. 2 Section 505 of the FD&C Act appears in the United States Code at 21 U.S.C. 355. Docket Nos. FDA-2011-P-0059 and FDA-2011-P-0173 strength, and labeling (with certain permissible differ",https://www.regulations.gov/document/FDA-2011-P-0059-0004
FDA-2011-P-0226-0004,FDA-2011-P-0226,FDA CDER response to Hyman  Phelps   McNamara  P C,Hyman  Phelps   McNamara  P C,CDER,Approved,Bioequivalence/Therapeutic Equivalence,high,"anda, orange book, rld","ivalent and cannotbe substituted for one another. Because the IMS formulation is not currently designated as an RLD, an ANDA cannot be submitted for the IMS formulation. Accordingly, we agree that the IMS product is, effectively, shielded from generic competition because it is not currently designated as an RLD. We have examined the issues presented in your petition and have determined that you have stated grounds establishing that it is in the public interest to allow the submission of ANDAs that cite IMS' Phytonadione Injection as the RLD. Therefore, in accordance with the policy stated in the 1992 final rule, we wil designate the IMS product as a second RLD for phytonadione injection, 1mg/0.5mL. If we approve any ANDAs for phytonadione injection with IMS' product as the RLD, we wil take appropriate steps to make it clear in the Orange Book that a generic drug product that is therapeutically equivalent to either IMS Phytonadione Injection or Hospira's Vitamin K1 is not therapeutically equivalent to the other. i As identified in FDA",https://www.regulations.gov/document/FDA-2011-P-0226-0004
FDA-2011-P-0081-0012,FDA-2011-P-0081,Notice of Approval Suspension for ANDA 060851,,ORA,Approved,Bioequivalence/Therapeutic Equivalence,high,"listed drug, anda, rld","s the basis of submission for ANDA 060851. Upon review of the relevant law and facts, FDA determined under 21 CFR 314.161 that this RLD product was withdrawn from sale for reasons of safety or effectiveness. FDA published this determination in the Federal Register of July 13, 2012.2 FDA also notified Armenpharm of the Agency’s decision by a letter dated July 13, 2012.3 Enclosed is a copy of the July 13, 2012 letter that sets out the reasoning for the Agency’s determination. Section 505(j)(6) of the Federal Food, Drug, and Cosmetic Act authorizes FDA to suspend approval of an ANDA if the RLD is voluntarily withdrawn from sale for what FDA determines are safety or effectiveness reasons.4 Under 21 CFR 314.161(d), if FDA determines that a listed drug is withdrawn from sale for safety or effectiveness reasons, the Agency will initiate proceedings under 21 CFR 314.153(b) that could result in the suspension of approval of the ANDAs that refer to the listed drug.",https://www.regulations.gov/document/FDA-2011-P-0081-0012
FDA-2012-P-0906-0003,FDA-2012-P-0906,FDA CDER Response to Lachman Consultant Services I,Lachman Consultant Services I,CDER,Approved,Bioequivalence/Therapeutic Equivalence,high,"anda, orange book, rld","a is effectively shielded from direct competition because it is not therapeutically equivalent to the currently designated RLD and is not itself designated an RLD. You state that the market share for Absorica could be significant, and other companies may wish to compete in this potential market. Accordingly, you state that Absorica should be designated as an RLD for isotretinoin capsule so that ANDAs may be submitted for generic versions of Absorica. We have examined the issues presented in your petition and have determined that you have stated grounds establishing that it is in the public interest to allow the submission of ANDAs that cite Absorica as the RLD. Therefore, in accordance with the policy stated in the 1992 final rule, we will designate Absorica as a second RLD for isotretinoin capsule. We are aware that the presence of two RLDs in the Orange Book might create the potential for confusion and inappropriate substitution. If we approve any ANDAs for isotretinoin capsule with Absorica as the RLD, we will take appr",https://www.regulations.gov/document/FDA-2012-P-0906-0003
FDA-2012-P-1127-0004,FDA-2012-P-1127,FDA CDER Response to Strides Inc Petition Approval,Strides Inc Petition Approval,CDER,Approved,Safety Established,high,"rld, safety, safe","Docket No. FDA-2012-P-1127 RLD. In particular, we have determined that this drug product is a single source for a 20mg/m1 strength product with a total drug content of 160 mg. Therefore, in accordance with the policy stated in the 1992 final rule, we will designate Accord Healthcare's product, Docetaxel Injection, 160mg/8mL (20mg/mL), NDA 201195, as an additional RLD. An application submitted under section 505(j) may reference Docetaxel Injection, 160mg/8mL (20mg/mL), provided that all other legal and regulatory requirements are met. We note that the Petition also requested a waiver from the conduct of pediatric studies required under the Pediatric Research Equity Act (PREA), section 505A of the FD&C Act (Petition at 2). PREA requires that all drug applications submitted under section 505 of the FD&C Act after the date of enactment of PREA for a new active ingredient, new indication, new dosage form, new dosing regimen, or new route of administration contain an assessment of the safety and effectiveness of the drug for",https://www.regulations.gov/document/FDA-2012-P-1127-0004
FDA-2012-P-1043-0003,FDA-2012-P-1043,FDA CDER Response to Foley Lardner LLP Petition Gr,Foley Lardner LLP Petition Gr,CDER,Approved,Bioequivalence/Therapeutic Equivalence,high,"listed drug, reference listed drug, rld","Doc_t<e f 
DEPARTMENT OF HEALTH & HUMAN SERVICES 
JAN 3 0 2013 
n13 FEB 
Food and Drug Administration 
10903 New Hampshire Avenue 
Building #51 
Silver Spring, MD 20993 
— 
p 2: 30 
David L. Rosen 
Foley & Lardner LLP 
Washington Harbor 
3000 K Street, N.W., Suite 500 
Washington, D.C. 20007-5143 
Re: Docket No. FDA-2012-P-1043 
Dear Mr. Rosen: 
This responds to your citizen petition dated October 3, 2012, requesting that the Food and 
Drug Administration (FDA or the Agency) designate Sodium Chloride Injection, USP, 
0.9%, in prefilled, plastic syringes (NDA 202832), manufactured by Medefil Inc. 
(Medefil), as a reference listed drug (RLD). Although there are 14 Sodium Chloride 
Injection, 0.9%, drug products designated as RLDs, only Medefil's product, which is not 
currently designated as an RLD, has unique product presentations of 6 milliliter (mL) and 
12 mL plastic syringes. For the reasons stated below, your petition is granted. 
I. 	
BACKGROUND 
A. 	
Reference Listed Drugs 
Secti",https://www.regulations.gov/document/FDA-2012-P-1043-0003
FDA-2012-P-0854-0003,FDA-2012-P-0854,FDA CDER Response Letter to B Braun Medical Inc Pe,B Braun Medical Inc Pe,CDER,Approved,Bioequivalence/Therapeutic Equivalence,high,"therapeutic equivalence, listed drug, reference listed drug","DEPARTMENT OF HEALTH &. HUMAN SERVICES 
NOV 1 5 2012 
0555 
1Z 
NOV 16 P4:03 
·Rebecca Stolarick 
Corporate Vice President, Regulatory Affairs 
B. Braun Medical Inc. 
901 Marcon Boulevard 
Allentown, P A 181 09 
Re: Docket No. FDA-20 12-P-0854 
Dear Ms. Stolarick: 
Food and Drug Administration 
Rockville MD 20857 
This letter responds to your citizen petition (Petition), dated August 2, 2012, requesting 
that the Food and Drug Administration (FDA or Agency) designate Lactated Ringer's for 
Irrigation in PIC (Plastic Irrigation Container) (sodium chloride, sodium lactate, 
anhydrous, potassium chloride, calcium chloride), 3 liters (L) manufactured by Hospira, 
Inc. (Hospira) under new drug application (NDA) 19-4161 as a reference listed drug 
(RLD) in the Approved Drug Products With Therapeutic Equivalence Evaluations (the 
Orange Book). 
We have carefully considered the Petition. For the reasons described below, your 
Petition is granted. 
I. 
BACKGROUND 
Section 5050) ofthe Federal Fo",https://www.regulations.gov/document/FDA-2012-P-0854-0003
FDA-2014-P-0328-0004,FDA-2014-P-0328,Citizens Petition Letter for Approval from Robert ,Robert,,Approved,Bioequivalence/Therapeutic Equivalence,high,"listed drug, reference listed drug, orange book","t"""" ·~ 
DEPARTMENT OF HEALTH &. HUMAN SERVICES 
;o~~~ •• :::::lr 
Robert A. Dormer 
Hyman, Phelps & McNamara, P.C. 
700 Thirteenth Street, NW 
Suite 1200 
Washington, DC 20005-5929 
Gordon Johnston 
Gordon Johnston Regulatory Consultants, LLC 
3631 Martins Dairy Circle 
Olney, MD 20832 
Food and Drug Administration 
10903 New Hampshire Avenue 
Building #51 
Silver Spring, MD 20993 
Re: Docket Nos. FDA-2014-P-0328 and FDA-2014-P-1657 
Dear Mr. Dormer and Mr. Johnston: 
This letter responds to your citizen petitions (Petitions), dated March 19, 2014 and 
October 17, 2014, respectively, requesting that the Food and Drug Administration (FDA 
or Agency) designate K-Tab (potassium chloride extended-release tablets, USP), 20 
milliequivalents (mEq), approved under NDA 18279 and marketed by Abbvie, as a 
reference listed drug (RLD) in the Approved Drug Products with Therapeutic 
Equivalence Evaluations (the Orange Book). 1 We understand that you wish to have the 
product designated as an RLD s",https://www.regulations.gov/document/FDA-2014-P-0328-0004
FDA-2014-P-0230-0003,FDA-2014-P-0230,Citizen Petition Approval Response from FDA CDER t,FDA CDER t,CDER,Approved,Bioequivalence/Therapeutic Equivalence,high,"listed drug, reference listed drug, orange book","DEPARTMENT OF HEALTH&. HUMAN SERVICES 
AUG 1 3 .2014 
Joan J anulis 
Vice President 
Lachman Consultant Services, Inc. 
1600 Stewart A venue 
Westbury, NY 11590 
Re: Docket No. FDA-2014-P-0230 
Dear Ms. Janulis: 
Food and Drug Administration 
10903 New Hampshire Avenue 
Building #51 
Silver Spring, MD 20993 
This letter responds to your citizen petition dated February 11, 2014 (Petition). The 
Petition requests that the Food and Drug Administration (FDA or Agency) designate 
Rescula (unoprostone isopropyl) Ophthalmic Solution, 0.15%, manufactured by Sucampo 
Pharmaceuticals, Inc. (Sucampo) under new drug application (NDA) 021214, as a 
reference listed drug (RLD) in the Approved Drug Products With Therapeutic 
Equivalence Evaluations (the Orange Book). 1 
We have carefully considered the Petition. For the reasons described below, your 
Petition is granted. 
I. 
BACKGROUND 
Section 505(j) of the Federal Food, Drug, and Cosmetic Act (FD&C Act) (21 U.S.C. 
355G)) allows the submission of",https://www.regulations.gov/document/FDA-2014-P-0230-0003
FDA-2014-P-2243-0004,FDA-2014-P-2243,Citizen Petition Approval Response from FDA CDER t,FDA CDER t,CDER,Approved,Bioequivalence/Therapeutic Equivalence,high,"anda, rld, granted","is appropriate to designate NDA 206289 as an RLD because there are no other approved versions of atropine sulfate ophthalmic solution, USP, 1%. Thus there are no other therapeutically equivalent versions of the product that could serve as the RLD. Without a designation of NDA 206289 as an RLD, an ANDA referencing this drug product may not be submitted, effectively shielding the drug product from generic competition. Therefore, we will designate Akorn's atropine sulfate ophthalmic solution, USP, 1%, (NDA 206289), as an RLD. An application submitted under section 505G) may reference NDA 206289 provided that all other legal and regulatory requirements are met. 3 ld. 4 Id. 5 See Abbreviated New Drug Application Regulations; Final Rule (57 FR 17950, 17958 (April28, 1992)). 6 Id. 2 Docket No. FDA-2014-P-2243 III. CONCLUSION For the reasons described in this response, the Petition is granted. Sincerely, JanetVVoodcock,~.D. Director Center for Drug Evaluation and Research 3",https://www.regulations.gov/document/FDA-2014-P-2243-0004
FDA-2014-P-1065-0007,FDA-2014-P-1065,Citizen Petition Approval Response Letter from FDA,FDA,,Approved,Bioequivalence/Therapeutic Equivalence,high,"bioequivalence, anda, orange book","DEPARTMENT OF HEALTH & HlJMAN SERVICES 
DEC 2 9 2014 
G. Srinivas 
Head of Regulatory Affairs 
Zydus Pharmaceuticals (USA) Inc. 
73 Route 31 North 
Pennington, NJ 08534 
Re: Docket No. FDA-2014-P-1065 
Dear Mr. Srinivas: 
Food and Drug Administration 
Silver Spring, MD 20993 
This letter responds to your citizen petition dated July 8, 2014 (Petition). In the Petition, you 
request that the Food and Drug Administration (FDA or Agency) make a determination that the 
authorized generic1 version ofDUAC (clindamycin phosphate and benzoyl peroxide) gel, 
1.2%/5%, marketed by Prasco Laboratories (Prasco) under new drug application (NDA) 050741, 
is acceptable to use as the reference standard for performing in vivo bioequivalence (BE) 
testing.2 In support of your request, you state that DUAC, the product currently designated as 
the RLD in the Orange Book3 is not available in the market place. 
We have carefully considered the Petition and other information available to us. For the reasons 
d",https://www.regulations.gov/document/FDA-2014-P-1065-0007
FDA-2014-P-1657-0004,FDA-2014-P-1657,Citizens Petition Approval letter for K Tab  potas,,,Approved,Bioequivalence/Therapeutic Equivalence,high,"listed drug, reference listed drug, orange book","t"""" ·~ 
DEPARTMENT OF HEALTH &. HUMAN SERVICES 
;o~~~ •• :::::lr 
Robert A. Dormer 
Hyman, Phelps & McNamara, P.C. 
700 Thirteenth Street, NW 
Suite 1200 
Washington, DC 20005-5929 
Gordon Johnston 
Gordon Johnston Regulatory Consultants, LLC 
3631 Martins Dairy Circle 
Olney, MD 20832 
Food and Drug Administration 
10903 New Hampshire Avenue 
Building #51 
Silver Spring, MD 20993 
Re: Docket Nos. FDA-2014-P-0328 and FDA-2014-P-1657 
Dear Mr. Dormer and Mr. Johnston: 
This letter responds to your citizen petitions (Petitions), dated March 19, 2014 and 
October 17, 2014, respectively, requesting that the Food and Drug Administration (FDA 
or Agency) designate K-Tab (potassium chloride extended-release tablets, USP), 20 
milliequivalents (mEq), approved under NDA 18279 and marketed by Abbvie, as a 
reference listed drug (RLD) in the Approved Drug Products with Therapeutic 
Equivalence Evaluations (the Orange Book). 1 We understand that you wish to have the 
product designated as an RLD s",https://www.regulations.gov/document/FDA-2014-P-1657-0004
FDA-2015-P-0065-0027,FDA-2015-P-0065,Citizen Petition Denial Response Letter from FDA C,FDA C,,Approved,Bioequivalence/Therapeutic Equivalence,high,"therapeutic equivalence, listed drug, reference listed drug","ims that the proposed in vitro option is invalid because it relies on an in vitro drug release rate test that has yet to be developed, and because it involves the measurement of 1 A reference listed drug, or RLD, is ""the listed [(i.e., approved)] drug identified by FDA as the drug product upon which an applicant relies in seeking approval of its abbreviated application"" (21 CFR 314.3). RLDs are identified in FDA's Approved Drug Products With Therapeutic Equivalence Evaluations (the Orange Book), available on FDA's Web site at http://www.accessdata.fda.gov/scripts/ cder/ob/default.cfm. 2 The Draft Cyclosporine BE Guidance (entitled Draft Guidance on Cyclosporine) is available on the FDA Drugs guidance Web page at http://www.fda.gov/Drugs/GuidanceComplianceRegulatorylnformationl Guidances/default.htm. This draft guidance, when finalized, will represent FDA's current thinking on the topic. FDA updates guidances periodically. To make sure you have the most recent version of a guidance, check the FDA Drugs guidance Web page. Do",https://www.regulations.gov/document/FDA-2015-P-0065-0027
FDA-2015-P-1404-0007,FDA-2015-P-1404,Citizen Petition Denial Response Letter from FDA C,FDA C,,Approved,Bioequivalence/Therapeutic Equivalence,high,"therapeutic equivalence, listed drug, reference listed drug","ims that the proposed in vitro option is invalid because it relies on an in vitro drug release rate test that has yet to be developed, and because it involves the measurement of 1 A reference listed drug, or RLD, is ""the listed [(i.e., approved)] drug identified by FDA as the drug product upon which an applicant relies in seeking approval of its abbreviated application"" (21 CFR 314.3). RLDs are identified in FDA's Approved Drug Products With Therapeutic Equivalence Evaluations (the Orange Book), available on FDA's Web site at http://www.accessdata.fda.gov/scripts/ cder/ob/default.cfm. 2 The Draft Cyclosporine BE Guidance (entitled Draft Guidance on Cyclosporine) is available on the FDA Drugs guidance Web page at http://www.fda.gov/Drugs/GuidanceComplianceRegulatorylnformationl Guidances/default.htm. This draft guidance, when finalized, will represent FDA's current thinking on the topic. FDA updates guidances periodically. To make sure you have the most recent version of a guidance, check the FDA Drugs guidance Web page. Do",https://www.regulations.gov/document/FDA-2015-P-1404-0007
FDA-2015-P-1899-0006,FDA-2015-P-1899,Citizen Petition Approval Response from FDA CDER t,FDA CDER t,CDER,Approved,Bioequivalence/Therapeutic Equivalence,high,"anda, rld, appropriate","ont, under NDA 202133, as an RLD. In particular, we have determined that Edgemont's 60 mg fluoxetine hydrochloride tablet product is a single source product. It is appropriate to designate this drug product as an RLD because doing so will allow sponsors of AND As of fluoxetine hydrochloride tablets to pursue approval of 60 mg fluoxetine hydrochloride tablets. Without a designation of this drug product as an RLD, an ANDA referencingthis drug product may not be submitted, effectively shielding the drug product from generic competition. Therefore, we will designate fluoxetine hydrochloride tablets, 60 mg, manufactured by Edgemont, under NDA 202133, as an RLD. An application submitted under section 505(j) may reference fluoxetine hydrochloride tablets, 60 mg, manufactured by Edgemont, under NDA 202133 provided that all other legal and regulatory requirements are met. 4 !d. 5 See Abbreviated New Drug Application Regulations; Final Rule (57 FR 17950, 17958 (April 28, 1992)). 6 ld. 2 Docket No. FDA-2015-P-1899 III. CONCLUSIO",https://www.regulations.gov/document/FDA-2015-P-1899-0006
FDA-2015-P-0720-0006,FDA-2015-P-0720,Citizen Petition Approval Response from FDA CDER t,FDA CDER t,CDER,Approved,Bioequivalence/Therapeutic Equivalence,high,"bioequivalence, anda, orange book","DEPARTMENT OF HEALTH & HUMAN SERVICES 
AUG 2 8 2015 
G. Srinivas 
Head of Regulatory Affairs 
Zydus Pharmaceuticals (USA) Inc. 
73 Route 31 North 
Pennington, NJ 08534 
Re: Docket No. FDA-20 15-P-0720 
Dear Mr. Srinivas: 
Food and Drug Administration 
Silver Spring. MD 20993 
This letter responds to your citizen petition dated March 3, 2015 (Petition). In the Petition, you 
request that the Food and Drug Administration (FDA) make a determination that the authorized 
generic1 version of Metadate CD (methylphenidate hydrochloride (HCl)) extended-release 
capsules, 60 milligrams (mg), marketed by Kremers Urban Pharmaceuticals Inc. (Kremers 
Urban), under new drug application (NDA) 021259, is acceptable to use as the reference 
standard for performing in vivo bioequivalence (BE) testing.2 In support of your request, you 
state that Metadate CD, the product currently designated as the RLD in the Orange Book, is not 
available in the marketplace. 
We have carefully considered the Petition an",https://www.regulations.gov/document/FDA-2015-P-0720-0006
FDA-2015-P-0613-0004,FDA-2015-P-0613,FDA 2015 P 0613   Final CP Response,,,Approved,Bioequivalence/Therapeutic Equivalence,high,"bioequivalence, anda, orange book","or amikacin sulfate injection, EQ 250mg BASE/ML. Because Amikin has been moved to the Discontinued Drug Product List section of the Orange Book, and you are requesting that FDA a generic drug product as an RLD, we interpret your request as a request to designate a therapeutically equivalent product as the reference standard for a proposed generic drug product to use in conducting bioequivalence studies to support approval. After Amikin was moved to the Discontinued Drug Product List section of the Orange Book, the Agency designated Eurohealth's amikacin sulfate injection as the reference standard for amikacin sulfate injection, EQ 250 mg base/mL. 11 Your Petition states, however, that Eurohealth's amikacin sulfate injection, the current reference standard, is not available in the U.S. market. FDA has determined that distribution ofEurohealth's amikacin sulfate injection product is very low, and FDA therefore agrees that it is appropriate to designate a new reference standard. Your Petition requests that we designate Teva",https://www.regulations.gov/document/FDA-2015-P-0613-0004
FDA-2015-P-1595-0005,FDA-2015-P-1595,Final Response Letter from FDA CDER to Cubist Phar,FDA CDER to Cubist Phar,CDER,Approved,Bioequivalence/Therapeutic Equivalence,high,"bioequivalence, anda, studies","cy) refuse to accept for filing, for substantive review or for approval, any abbreviated new drug application (ANDA) or any 505(b )(2) new drug application (NDA) referencing Cubist's NDA for Dificid (fidaxomicin) 200 milligram (mg) film-coated tablets (NDA 201699) that does not contain scientifically appropriate data demonstrating bioequivalence. Specifically, you request that FDA take the following actions: (1) Refuse to accept for filing, for substantive review, or for approval, any ANDA or any 505(b )(2) NDA that references Dificid unless the applicant at least shows: (a) A bioequivalence study using appropriate, validated clinical endpoints conducted in patients with Clostridium difficile-associated diarrhea (CDAD), similar to those pivotal studies included in the approved labeling for Dificid (b) A bioequivalence study with pharmacokinetic (PK) endpoints conducted under both fed and fasted conditions (c) In vitro dissolution tests (2) If FDA detennines that it has insufficient information to establish bioequivalenc",https://www.regulations.gov/document/FDA-2015-P-1595-0005
FDA-2015-P-4959-0005,FDA-2015-P-4959,Suitability Petition Approval Response,,,Approved,Bioequivalence/Therapeutic Equivalence,high,"bioequivalence, listed drug, proposed drug product","mitted under that section of the Act. We have reviewed your petition under section 505(j)(2)(C) of the Act and FDA’s implementing regulations at 21 CFR 314.93 and have determined that it is approved.1 This letter represents FDA’s determination that an ANDA may be submitted for the above-referenced drug product. Under section 505(j)(2)(C) of the Act and 21 CFR 314.93(e)(1), FDA will approve a petition properly submitted under § 314.93 seeking a strength that differs from the strength of the listed drug product unless it finds that one of the grounds for denying such a petition applies. The Agency finds that the proposed change in strength for the proposed drug product does not pose questions of safety or effectiveness. The uses, dosage form, and route of administration of the proposed drug product are the same as that of the listed drug product. The proposed change is consistent with dosing recommendations in the labeling of the listed drug. In addition, if shown to meet bioequivalence requirements, the proposed dr",https://www.regulations.gov/document/FDA-2015-P-4959-0005
FDA-2015-P-4019-0004,FDA-2015-P-4019,Petition Approval Notice From FDA CDER to Hyman  P,FDA CDER to Hyman  P,CDER,Approved,Bioequivalence/Therapeutic Equivalence,high,"listed drug, anda, orange book","opriate to designate this drug product as an RLD because it is the only listed drug for Potassium Chloride for Oral Solution, USP, 20 mEq, in the Orange Book. The drug product is thus a single source drug product. Without a designation of this drug product as an RLD, an ANDA referencing this drug product may not be submitted, effectively shielding the drug product from generic competition. Therefore, we will designate Potassium Chloride for Oral Solution, USP, 20 mEq, manufactured by Pharma, under NDA 208019, as an RLD. An application submitted under section 505G) of the FD&C Act may reference Potassium Chloride for Oral 3 § 3 l 4.3(b ). 4 Id. 5 See ""Abbreviated New Drug Application Regulations"" final rule (57 FR 17950 at 17958 (April 28, 1992)). 6 Jd. 2 Docket No. FDA-2015-P-4019 Solution, USP, 20 mEq, manufactured by Pharma, under NDA 208019, provided that all other legal and regulatory requirements are met. III. CONCLUSION For the reasons described in this response, the Petition is granted. Sincerely, Janet Wo",https://www.regulations.gov/document/FDA-2015-P-4019-0004
FDA-2015-P-2807-0005,FDA-2015-P-2807,Citizen Petition Approval Response from FDA CDER t,FDA CDER t,CDER,Approved,Bioequivalence/Therapeutic Equivalence,high,"therapeutic equivalence, orange book, rld","(/'~ DEPARTMENT OF HEALTH&. HUMAN SERVICES 
'i\,,,,.-:J 
MAR 2 3 2016 
Terri Nataline 
Principal Consultant 
Lachman Consultant Services, Inc. 
1600 Stewart A venue 
Westbury, NY 11590 
Re: Docket No. FDA-2015-P-2807 
Dear Ms. Nataline: 
Food and Drug Administration 
10903 New Hampshire Avenue 
Building #51 
Silver Spring, MD 20993 
This letter responds to your citizen petition dated July 29, 2015 (Petition). The Petition 
requests that the Food and Drug Administration (FDA or Agency) designate Mitigare 
(colchicine) capsules, 0.6 milligrams (mg), manufactured under Hikma International 
Pharmaceuticals' (Hikma's) new drug application (NDA) 204820, as a reference listed 
drug (RLD) in the Approved Drug Products with Therapeutic Equivalence Evaluations 
(the Orange Book). 1 
We have carefully considered the Petition. For the reasons described below, your 
Petition is granted. 
I. 
BACKGROUND 
Section 5050) of the Federal Food, Drug, and Cosmetic Act (FD&C Act) (21 U.S.C. 
3550)) allows t",https://www.regulations.gov/document/FDA-2015-P-2807-0005
FDA-2015-P-1503-0003,FDA-2015-P-1503,Citizen Petition Approval Response from FDA CDER t,FDA CDER t,CDER,Approved,Bioequivalence/Therapeutic Equivalence,high,"bioequivalence, anda, orange book","ANDA for thiotepa injection, 15 mg/vial. However, because Thioplex Injection has been moved to the Discontinued Drug Product List section of the Orange Book, we interpret your request as a request to designate a therapeutically equivalent product4 as the reference standard for a proposed generic drug product to use in conducting any bioequivalence studies to support approval.) We have examined the issue presented in your Petition and have determined that you have stated sufficient grounds to designate a reference standard for thiotepa injection, 15 mg/vial. In the June 2015 Cumulative Supplement to the Orange Book, ANDA 075547 was designated as the reference standard for thiotepa injection, 15 mg/vial. 3 /d. 4 According to the Orange Book, FDA classities as therapeutically equivalent those products that meet the following general criteria: ( I) they are approved as safe and effective: (2) they are pharmaceutical equivalents in that they (a) contain identical amounts of the same acti ve drug ingredient in the same dosage f",https://www.regulations.gov/document/FDA-2015-P-1503-0003
FDA-2015-P-3407-0005,FDA-2015-P-3407,Petition Approval Letter from FDA CDER to RegCon S,FDA CDER to RegCon S,CDER,Approved,Bioequivalence/Therapeutic Equivalence,high,"bioequivalent, bioequivalence, anda","DA for diazepam injection, 10 mg/2 mL (5 mg/mL). Because the RLD has been moved to 4 Id. 5 See Letter from Janet Woodcock, M.D., Director, Center for Drug Evaluation and Research, FDA to Paul A. Braier, Ph.D., Esq., Greenblum & Bernstein, P.L.C., Docket No. FDA-20 14-P-0417 (Sept. 5, 20 14) (Sept. 5, 20 14, Petition Response). 6 § 314.94(a)(3) (21 CFR 314.94(a)(3)). 7 According to the Orange Book, FDA classifies as therapeutically equivalent those products that meet the following general criteria: (I) they are approved as safe and effective; (2) they are pharmaceutical equivalents in that they (a) contain identical amounts of the same active drug ingredient in the same dosage form and route of administration, and (b) meet compendia! or other applicable standards of strength, quality, purity, and identity; (3) they are bioequivalent in that (a) they do not present a known or potential bioequivalence problem, and they meet an acceptable in vitro standard, or (b) if they do present such a known or potential problem, they ar",https://www.regulations.gov/document/FDA-2015-P-3407-0005
FDA-2015-P-3942-0004,FDA-2015-P-3942,Petition Approval Letter,,,Approved,Bioequivalence/Therapeutic Equivalence,high,"bioequivalence, listed drug, anda","a 750 mg strength pursuant to 21 CFR 314.93(c). Because there is no NDA approved for a 750 mg dose, and you are requesting that FDA designate a generic drug product as an RLD, we interpret your request as a request to designate a reference standard for a proposed generic drug product to use in conducting bioequivalence studies to support approval. We have examined the issues presented in your Petition and have determined that you have stated grounds to designate Mikart's chlorzoxazone tablets, 750 mg, as a reference standard. It is appropriate to designate Mikart's chlorzoxazone tablets, 750 mg, as a reference standard because it is the first approved generic drug product that contains the change in the approved suitability petition, Docket No. 91P-0153/CP1. Mikart's drug product is the only listed drug for chlorzoxazone tablets, 750 mg. Therefore, we will designate Mikart's chlorzoxazone tablets, 750 mg, as a reference standard. III. CONCLUSION For the reasons described in this response, the Petition is granted. Janet",https://www.regulations.gov/document/FDA-2015-P-3942-0004
FDA-2015-P-4224-0007,FDA-2015-P-4224,Petition Approval Letter,,ORA,Approved,Bioequivalence/Therapeutic Equivalence,high,"listed drug, anda, orange book","valence Evaluations (the Orange Book). 1 FDA has reviewed its records and determined that PARAFON FORTE DSC ( chlorzoxazone) tablets, 500 mg, were not withdrawn from sale for reasons of safety or effectiveness. Thus, FDA will maintain PARAFON FORTE DSC (chlorzoxazone) tablets, 500 mg, in the Orange Book. Enclosed is a copy of the Federal Register notice that announces the FDA determination. Regarding your second RLD request, we have carefully considered the Petition. For the reasons described below, your Petition is granted. I. BACKGROUND Section 505(j) ofthe Federal Food, Drug, and Cosmetic Act (FD&C Act) (21 U.S.C. 355(j)) allows the submission of an abbreviated new drug application (ANDA) to market generic versions of a previously approved drug product. To obtain approval, the ANDA applicant must show, among other things, that the generic drug product (1) has the same active ingredient(s), dosage form, route of administration, strength, conditions ofuse, and, with certain exceptions, labeling as the listed drug; and",https://www.regulations.gov/document/FDA-2015-P-4224-0007
FDA-2015-P-1449-0004,FDA-2015-P-1449,Citizen Petition Approval Response from FDA CDER t,FDA CDER t,CDER,Approved,Bioequivalence/Therapeutic Equivalence,high,"anda, rld, granted","ropriate to designate NDA 207926 as a second RLD because it is not listed as therapeutically paragraph (j)(5) was redesignated as paragraph (j)(6) (see section 119(b) of the Food and Drug Administration Modernization Act (Public Law 105-115)). 3 !d. 4 !d. 5 See ""Abbreviated New Drug Application Regulations; Final Rule,"" 57 FR 17950, !7958 (April28, 1992). 6 !d. 2 Docket No. FDA-2015-P-1449 equivalent to NDA 203510, which is held by Paragon. Without a designation of NDA 207926 as a second RLD, an ANDA referencing this drug product may not be submitted, effectively shielding the drug product from generic competition. Therefore, we will designate Akorn's phenylephrine hydrochloride ophthalmic solution/drops 2.5% and 10% (NDA 207926) as a second RLD. An application submitted under section 505(j) of the FD&C Act may reference NDA 207926 provided that all other legal and regulatory requirements are met. III. CONCLUSION For the reasons described in this response, the Petition is granted. Director Center for Drug Evaluati",https://www.regulations.gov/document/FDA-2015-P-1449-0004
FDA-2015-P-0403-0006,FDA-2015-P-0403,Final Petition Approval Response,,,Approved,Bioequivalence/Therapeutic Equivalence,high,"bioequivalence, therapeutic equivalence, anda","our requests are granted. Based on our records, we have determined that Levothroid is not currently commercially available. To reflect Levothroid's current marketing status, FDA has moved the drug product to the Discontinued Drug Product List section of the Orange Book. 13 FDA also has reviewed its records and determined that Levothroid was not withdrawn from sale for reasons of safety or effectiveness. 14 The notice announcing this determination is available in the petition docket (FDA-2015-P-0403). Accordingly, FDA has designated the only available generic to Levothroid (Mylan's levothyroxine product), approved in ANDA 076187, as the reference standard for ANDA applicants to use to establish bioequivalence. We note that Mylan's levothyroxine product is identified in the Orange Book as therapeutically equivalent to three other levothyroxine sodium tablet RLDs and has therefore been assigned therapeutic equivalence (TE) codes of ABl , AB2, AB3, and AB4. As described in the Orange Book, ""[b]ecause there are multiple [RLDs]",https://www.regulations.gov/document/FDA-2015-P-0403-0006
FDA-2016-P-0542-0004,FDA-2016-P-0542,Petition Approval Letter from FDA CDER to Gordon J,FDA CDER to Gordon J,CDER,Approved,Safety Established,high,"rld, safety, safe","opriate to designate this drug product as an RLD because there is no designated RLD for the drug product, the safety and effectiveness of the drug have been established through the 505(b) regulatory pathway, and NDA 01 6682 is the market leader as detennined by FDA on the basis of commercial data. 7 4 ld. 5 See ""Abbreviated New Drug Application Regulations"" final rule (57 FR 17950 at 17958 (April 28, 1992)). 6 ld. 7 ld. 2 Docket No. FDA-2016-P-0542 Therefore, we will designate Lactated Ringer's Injection, held by Baxter Healthcare under NDA 016682, as an RLD. An application submitted under section 505(j) of the FD&C Act may reference Lactated Ringer's Injection, held by Baxter Healthcare under NDA 016682, provided that all other legal and regulatory requirements are met. III. CONCLUSION For the reasons described in this response, the Petition is granted. Sincerely, Janet Woodcock, M.D. Director Center for Drug Evaluation and Research 3",https://www.regulations.gov/document/FDA-2016-P-0542-0004
FDA-2016-P-0540-0004,FDA-2016-P-0540,Petition Approval Letter from FDA CDER to Gordon J,FDA CDER to Gordon J,CDER,Approved,Bioequivalence/Therapeutic Equivalence,high,"listed drug, rld, safety","opriate to designate this drug product as an RLD because there is no designated RLD for the drug product, the safety and effectiveness ofthe drug have been established through the 505(b) regulatory pathway, and this product is the only available listed drug for the drug product. Therefore, we will designate Sodium Chloride 3% Injection, 3 g/1 00 mL, in Plastic Container, held by Baxter Healthcare under NDA 019022, as an RLD. An application submitted under section 505(j) of the FD&C Act may reference NDA 019022, provided that all other legal and regulatory requirements are met. JIJ. CONCLUSION 4 Jd. 5 See ""Abbreviated New Drug Application Regulations"" final rule (57 FR 17950 at 17958 (April 28, 1992)). 6 Id. 2 Docket No. FDA-2016-P-0540 For the reasons described in this response, the Petition is granted. Sincerely, JanetVVoodcock, ~.D. Director Center for Drug Evaluation and Research 3",https://www.regulations.gov/document/FDA-2016-P-0540-0004
FDA-2016-P-4094-0003,FDA-2016-P-4094,Response Letter from FDA CDER to Adapt Pharma Oper,FDA CDER to Adapt Pharma Oper,CDER,Approved,Other Approval Reason,low,,"n. Naloxone products may be submitted to FDA for review and approval using different approval pathways (e.g., section 505(b)(1), (b)(2), and U) of the Federal Food, Drug, and Cosmetic Act (FD&C Act) (21 U.S.C. 355(b)(1), (b)(2), and (j))). Narcan (naloxone hydrochloride) injection was first approved by FDA in 1971 as a sterile solution for intravenous, intramuscular, and subcutaneous administration.2 On November 18, 2015, FDA approved Adapt's NDA 20841 1 for Narcan Nasal Spray, the first approved nasal spray version of naloxone hydrochloride.3 Narcan Nasal Spray delivers a single dose of naloxone by a single-use nasal spray that does not require assembly. Narcan Nasal Spray is currently approved in two strengths, 2 mg/spray and 4 mg/spray. Narcan Nasal Spray is indicated for the emergency treatment of known or suspected opioid overdose, as manifested by respiratory and/or central nervous system depression, and is intended for immediate administration as emergency therapy in settings where opioids may be present.4 The label",https://www.regulations.gov/document/FDA-2016-P-4094-0003
FDA-2016-P-0541-0004,FDA-2016-P-0541,Petition Approval Letter from FDA CDER to Gordon J,FDA CDER to Gordon J,CDER,Approved,Bioequivalence/Therapeutic Equivalence,high,"therapeutic equivalence, listed drug, reference listed drug","DEPARTMENT OF HEALTH & HUMAN SERVICES 
AUG Z Z 2016 
Gordon Johnston 
Gordon Johnston Regulatory Consultants, LLC 
3631 Martins Dairy Circle 
Olney, MD 20832 
Re: Docket No. FDA-2016-P-0541 
Dear Mr. Johnston: 
Food and Drug Administration 
10903 New Hampshire Avenue 
Building #51 
Silver Spring, MD 20993 
This letter responds to your citizen petition dated February 1 0, 2016 (Petition), requesting 
that the Food and Drug Administration (FDA or Agency) designate Sodium Chloride 
0.45% Injection in Plastic Container, held by Hospira under New Drug Application 
(NDA) 018090, as a reference listed drug (RLD) in the Approved Drug Products With 
Therapeutic Equivalence Evaluations (the Orange Book). 
1 
We have carefully considered the Petition. For the reasons described below, your 
Petition is granted. 
I. 
BACKGROUND 
Section 505(j) ofthe Federal Food, Drug, and Cosmetic Act (FD&C Act) (21 U.S.C. 
355(j)) allows the submission of an abbreviated new drug application (ANDA) to market 
gene",https://www.regulations.gov/document/FDA-2016-P-0541-0004
FDA-2016-P-3598-0005,FDA-2016-P-3598,Final Response Letter from FDA to Axinn  Veltrop  ,FDA to Axinn  Veltrop,,Approved,Bioequivalence/Therapeutic Equivalence,high,"orange book, rld, access","opriate to designate Evomela as an additional RLD because Evomela carries an additional approved indication for ""use as a high-dose conditioning treatment prior to hematopoietic progenitor (stem) cell transplantation in patients with multiple myeloma."" 10 Without designating Evomela as an additional RLD, the drug will effectively be shielded from generic competition. Therefore, we will designate Evomela (melphalan hydrochloride) for injection, Eq. 50 mg base/vial, as an additional RLD. 11 An application submitted under section 505(j) of the FD&C 7 See Orange Book, 37 1h edition, at xxiv. 8 See Alkeran Labeling at 10, available at https://www.accessdata.fda.gov/drugsatfda docs/labeU20 11/020207s0 16lbl.pdf (""ALKERAN for Injection is supplied as a sterile, nonpyrogenic, freeze-dried powder ... ALKERAN for Injection is administered Intravenously""), and Evomela Labeling at 8, available at https://www.accessdata.fda.gov/drugsatfda docs/label/20 16/207 155s000lbl.pdf (""Evomela (melphalan) for injection is supplied as a sterile",https://www.regulations.gov/document/FDA-2016-P-3598-0005
FDA-2016-P-1547-0005,FDA-2016-P-1547,Approval letter from CDER FDA to Baxter Healthcare,CDER FDA to Baxter Healthcare,CDER,Approved,Bioequivalence/Therapeutic Equivalence,high,"therapeutic equivalence, listed drug, reference listed drug","f 
U.S. FOOD & DRUG 
.. ~~-~ ., i1 
\...._!-
ADMINI STRATION 
DEC o 2 101fi 
Melissa Klesch 
Baxter Healthcare Corporation 
32650 N. Wilson Road, WGl-3 
Round Lake, IL 60073 
Re: Docket No. FDA-2016-P-1547 
Dear Ms. Klesch: 
This letter responds to your citizen petition received on June 8, 2016 (Petition), 
requesting that the Food and Drug Administration (FDA or Agency) designate 
levofloxacin injection in dextrose 5% in plastic container, approved under abbreviated 
new drug application (ANDA) 090343 held by ACS Dobfar, as a ""reference listed drug"" 
(RLD) in the Approved Drug Products With Therapeutic Equivalence Evaluations (the 
Orange Book). 1 
We have carefully considered the Petition. For the reasons described below, your 
Petition is granted. 
I. 
BACKGROUND 
Section 505(j) of the Federal Food, Drug, and Cosmetic Act (FD&C Act) (21 U.S.C. 
355(j)) allows the submission of an ANDA to market a generic version of a previously 
approved drug product. To obtain approval, the ANDA ap",https://www.regulations.gov/document/FDA-2016-P-1547-0005
FDA-2016-P-4274-0004,FDA-2016-P-4274,Citizen Petition Response Letter from FDA CDER to ,FDA CDER to,CDER,Approved,Bioequivalence/Therapeutic Equivalence,high,"bioequivalence, anda, orange book","ed Drug Product List section of the Orange Book. Because the RLD has been discontinued, and you are requesting that FDA designate a generic drug product as an RLD, we interpret your request as a request for FDA to select a therapeutically equivalent product as a reference standard for a proposed generic drug product to use in conducting in vivo bioequivalence studies to support approval. We have examined the issues presented in your Petition and have determined that you have not stated grounds for FDA to select mupirocin ointment 2% approved under 4 Jd. 5 See id. 6 § 314.94(a)(3) (2 1 CFR 314.94(a)(3)). 7 ""Therapeutic equivalents are approved drug products that are pharmaceutical equivalents for which bioequivalence has been demonstrated, and that can be expected to have the same clinical effect and safety profile when administered to patients under the conditions specified in the labeling."" § 314.3(b). 8 Abbreviated New Drug Applications and 505(b)(2) Applications, 81 FR 69580,69619 (Oct. 6, 2016). 2 Docket No. FDA-20",https://www.regulations.gov/document/FDA-2016-P-4274-0004
FDA-2016-P-1108-0005,FDA-2016-P-1108,Response letter from FDA to Gordon Johnston Regula,FDA to Gordon Johnston Regula,,Approved,Bioequivalence/Therapeutic Equivalence,high,"therapeutic equivalence, listed drug, reference listed drug","FDA U.S. FOOD & DRUG 
ADMINISTRATION 	
AUG 2 8 2017 
Gordon Johnston 
Gordon Johnston Regulatory Consultants, LLC 
3631 Martins Dairy Circle 
Olney, MD 20832 
Re: Docket No. FDA-2016-P-1108 
Dear Mr. Johnston: 
This letter responds to your citizen petition received on April 1, 2016 (Petition), 
requesting that the Food and Drug Administration (FDA or Agency) designate Dextrose 
5% and Sodium Chloride 0.9% Injection in Plastic Container, held by Hospira Inc. 
(Hospira) under New Drug Application (NDA) 017585, as a reference listed drug (RLD) 
in the Approved Drug Products With Therapeutic Equivalence Evaluations (the Orange 
Book).1  
We have carefully considered the Petition. For the reasons described below, your 
Petition is granted. 
I. 	
BACKGROUND 
Section 505(j) of the Federal Food, Drug, and Cosmetic Act (FD&C Act) (21 U.S.C. 
355(j)) allows the submission of an abbreviated new drug application (ANDA) to market 
a generic version of a previously approved drug product. To obtain a",https://www.regulations.gov/document/FDA-2016-P-1108-0005
FDA-2016-P-1287-0007,FDA-2016-P-1287,Approval Letter from FDA CDER to Lachman Consultan,FDA CDER to Lachman Consultan,CDER,Approved,Bioequivalence/Therapeutic Equivalence,high,"bioequivalence, listed drug, proposed drug product","bmitted under that section of the Act. We have reviewed your petition under section 505(j)(2)(C) of the Act and FDA’s implementing regulations at 21 CFR 314.93 and have determined that it is approved. This letter represents FDA’s determination that an ANDA may be submitted for the above-referenced drug product. Under section 505(j)(2)(C) of the Act and 21 CFR 314.93(e)(1), FDA will approve a petition properly submitted under § 314.93 seeking a strength that differs from the strength of the listed drug product unless it finds that one of the grounds for denying such a petition applies. The Agency finds that the proposed change in strength for the proposed drug product does not pose questions of safety or effectiveness. The uses, dose, dosage form, and route of administration of the proposed drug product are the same as that of the listed drug product. The proposed change is consistent with dosing recommendations in the labeling of the listed drug. In addition, if shown to meet bioequivalence requirements, the propos",https://www.regulations.gov/document/FDA-2016-P-1287-0007
FDA-2016-P-3313-0004,FDA-2016-P-3313,CP Response from FDA CDER to Kleinfeld  Kaplan and,FDA CDER to Kleinfeld  Kaplan and,CDER,Approved,Bioequivalence/Therapeutic Equivalence,high,"bioequivalence, listed drug, reference listed drug","ll not refuse to approve an ANDA, however, solely because an applicant uses an alternative approach to assess adhesion or evaluate irritation and sensitization potential. As with all of our product-specific bioequivalence guidances, the recommendations in the Draft Buprenorphine ER Film Guidance are not binding on FDA or ANDA applicants. An ANDA applicant may use an alternative approach to assess adhesion or to evaluate irritation and sensitization potential if the approach satisfies the requirements of the applicable statutes and regulations. B. Partial AUC Criteria for NDAs and ANDAs Referencing Butrans In the Petition, you state that FDA should require the use of partial AUC measures to evaluate the bioequivalence of any specific 505(b )(2) NDA referencing Butrans as its listed drug relied upon or ANDA referencing Butrans as its reference listed drug (RLD)4 (Petition at 1-2, 5-7; Supplement at 2-3). You claim that a bioequivalence determination that is based solely on the AUC, calculated to the last measured concentrati",https://www.regulations.gov/document/FDA-2016-P-3313-0004
FDA-2016-P-3753-0007,FDA-2016-P-3753,Petition Response Letter from FDA CDER to MacLeods,FDA CDER to MacLeods,CDER,Approved,Bioequivalence/Therapeutic Equivalence,high,"bioequivalence, anda, orange book","equest that FDA designate ANDA 202027 as the RLD because, due to ""market unavailability"" of Pennsaid, ""evaluation/comparison of a Macleods generic drug could not be executed"" (Petition at 3). As a preliminary matter, we note that an RLD generally is a drug product approved under section 505( c) of the FD&C Act based on full reports of investigations of safety and effectiveness. Accordingly, Nuvo Research Inc.'s NDA 020947 for Pennsaid (diclofenac sodium) topical solution 1.5% is the RLD and would be the basis for submission of an ANDA for diclofenac sodium topical solution 1.5%. In light of the fact that Pennsaid (NDA 02094 7) has been withdrawn from sale, that product has been moved to the Discontinued Drug Product List section of the Orange Book.9 s See id. 6 § 314.94(a)(3) (21 CFR 314.94(a)(3)). 7 ""Therapeutic equivalents are approved drug products that are pharmaceutical equivalents for which bioequivalence has been demonstrated, and that can be expected to have the same clinical effect and safety profile when admini",https://www.regulations.gov/document/FDA-2016-P-3753-0007
FDA-2017-P-1392-0006,FDA-2017-P-1392,Citizen Petition Response Letter from FDA CDER to ,FDA CDER to,CDER,Approved,Bioequivalence/Therapeutic Equivalence,high,"anda, orange book, safety","e for safety or effectiveness reasons is granted. We have determined that the original formulation was not withdrawn for safety or effectiveness reasons. However, Hospira's request that FDA maintain a listing for the original fonnulation in the Orange Book is denied. An ANDA seeking approval of a product that duplicates the original formulation of Adrenalin may rely on reformulated Adrenalin as the basis of submission and request a waiver of the requirement in 21 CFR 314.94(a)(9)(iii). I. BACKGROUND A. Adrenalin On December 7, 2012, FDA approved Par's new drug application (NDA) for Adrenalin (epinephrine injection), 1 mg/mL (1: 1 000) in a 1 mL vial, for intramuscular, subcutaneous, and intraocular use (NDA 204200). Adrenalin is an injectable epinephrine product that was approved originally for the following indications: ( 1) emergency treatment of allergic reactions (Type 1 ), including anaphylaxis, and (2) induction and maintenance of mydriasis during intraocular surgery. 2 At the time of approval, Par committed to ev",https://www.regulations.gov/document/FDA-2017-P-1392-0006
FDA-2017-P-6316-0010,FDA-2017-P-6316,Response Letter from FDA CDER to Kleinfeld  Kaplan,FDA CDER to Kleinfeld  Kaplan,CDER,Approved,Bioequivalence/Therapeutic Equivalence,high,"listed drug, reference listed drug, anda","and other relevant data available to the Agency. Based on our review of this information and for the reasons described below, the Petition is granted insofar as an ANDA that relies on ProvayBlue as the reference listed drug (RLD)4 is required to display labeling that is consistent with ProvayBlue regarding 1 We interpret the Petition’s use of “0.5%” as a reference to the concentration of 5 milligrams (mg)/milliliter (mL), as reflected in the FDA approved labeling for NDA 204630. See ProvayBlue Prescribing Information (Rev. July 2022), https://www.accessdata.fda.gov/drugsatfda_docs/label/2022/204630Orig1s016lbl.pdf. 2 For purposes of this response, we use the Petitioner’s terminology of active pharmaceutical ingredient or API throughout. We note that FDA regulations in 21 CFR part 314, Applications for FDA Approval to Market a New Drug, use “active ingredient” and “drug substance” but not “API.” See, e.g., 21 CFR 314.3(b) (Definitions). 3 Petition at 1-2. 4 A reference listed drug or RLD is “the listed drug identified by F",https://www.regulations.gov/document/FDA-2017-P-6316-0010
FDA-2017-P-1573-0004,FDA-2017-P-1573,Citizen Petition Response Letter from FDA CDER to ,FDA CDER to,CDER,Approved,Bioequivalence/Therapeutic Equivalence,high,"anda, orange book, safety","e for safety or effectiveness reasons is granted. We have determined that the original formulation was not withdrawn for safety or effectiveness reasons. However, Hospira's request that FDA maintain a listing for the original fonnulation in the Orange Book is denied. An ANDA seeking approval of a product that duplicates the original formulation of Adrenalin may rely on reformulated Adrenalin as the basis of submission and request a waiver of the requirement in 21 CFR 314.94(a)(9)(iii). I. BACKGROUND A. Adrenalin On December 7, 2012, FDA approved Par's new drug application (NDA) for Adrenalin (epinephrine injection), 1 mg/mL (1: 1 000) in a 1 mL vial, for intramuscular, subcutaneous, and intraocular use (NDA 204200). Adrenalin is an injectable epinephrine product that was approved originally for the following indications: ( 1) emergency treatment of allergic reactions (Type 1 ), including anaphylaxis, and (2) induction and maintenance of mydriasis during intraocular surgery. 2 At the time of approval, Par committed to ev",https://www.regulations.gov/document/FDA-2017-P-1573-0004
FDA-2017-P-3064-0030,FDA-2017-P-3064,Petition Response Letter from FDA CDER to  Pharmac,FDA CDER to  Pharmac,CDER,Approved,Public Health Benefit,high,"anda, demonstrated, public health","tion at 21 CFR 10.35(e) sets out the standard for review of a petition for stay of action as follows: The Commissioner may grant or deny a petition, in whole or in part; and may grant such other relief or take such other action as is warranted by the petition. The Commissioner may grant a stay in any proceeding if it is in the public interest and in the interest of justice. The Commissioner shall grant a stay in any proceeding if all of the following apply: (I) The petitioner will otherwise suffer irreparable injury. (2) The petitioner's case is not frivolous and is being pursued in good faith. (3) The petitioner has demonstrated sound public policy grounds supporting 7 See Amendment letter from PMRS to FDA dated August 25, 2016, available at https://www.regulations.gov/document?D=FDA-20 16-P-0645-00 13, 3 Docket No. FDA-2017-P-3064 the stay. (4) The delay resulting from the stay is not outweighed by public health or other public interests. The Commissioner shall grant a stay if all four of these criteria apply. We ne",https://www.regulations.gov/document/FDA-2017-P-3064-0030
FDA-2017-P-5799-0005,FDA-2017-P-5799,Response Letter From FDA CDER to Granules Pharmace,FDA CDER to Granules Pharmace,CDER,Approved,Bioequivalence/Therapeutic Equivalence,high,"bioequivalence, anda, orange book","ld by Mylan, as a reference standard.13 We have reviewed this information and conducted a separate review of these facts. FDA agrees that Tranxene 15 mg tablets are not being distributed. Because this product 5 Id. See id. 7 § 314.94(a)(3) (21 CFR 314.94(a)(3)). 8 ""Therapeutic equivalents are approved drug products that are pharmaceutical equivalents for which bioequivalence has been demonstrated, and that can be expected to have the same clinical effect and safety profile when administered to patients under the conditions specified in the labeling."" § 314.3(b). 9 Abbreviated New Drug Applications and 505(b)(2) Applications, 81 FR 69580, 69619 (Oct. 6, 2016). I° Petition at 1. H Id. at 2. 12 Id. at l . "" Id. at 1, 3. 2 Docket No. FDA-2017-P-5799 currently is not being marketed, it is appropriate to move this product to the ""Discontinued Drug Product Lisr (Discontinued Section) of the Orange Book. Therefore, it is appropriate to select a new reference standard. You have stated grounds for FDA to select a new r",https://www.regulations.gov/document/FDA-2017-P-5799-0005
FDA-2017-P-6451-0006,FDA-2017-P-6451,Approval Letter from FDA CDER to Locke Lord LLP,FDA CDER to Locke Lord LLP,CDER,Approved,Bioequivalence/Therapeutic Equivalence,high,"bioequivalence, listed drug, proposed drug product","bmitted under that section of the Act. We have reviewed your petition under section 505(j)(2)(C) of the Act and FDA’s implementing regulations at 21 CFR 314.93 and have determined that it is approved. This letter represents FDA’s determination that an ANDA may be submitted for the above-referenced drug product. Under section 505(j)(2)(C) of the Act and 21 CFR 314.93(e)(1), FDA will approve a petition properly submitted under § 314.93 seeking a strength that differs from the strength of the listed drug product unless it finds that one of the grounds for denying such a petition applies. The Agency finds that the proposed change in strength for the proposed drug product does not pose questions of safety or effectiveness. The uses, dose, dosage form, and route of administration of the proposed drug product are the same as that of the listed drug product. The proposed change is consistent with dosing recommendations in the labeling of the listed drug. In addition, if shown to meet bioequivalence requirements, the propo",https://www.regulations.gov/document/FDA-2017-P-6451-0006
FDA-2017-P-6108-0003,FDA-2017-P-6108,Petition Approval Letter from FDA CDER,FDA CDER,CDER,Approved,Bioequivalence/Therapeutic Equivalence,high,"bioequivalence, anda, orange book","DA-201 8-P-0829 201587) as a reference standard. Based on our review, we have determined that Bactroban Calcium Cream, EQ 2% base (NDA 050746) has been discontinued, and we are moving NDA 050746 to the discontinued section (Discontinued Drug Product List) of the Orange Book. Therefore, it is appropriate to select a new reference standard. As you requested, we have selected Glenmark's mupirocin calcium cream, EQ 2% base (ANDA 201587) as the reference standard because this drug is the market leader as detennined by FDA on the basis of commercial data. 9 III. CONCLUSION For the reasons described in this response, the Petitions are granted. Sincerely, Janet Woodcock, M.D. Director Center for Drug Evaluation and Research 9 See Draft Guidance for Industry, Referencing Approved Drug Products in ANDA Submissions (January 20 17) at 9. We note that FDA will not approve any ANDA that uses the reference standard to demonstrate bioequivalence until FDA determines that the RLD was not withdrawn from sale for safety or effectiveness",https://www.regulations.gov/document/FDA-2017-P-6108-0003
FDA-2017-P-3484-0004,FDA-2017-P-3484,Petition Approval Letter from FDA CDER,FDA CDER,CDER,Approved,Bioequivalence/Therapeutic Equivalence,high,"bioequivalence, anda, orange book","DA-201 8-P-0829 201587) as a reference standard. Based on our review, we have determined that Bactroban Calcium Cream, EQ 2% base (NDA 050746) has been discontinued, and we are moving NDA 050746 to the discontinued section (Discontinued Drug Product List) of the Orange Book. Therefore, it is appropriate to select a new reference standard. As you requested, we have selected Glenmark's mupirocin calcium cream, EQ 2% base (ANDA 201587) as the reference standard because this drug is the market leader as detennined by FDA on the basis of commercial data. 9 III. CONCLUSION For the reasons described in this response, the Petitions are granted. Sincerely, Janet Woodcock, M.D. Director Center for Drug Evaluation and Research 9 See Draft Guidance for Industry, Referencing Approved Drug Products in ANDA Submissions (January 20 17) at 9. We note that FDA will not approve any ANDA that uses the reference standard to demonstrate bioequivalence until FDA determines that the RLD was not withdrawn from sale for safety or effectiveness",https://www.regulations.gov/document/FDA-2017-P-3484-0004
FDA-2017-P-0866-0004,FDA-2017-P-0866,Response Letter from CDER to Hyman  Phelps   McNam,CDER to Hyman  Phelps   McNam,CDER,Approved,Bioequivalence/Therapeutic Equivalence,high,"listed drug, proposed drug product, anda","tion of the drug is unsafe under such conditions because of the type or quantity of inactive ingredients included or the manner in which the inactive ingredients are included. Consistent with the statute, FDA has issued implementing regulations on inactive ingredients in products proposed in ANDAs. In general, a drug product approved in an ANDA may have different inactive ingredients from the RLD as long as the ANDA demonstrates that the different inactive ingredients do not affect the safety or efficacy of the proposed drug product (21 CFR 314.94(a)(9)(ii)). However, for ANDAs for parenteral drug products, the only differences in excipients that are routinely permitted are changes in preservatives, buffers, and antioxidants. FDA's regulation at § 314.94(a)(9)(iii) concerning the content and format of an ANDA states the following: 2 An RLD is ""the listed drug identified by FDA as the drug product upon which an applicant relies in seeking approval of its AND A'' (2 1 CFR 314.3). RLDs are identified in FDA's Approved Drug Pr",https://www.regulations.gov/document/FDA-2017-P-0866-0004
FDA-2017-P-4670-0009,FDA-2017-P-4670,Petition Approval Letter from FDA CDER to Baxter H,FDA CDER to Baxter H,CDER,Approved,Bioequivalence/Therapeutic Equivalence,high,"listed drug, reference listed drug, proposed drug product","ition of the drug is unsafe under such conditions because of the type or quantity of inactive ingredients included or the manner in which the active ingredients are included. Consistent with the statute, FDA has issued implementing regulations on inactive ingredients in products proposed in ANDAs. In general, an ANDA may have different inactive ingredients from the RLD as long as the ANDA demonstrates that the different inactive ingredients do not affect the safety or efficacy of the proposed drug product (21 CFR 314.94(a)(9)(ii)). However, for ANDAs for parenteral drug products, the only differences in inactive ingredients that are generally permitted are changes in preservatives, buffers, or antioxidants. FDA's regulation, 21 CFR 314.94(a)(9)(iii), concerning the content and format of an ANDA states the following: Generally, a drug product intended for parenteral use must contain the same inactive ingredients and in the same concentration as the reference listed drug identified by the applicant . . .. However, an applican",https://www.regulations.gov/document/FDA-2017-P-4670-0009
FDA-2017-P-6027-0006,FDA-2017-P-6027,Approval Letter from FDA CDER to Axinn  Veltrop   ,FDA CDER to Axinn  Veltrop,CDER,Approved,Bioequivalence/Therapeutic Equivalence,high,"bioequivalence, listed drug, proposed drug product","mitted under that section of the Act. We have reviewed your petition under section 505(j)(2)(C) of the Act and FDA’s implementing regulations at 21 CFR 314.93 and have determined that it is approved. This letter represents FDA’s determination that an ANDA may be submitted for the above-referenced drug product. Under section 505(j)(2)(C) of the Act and 21 CFR 314.93(e)(1), FDA will approve a petition properly submitted under § 314.93 seeking a strength that differs from the strength of the listed drug product unless it finds that one of the grounds for denying such a petition applies. The Agency finds that the proposed change in strength for the proposed drug product does not pose questions of safety or effectiveness. The uses, dose, dosage form, and route of administration of the proposed drug product are the same as that of the listed drug product. The proposed change is consistent with dosing recommendations in the labeling of the listed drug. In addition, if shown to meet bioequivalence requirements, the propo",https://www.regulations.gov/document/FDA-2017-P-6027-0006
FDA-2017-P-5081-0005,FDA-2017-P-5081,Response from FDA CDER to Pfizer Essential Health ,FDA CDER to Pfizer Essential Health,CDER,Approved,FDA Concurrence,medium,appropriate,"s of Estring and allow sufficient time for public review and comment (Petition at 2). You further request that the FDA-issued PSG “require[] the demonstration of BE in accordance with [certain] requirements” (Petition at 2). Specifically, you request that the PSG require the following four requirements: 1. Demonstration of comparable in vitro release using a discriminating rate of release dissolution method capable of reliably detecting manufacturing differences over the characteristic release profile for this product 2. Demonstration of BE with an appropriately designed pharmacokinetic (PK) endpoints study that assesses (a) the initial burst of plasma estradiol levels following insertion of the first ring with low levels of estradiol over the remainder of first 12- week treatment period; and (b) the smaller burst and large decrease in estradiol systemic exposure that occurs following insertion of the second ring 3. Demonstration of BE with an appropriately designed clinical endpoints study that evaluates the",https://www.regulations.gov/document/FDA-2017-P-5081-0005
FDA-2017-P-1230-0006,FDA-2017-P-1230,Final Response from FDA CDER to RegCon Solutions,FDA CDER to RegCon Solutions,CDER,Approved,Bioequivalence/Therapeutic Equivalence,high,"bioequivalence, anda, rld","s appropriate to select a new reference standard because the RLD - Optivar (azelastine hydrochloride) ophthalmic solution 0.05% (NDA 0211 27) - has been discontinued from marketing. FDA, however, will select azelastine hydrochloride ophthalmic solution, 0.05%, approved under ANDA 202305, held by Sandoz Inc., as a reference standard, rather than the ANDA identified in your petition. It is appropriate to select ANDA 202305 as the reference standard because this drug is the market leader as determined by FDA on the basis of commercial data. 10 Therefore, we will select azelastine hydrochloride ophthalmic solution, 0.05%, approved under ANDA 202305, held by Sandoz Inc., as the reference standard. 11 7 21 CFR 314.94(a)(3). 8 ""Therapeutic equivalents are approved drug products that are pharmaceutical equivalents for which bioequivalence has been demonstrated, and that can be expected to have the same clinical effect and safety profile when administered to patients under the conditions specified in the labeling."" (§ 3 14.3(b)). 9",https://www.regulations.gov/document/FDA-2017-P-1230-0006
FDA-2017-P-7032-0006,FDA-2017-P-7032,Petition Approval Letter from FDA CDER to Jubilant,FDA CDER to Jubilant,CDER,Approved,Bioequivalence/Therapeutic Equivalence,high,"bioequivalence, listed drug, proposed drug product","ed under that section of the FD&C Act. We have reviewed your petition under section 505(j)(2)(C) of the FD&C Act and FDA’s implementing regulations at 21 CFR 314.93 and have determined that it is approved. This letter represents FDA’s determination that an ANDA may be submitted for the above-referenced drug product. Under section 505(j)(2)(C) of the FD&C Act and 21 CFR 314.93(e)(1), FDA will approve a petition properly submitted under § 314.93 seeking a strength that differs from the strength of the listed drug product unless it finds that one of the grounds for denying such a petition applies. The Agency finds that the proposed change in strength for the proposed drug product does not pose questions of safety or effectiveness. The uses, dose, dosage form, and route of administration of the proposed drug product are the same as that of the listed drug product. The proposed change is consistent with dosing recommendations in the labeling of the listed drug. In addition, if shown to meet bioequivalence requirements,",https://www.regulations.gov/document/FDA-2017-P-7032-0006
FDA-2017-P-2043-0006,FDA-2017-P-2043,Response Letter from FDA to Yiling Pharmaceuticals,FDA to Yiling Pharmaceuticals,,Approved,Bioequivalence/Therapeutic Equivalence,high,"bioequivalence, anda, rld","korder and not available in the market.9 We have reviewed this information and conducted a separate review of these facts and FDA agrees that distribution of the current RLD has been so limited that it would be difficult for Yiling to obtain a sufficient quantity of this drug product for in vivo bioequivalence testing. Therefore, you have stated grounds for FDA to select a new reference standard for use in bioequivalence testing for your ANDA application. 10 4 ld. 5 Id. 6 § 314.94(a)(3) (21 CFR 3 14.94(a)(3)). 7 "" Therapeutic equivalents are approved drug products that are pharmaceutical equivalents for which bioequivalence has been demonstrated, and that can be expected to have the same clinical effect and safety profile when administered to patients under the conditions specified in the labeling."" § 314.3(b). 8 See Abbreviated New Drug Applications and 505(b)(2) Applications, 81 FR 69580, 69619 (Oct. 6, 2016). 9 Petition at 1-2. 10 See Abbreviated New Drug Application Regulations, Final Rule, 57 FR 17950, 17958 (Apr.",https://www.regulations.gov/document/FDA-2017-P-2043-0006
FDA-2018-P-0878-0006,FDA-2018-P-0878,Approval Letter from FDA CDER to Hyman  Phelps   M,FDA CDER to Hyman  Phelps   M,CDER,Approved,Bioequivalence/Therapeutic Equivalence,high,"bioequivalence, listed drug, proposed drug product","mitted under that section of the Act. We have reviewed your petition under section 505(j)(2)(C) of the Act and FDA’s implementing regulations at 21 CFR 314.93 and have determined that it is approved. This letter represents FDA’s determination that an ANDA may be submitted for the above-referenced drug product. Under section 505(j)(2)(C) of the Act and 21 CFR 314.93(e)(1), FDA will approve a petition properly submitted under § 314.93 seeking a strength that differs from the strength of the listed drug product unless it finds that one of the grounds for denying such a petition applies. The Agency finds that the proposed change in strength for the proposed drug product does not pose questions of safety or effectiveness. The uses, dose, dosage form, and route of administration of the proposed drug product are the same as that of the listed drug product. The proposed change is consistent with dosing recommendations in the labeling of the listed drug. In addition, if shown to meet bioequivalence requirements, the propo",https://www.regulations.gov/document/FDA-2018-P-0878-0006
FDA-2018-P-3426-0004,FDA-2018-P-3426,Response Letter from FDA CDER to Pharmax Group  In,FDA CDER to Pharmax Group  In,CDER,Approved,Bioequivalence/Therapeutic Equivalence,high,"anda, orange book, rld","testing). 2 Docket No. FDA-2018-P-3426 We have reviewed the information presented in the Petition and other information available to the Agency. FDA afgees that cyproheptadine hydrochloride tablets, USP 4 mg, ANDA 087056 held by Ivax, is no longer being marketed. It is appropriate to move this product to the ""Discontinued Drug Product List"" (Discontinued Section) of the Orange Book since this product is currently not being marketed. We have examined the issues presented in your Petition and have determined that you have stated grounds for FDA to select cyproheptadine hydrochloride tablets, USP 4 mg, approved under ANDA 040644 held by Boscogen, as an RS. It is appropriate to select this drug product as an RS because it is therapeutically equivalent to the discontinued RLD and is the current market leader based on units sold.'' 111. CONCLUSION For the reasons described in this response, the Petition is granted, and FDA will identify ANDA 040644 for cyproheptadine hydrochloride tablets, USP 4 mg, held by Boscogen, as the n",https://www.regulations.gov/document/FDA-2018-P-3426-0004
FDA-2018-P-0829-0003,FDA-2018-P-0829,Petition Approval Letter from FDA CDER,FDA CDER,CDER,Approved,Bioequivalence/Therapeutic Equivalence,high,"bioequivalence, anda, orange book","DA-201 8-P-0829 201587) as a reference standard. Based on our review, we have determined that Bactroban Calcium Cream, EQ 2% base (NDA 050746) has been discontinued, and we are moving NDA 050746 to the discontinued section (Discontinued Drug Product List) of the Orange Book. Therefore, it is appropriate to select a new reference standard. As you requested, we have selected Glenmark's mupirocin calcium cream, EQ 2% base (ANDA 201587) as the reference standard because this drug is the market leader as detennined by FDA on the basis of commercial data. 9 III. CONCLUSION For the reasons described in this response, the Petitions are granted. Sincerely, Janet Woodcock, M.D. Director Center for Drug Evaluation and Research 9 See Draft Guidance for Industry, Referencing Approved Drug Products in ANDA Submissions (January 20 17) at 9. We note that FDA will not approve any ANDA that uses the reference standard to demonstrate bioequivalence until FDA determines that the RLD was not withdrawn from sale for safety or effectiveness",https://www.regulations.gov/document/FDA-2018-P-0829-0003
FDA-2018-P-4549-0009,FDA-2018-P-4549,Response Letter from FDA CDER to Unichem Pharmaceu,FDA CDER to Unichem Pharmaceu,CDER,Approved,Bioequivalence/Therapeutic Equivalence,medium,anda,"e standard for terbinafine hydrochloride tablets because, according to your Petition, the current reference standard product, Lamisil (terbinafine hydrochloride) Tablets, 250 mg, approved under NDA 020539 held by Novartis Pharmaceutical Corporation (Novartis), is not available in the market (Petition at 1, 2). You reference terbinafine hydrochloride tablets, 250 mg, approved under ANDA 078297 held by Aurobindo, as the market leader based on units sold per IMS data from January 2018 through September 2018, but do not specifically request that Aurobindo’s product be selected as the new reference standard (Petition at 2 and Exhibit 4). We have reviewed the information presented in the Petition, regulatory filings for Lamisil, and third-party commercial data regarding terbinafine hydrochloride tablets. Based on this and other information available to the Agency, FDA concludes that Lamisil (terbinafine hydrochloride) Tablets, 250 mg, NDA 020539 held by Novartis, is unavailable in the market. In this instance, based on th",https://www.regulations.gov/document/FDA-2018-P-4549-0009
FDA-2019-P-3022-0008,FDA-2019-P-3022,Approval Letter from FDA CDER to Foley   Lardner L,FDA CDER to Foley   Lardner L,CDER,Approved,Bioequivalence/Therapeutic Equivalence,high,"bioequivalence, listed drug, proposed drug product","bmitted under that section of the Act. We have reviewed your petition under section 505(j)(2)(C) of the Act and FDA’s implementing regulations at 21 CFR 314.93 and have determined that it is approved. This letter represents FDA’s determination that an ANDA may be submitted for the above-referenced drug product. Under section 505(j)(2)(C) of the Act and 21 CFR 314.93(e)(1), FDA will approve a petition properly submitted under § 314.93 seeking a dosage form that differs from the dosage form of the listed drug product unless it finds that one of the grounds for denying such a petition applies. The Agency finds that the proposed change in dosage form for the proposed drug product does not pose questions of safety or effectiveness. The uses, dose, and route of administration of the proposed drug product are the same as that of the listed drug product. The proposed change is consistent with dosing recommendations in the labeling of the listed drug. In addition, if shown to meet bioequivalence requirements, the proposed",https://www.regulations.gov/document/FDA-2019-P-3022-0008
FDA-2019-P-3903-0004,FDA-2019-P-3903,Approval Letter from FDA CDER to Hyman  Phelps   M,FDA CDER to Hyman  Phelps   M,CDER,Approved,Safety Established,high,"bioequivalence, anda, safety","more appropriate for RS designation.9 We have reviewed the information submitted in the docket, regulatory filings for the current reference standard, ANDA 040708, and third-party commercial data regarding lidocaine HCl oral solution 2%. Based on the information available to us, FDA concludes that ANDA 040708 held by Lannett Company, Inc., is no longer available in the market. Therefore, we agree that you have stated grounds for selecting a new reference standard.10 4 Id. 5 See id. 6 § 314.94(a)(3) (21 CFR 314.94(a)(3)). 7 “Therapeutic equivalents are approved drug products that are pharmaceutical equivalents for which bioequivalence has been demonstrated, and that can be expected to have the same clinical effect and safety profile when administered to patients under the conditions specified in the labeling” (§ 314.3(b)). 8 Abbreviated New Drug Applications and 505(b)(2) Applications, 81 FR 69580, 69619 (Oct. 6, 2016). 9 Petition at 1. 10 See “Abbreviated New Drug Applications and 505(b)(2) Applications” 81",https://www.regulations.gov/document/FDA-2019-P-3903-0004
FDA-2019-P-2074-0004,FDA-2019-P-2074,Final Response from FDA CDER to Encube Ethicals Pr,FDA CDER to Encube Ethicals Pr,CDER,Approved,FDA Concurrence,high,"anda, rld, agree","t this. Docket No. FDA-2019-P-2074 3 We have reviewed the information in the docket, regulatory filings for the current RLD/reference standard, and third party commercial data regarding fluorouracil topical solution, 5%. Based on this, and other information available to the Agency, FDA concludes that the RLD/reference standard Efudex, fluorouracil topical solution, 5%, is unavailable in the market. Accordingly, FDA agrees that you have stated grounds for the Agency to identify a new reference standard. In this instance, we have determined that it is appropriate to select ANDA 076526 , as the new reference standard for fluorouracil topical solution, 5%, because it is therapeutically equivalent to Efudex (Fluorouracil Topical Solution), 5%, approved under NDA 016831, and it is the current market leader as determined by FDA on the basis of commercial data.12 III. CONCLUSION For the reasons described in this response, the Petition is granted to the extent that it requests that FDA select ANDA 076526 for, fluorouracil top",https://www.regulations.gov/document/FDA-2019-P-2074-0004
FDA-2019-P-4386-0004,FDA-2019-P-4386,Suitability Petition Approval from FDA CDER to Fre,FDA CDER to Fre,CDER,Approved,Bioequivalence/Therapeutic Equivalence,high,"bioequivalence, listed drug, proposed drug product","mitted under that section of the Act. We have reviewed your petition under section 505(j)(2)(C) of the Act and FDA’s implementing regulations at 21 CFR 314.93 and have determined that it is approved. This letter represents FDA’s determination that an ANDA may be submitted for the above-referenced drug product. Under section 505(j)(2)(C) of the Act and 21 CFR 314.93(e)(1), FDA will approve a petition properly submitted under § 314.93 seeking a strength that differs from the strength of the listed drug product unless it finds that one of the grounds for denying such a petition applies. The Agency finds that the proposed change in strength for the proposed drug product does not pose questions of safety or effectiveness. The uses, dose, dosage form, and route of administration of the proposed drug product are the same as that of the listed drug product and the proposed change is consistent with dosing recommendations in the labeling of the listed drug. In addition, if shown to meet bioequivalence requirements, the prop",https://www.regulations.gov/document/FDA-2019-P-4386-0004
FDA-2019-P-4424-0004,FDA-2019-P-4424,Response letter from FDA  CDER to Hibrow Healthcar,FDA  CDER to Hibrow Healthcar,CDER,Approved,Bioequivalence/Therapeutic Equivalence,high,"listed drug, reference listed drug, anda","ions as to reference standards approved in ANDAs. Because your proposed ANDA seeks to reference the RLD and as noted, that determination has already been made as to the RLD, no additional decisions regarding the reasons for withdrawal of the reference standard are relevant or required at this time. Accordingly, FDA denies this specific request. Docket No. FDA-2019-P-4424 2 A listed drug is a new drug product that (1) has been approved under section 505(c) of the FD&C Act for safety and effectiveness or under section 505(j) of the FD&C Act; (2) whose approval has not been withdrawn or suspended under section 505(e)(1) through (e)(5) or (j)(6) of the FD&C Act; and (3) that has not been withdrawn from sale for what FDA has determined are reasons of safety or effectiveness.3 Listed drug status is evidenced by the drug product’s identification in the current edition of FDA’s Orange Book as an approved drug.4 A reference listed drug (RLD) is the listed drug identified by FDA as the drug product on which an applicant",https://www.regulations.gov/document/FDA-2019-P-4424-0004
FDA-2019-P-4261-0004,FDA-2019-P-4261,Approval Letter from FDA CDER to Hyman  Phelps   M,FDA CDER to Hyman  Phelps   M,CDER,Approved,Bioequivalence/Therapeutic Equivalence,high,"bioequivalence, anda, appropriate","ued from marketing (Petition at 1-2). We have reviewed the information in the docket, regulatory filings for the current reference standard, and third-party commercial data regarding ultramicrosize griseofulvin tablets, 250 mg. Based on this information, FDA concludes that the current reference standard, Valeant’s Gris- PEG (ultramicrosize griseofulvin) tablets, 250 mg, drug product is unavailable in the market. Accordingly, FDA has determined it is appropriate for the Agency to select a new reference standard.9 In this instance, we have determined that it is appropriate to select ANDA 204371 held by Mountain LLC as the new reference standard for ultramicrosize griseofulvin tablets, 250 mg. It is therapeutically equivalent to the current reference standard, and it is the current market leader as determined by FDA based on commercial data.10 4 Id. 5 Id. 6 § 314.94(a)(3) (21 CFR 314.94(a)(3)). 7 “Therapeutic equivalents are approved drug products that are pharmaceutical equivalents for which bioequivalence has be",https://www.regulations.gov/document/FDA-2019-P-4261-0004
FDA-2020-P-0978-0009,FDA-2020-P-0978,Response Letter from FDA CDER to Valisure  LLC,FDA CDER to Valisure  LLC,CDER,Approved,Sufficient Evidence,medium,evidence,"d metformin drug products. 4 See original IARC review, IARC Monographs on the Evaluation of Carcinogenic Risk of Chemicals to Man, Vol. 1 (1972) NDMA at 95; IARC Monographs on the Evaluation of the Carcinogenic Risks to Humans, Overall Evaluations of Carcinogenicity: An Updating of IARC Monographs, Vols. 1 to 42 (1987); Supp 7, NDMA at 67 (The 1987 IARC update for carcinogenic classification identifies NDMA as “Group 2A: Probably carcinogenic to humans.”); as stated in supplement 7 (at page 31), the Group 2A “category is used when there is limited evidence of carcinogenicity in humans and sufficient evidence of carcinogenicity in experimental animals. Exceptionally, an agent may be classified into this category solely on the basis of limited evidence of carcinogenicity in humans or of sufficient evidence of carcinogenicity in experimental animals strengthened by supporting evidence from other relevant data.” See, generally, IARC Monographs on the Identification of Carcinogenic Hazards to Humans, Amended Preamble, January",https://www.regulations.gov/document/FDA-2020-P-0978-0009
FDA-2020-P-2005-0006,FDA-2020-P-2005,Approval letter from FDA CDER to Hyman  Phelps   M,FDA CDER to Hyman  Phelps   M,CDER,Approved,Bioequivalence/Therapeutic Equivalence,high,"bioequivalence, listed drug, proposed drug product","bmitted under that section of the Act. We have reviewed your petition under section 505(j)(2)(C) of the Act and FDA’s implementing regulations at 21 CFR 314.93 and have determined that it is approved. This letter represents FDA’s determination that an ANDA may be submitted for the above-referenced drug product. Under section 505(j)(2)(C) of the Act and 21 CFR 314.93(e)(1), FDA will approve a petition properly submitted under § 314.93 seeking a strength that differs from the strength of the listed drug product unless it finds that one of the grounds for denying such a petition applies. The Agency finds that the proposed change in strength for the proposed drug product does not pose questions of safety or effectiveness. The uses, dose, dosage form, and route of administration of the proposed drug product are the same as that of the listed drug product. The proposed change is consistent with dosing recommendations in the labeling of the listed drug. In addition, if shown to meet bioequivalence requirements, the propose",https://www.regulations.gov/document/FDA-2020-P-2005-0006
FDA-2020-P-2301-0004,FDA-2020-P-2301,Response Letter from FDA CDER to Alpha Cognition U,FDA CDER to Alpha Cognition U,CDER,Approved,Bioequivalence/Therapeutic Equivalence,high,"bioequivalence, anda, rld","a new reference standard.9 In this instance, we have determined that it is appropriate to select ANDA 077604 held by Yabao as the new reference standard for Galantamine Hydrobromide oral tablets, Eq 4 mg base. It is 4 Id. 5 Id. 6 § 314.94(a)(3) (21 CFR 314.94(a)(3)). 7 “Therapeutic equivalents are approved drug products that are pharmaceutical equivalents for which bioequivalence has been demonstrated, and that can be expected to have the same clinical effect and safety profile when administered to patients under the conditions specified in the labeling” (§ 314.3(b)). 8 See preamble to the final rule, “Abbreviated New Drug Applications and 505(b)(2) Applications,” 81 FR 69580 at 69619 (Oct. 6, 2016). 9 See 81 FR at 69619. Docket No. FDA-2020-P-2301 3 therapeutically equivalent to the RLD, and it is the current market leader as determined by FDA based on commercial data.10 III. CONCLUSION For the reasons described in this response, the Petition is granted in that FDA will identify ANDA",https://www.regulations.gov/document/FDA-2020-P-2301-0004
FDA-2021-P-0910-0006,FDA-2021-P-0910,Suitability Petition Approval Letter from FDA CDER,FDA CDER,CDER,Approved,Bioequivalence/Therapeutic Equivalence,high,"bioequivalence, listed drug, proposed drug product","bmitted under that section of the Act. We have reviewed your petition under section 505(j)(2)(C) of the Act and FDA’s implementing regulations at 21 CFR 314.93 and have determined that it is approved. This letter represents FDA’s determination that an ANDA may be submitted for the above-referenced drug product. Under section 505(j)(2)(C) of the Act and 21 CFR 314.93(e)(1), FDA will approve a petition properly submitted under § 314.93 seeking a strength that differs from the strength of the listed drug product unless it finds that one of the grounds for denying such a petition applies. The Agency finds that the proposed change in strength for the proposed drug product does not pose questions of safety or effectiveness. The uses, dose, dosage form, and route of administration of the proposed drug product are the same as that of the listed drug product. The proposed change is consistent with dosing recommendations in the labeling of the listed drug. In addition, if shown to meet bioequivalence requirements, the proposed",https://www.regulations.gov/document/FDA-2021-P-0910-0006
FDA-2022-P-0979-0006,FDA-2022-P-0979,Approval Letter from FDA CDER to ArentFox Schiff L,FDA CDER to ArentFox Schiff L,CDER,Approved,Bioequivalence/Therapeutic Equivalence,high,"bioequivalence, listed drug, proposed drug product","bmitted under that section of the Act. We have reviewed your petition under section 505(j)(2)(C) of the Act and FDA’s implementing regulations at 21 CFR 314.93 and have determined that it is approved. This letter represents FDA’s determination that an ANDA may be submitted for the above-referenced drug product. Under section 505(j)(2)(C) of the Act and 21 CFR 314.93(e)(1), FDA will approve a petition properly submitted under § 314.93 seeking a strength that differs from the strength of the listed drug product unless it finds that one of the grounds for denying such a petition applies. The Agency finds that the proposed change in strength (total drug content) for the proposed drug product does not pose questions of safety or effectiveness. The uses, dose, dosage form, and route of administration of the proposed drug product are the same as that of the listed drug product. The proposed change is consistent with dosing recommendations in the labeling of the listed drug. In addition, if shown to meet bioequivalence re",https://www.regulations.gov/document/FDA-2022-P-0979-0006
FDA-2022-P-0476-0004,FDA-2022-P-0476,Final Response Letter from FDA CDER to Lachman Con,FDA CDER to Lachman Con,CDER,Approved,Safety Established,high,"safety, safe, granted","Petition and other information available to us. Based on our review of these materials and for the reasons stated below, the Petition is granted. I. BACKGROUND A. Adrenalin Endo Operations Ltd.2 (Endo) is the applicant for Adrenalin (epinephrine injection) 1 mg/mL (NDA 204640). FDA approved NDA 204640 for a 30 mL multiple dose vial of Adrenalin on December 18, 2013, for emergency treatment of allergic reactions (Type 1), including anaphylaxis.3 FDA approved an additional indication to increase mean arterial blood pressure in 1 Petition at 1. The Petition states “a sponsor wishing to submit an [abbreviated new drug application]referencing the original formulation [approved on 12/18/2013]” of NDA 204640 must submit a citizen petition seeking a determination on whether the original formulation of the drug was withdrawn from sale for reasons of safety or efficacy. Id. at 2 (emphasis in original). 2 We note that the Petition identified NDA 204640 as being held by Par Sterile Products, LLC (Par). Although this used to be",https://www.regulations.gov/document/FDA-2022-P-0476-0004
FDA-2022-P-0155-0006,FDA-2022-P-0155,Final Response Letter from FDA CDER to Kleinfeld K,FDA CDER to Kleinfeld K,CDER,Approved,Other Approval Reason,low,,"obindo Pharma U.S.A. Inc.3 We have carefully reviewed the requests in the 2022 Petition, HPM’s comments, and the administrative record. For the reasons explained below, we are granting the requests in the 2022 Petition. I. FACTUAL BACKGROUND A. Lonsurf and Its Original Approval NDA 207981 for Lonsurf was originally approved on September 22, 2015, for the treatment of patients with metastatic colorectal cancer who have been previously treated with fluoropyrimidine-, oxaliplatin-, and irinotecan-based chemotherapy, an anti-vascular endothelial growth factor (VEGF) biological therapy, and, if RAS wild-type,4 an anti-endothelial growth factor receptor (EGFR) therapy. Lonsurf consists of two active ingredients: trifluridine and tipiracil hydrochloride.5 Trifluridine is a thymidine-based nucleoside analog, which can be incorporated into DNA following phosphorylation and inhibit cell proliferation. Tipiracil is a thymidine phosphorylase inhibitor, which inhibits the degradation of trifluridine, leading to increased",https://www.regulations.gov/document/FDA-2022-P-0155-0006
FDA-2022-P-0151-0006,FDA-2022-P-0151,Approval Letter from FDA CDER to Ascend Laboratori,FDA CDER to Ascend Laboratori,CDER,Approved,Bioequivalence/Therapeutic Equivalence,high,"bioequivalence, listed drug, proposed drug product","bmitted under that section of the Act. We have reviewed your petition under section 505(j)(2)(C) of the Act and FDA’s implementing regulations at 21 CFR 314.93 and have determined that it is approved. This letter represents FDA’s determination that an ANDA may be submitted for the above-referenced drug product. Under section 505(j)(2)(C) of the Act and 21 CFR 314.93(e)(1), FDA will approve a petition properly submitted under § 314.93 seeking a strength that differs from the strength of the listed drug product unless it finds that one of the grounds for denying such a petition applies. The Agency finds that the proposed change in strength for the proposed drug product does not pose questions of safety or effectiveness. The uses, dose, dodsage form, and route of administration of the proposed drug product are the same as that of the listed drug product. The proposed change is consistent with dosing recommendations in the labeling of the listed drug. In addition, if shown to meet bioequivalence requirements, the prop",https://www.regulations.gov/document/FDA-2022-P-0151-0006
FDA-2023-P-0360-0191,FDA-2023-P-0360,Response Letter from FDA CBER to Coalition Advocat,FDA CBER to Coalition Advocat,CBER,Approved,Safety Established,medium,safe,"ponds to the Petition in full. We have carefully reviewed the Petition and other information available to the Agency. Having reviewed these materials, and for the reasons described below, we are granting one of your requests related to revisions to the labeling for one vaccine to describe updated clinical trial data regarding the vaccine. However, for the reasons described below, we conclude that the Petition does not contain facts demonstrating any reasonable grounds for the other requested actions. In accordance with Title 21 CFR (Code of Federal Regulations) 10.30(e)(3), and for the reasons stated below, FDA is denying these other requests in the Petition. Here is an outline of FDA’s response: I. Background II. Vaccines That Are FDA-Licensed or Receive an Emergency Use Authorization Meet Relevant Statutory Requirements A. Investigational New Drugs B. Licensed Vaccines Are Safe, Pure, and Potent C. An Emergency Use Authorization for a COVID-19 Preventative Vaccine Is Issued Only if the Relevant Statutory S",https://www.regulations.gov/document/FDA-2023-P-0360-0191
FDA-2024-P-0667-0013,FDA-2024-P-0667,Final Approval Letter from FDA CDER to Lachman Con,FDA CDER to Lachman Con,CDER,Approved,Bioequivalence/Therapeutic Equivalence,high,"bioequivalence, listed drug, proposed drug product","itted under that section of the Act. We have reviewed your petition under section 505(j)(2)(C) of the Act and FDA’s implementing regulations at 21 CFR 314.93 and have determined that it is approved. This letter represents FDA’s determination that an ANDA may be submitted for the above-referenced drug product. Under section 505(j)(2)(C) of the Act and 21 CFR 314.93(e)(1), FDA will approve a petition properly submitted under § 314.93 seeking a strength that differs from the strength of the listed drug product unless it finds that one of the grounds for denying such a petition applies. The Agency finds that the proposed change in strength for the proposed drug product does not pose questions of safety or effectiveness. The uses, dose, dosage form, and route of administration of the proposed drug product are the same as that of the listed drug product. The proposed change is consistent with dosing recommendations in the labeling of the listed drug. In addition, if shown to meet bioequivalence requirements, the",https://www.regulations.gov/document/FDA-2024-P-0667-0013
FDA-2016-P-3112-0004,FDA-2016-P-3112,Petition Denial Letter FDA 2016 P 3112,,ORA,Approved,Other Approval Reason,low,,"s issuance of a tentative response. We carefully reviewed the arguments you presented in the petition and, for the reasons set forth below, we are denying your request to amend section 1 0.30 of Title 21 of the Code ofF ederal Regulations (CFR). Background FDA regulates a broad array of products and commodities, in chief pursuant to statutory authority that Congress provided in the Federal Food, Drug, and Cosmetic Act (FD&C Act). 21 U.S.C. 201 , et seq. Title 21 of the CFR contains federal regulations that explain and operationalize FDA's authority under the statute. Part 10 of Title 21 contains the administrative practices and procedures that apply to petitions, hearings, and other administrative proceedings and activities that FDA conducts. Section 10.30 provides the administrative procedures that apply to citizen petitions, including format and content requirements for each citizen petition. Section I 0.30 also provides FDA's responsibilities with regard to replying to citizen petitions. Specifically, FDA is to file on",https://www.regulations.gov/document/FDA-2016-P-3112-0004
FDA-2022-P-0311-0003,FDA-2022-P-0311,Response Letter from FDA ORA to Harry Duty Redacte,FDA ORA to Harry Duty Redacte,ORA,Approved,Other Approval Reason,low,,"Re: Docket No. FDA-2022-P-0311 Dear Mr. Duty: We are granting your Citizen Petition (FDA-2022-P-0311) filed with the Food and Drug Administration (FDA) on March 8, 2022. The petition requests FDA to “comply with FOIA law and post publicly on the FDA FOIA reading room ‘All testing records for Redbarn, Chewy Louie, Bentley’s, and Good Lovin’ that resulted in the 03.06.18 recall announcement.’” As grounds for the petition, you claim the “information has been requested through FOIA ‘3 or more times’ and FDA is now required to comply with 5 U.S.C. § 552(a)(2)(D) and publish these records on the FDA FOIA reading room.” 5 U.S.C. § 552(a)(2)(D) states in part: “Each agency … shall make available for public inspection in an electronic format … copies of all records … that have been released to any person under [FOIA]; and … that have been requested 3 or more times[.]” Your petition did not provide the control numbers for, or otherwise identify with any specificity, the FOIA requests that you claim triggered this provision o",https://www.regulations.gov/document/FDA-2022-P-0311-0003
FDA-2022-P-0210-0003,FDA-2022-P-0210,Citizen Petition Response from FDA CDER to Harry D,FDA CDER to Harry D,CDER,Approved,Other Approval Reason,low,,"Docket No. FDA-2022-P-0210 Dear Mr. Duty: We are granting your Citizen Petition (FDA-2022-P-0210) filed with the Food and Drug Administration (FDA) on February 19, 2022. The petition requests FDA to “comply with FOIA law and post publicly on the FDA FOIA reading room all documents requested through various FOIA requests pertaining to Video Of FDA Employee Sean Duke on 01.23.19 Assaulting Citizen, After Being Caught Regulating By Opinion Instead Of Law.” As grounds for the petition, you claim the “information has been requested through FOIA ‘3 or more times’ and FDA is now required to comply with 5 U.S.C. § 552(a)(2)(D) and publish these records on the FDA FOIA reading room.” 5 U.S.C. § 552(a)(2)(D) states in part: “Each agency … shall make available for public inspection in an electronic format … copies of all records … that have been released to any person under [FOIA]; and … that have been requested 3 or more times[.]” Your petition did not provide the control numbers for, or otherwise identify with any s",https://www.regulations.gov/document/FDA-2022-P-0210-0003
FDA-2003-P-0173-0002,FDA-2003-P-0173,Petition Approval from FDA Associate Commissioner ,FDA Associate Commissioner,,Approved,FDA Concurrence,medium,granted,"Mr. Barry A. Wilson 
Chief Pharmacy Officer 
Family Care Health Centers 
40 1 Holly Hills 
St. Louis, MO 63 111 
Re: 
Docket No. 2003P-0288KP 1 
Dear Mr. Wilson: 
This letter responds to your citizen petition received on June 20,2003, requesting an 
interpretation of the phrase “pharmacies of hospitals or other health care entities” as used 
in section 503 of the Federal Food, Drug, and Cosmetic Act (the Act) (21 U.S.C. 353). In 
particular, you request that the Food and Drug Administration (FDA) deem the pharmacy 
located in the Family Care Health Center (FCHC) a pharmacy of a “health care entity” 
for the purposes of receiving and dispensing prescription drug samples. We have 
responded in the past to similar inquiries. For the reasons stated below, your petition is 
granted. 
The Prescription Drug Marketing Act of 1987 (PDMA) was enacted on April 22,1988, 
and was modified by the Prescription Drug Amendments of 1992 (PDA) on August 26, 
1992. The PDMA, as modified by the PDA, amende",https://www.regulations.gov/document/FDA-2003-P-0173-0002
FDA-2016-P-2072-0005,FDA-2016-P-2072,Part approval and denial letter from CDER FDA to P,CDER FDA to P,CDER,Approved,Other Approval Reason,low,,"(~~
-~~;, i1 U.S. FOOD & DRUG 
-
1._ 
ADMIN ISTRATION 
'-....., 
DEC 0 8 2016 
Richard E. Lowenthal 
Pacific-Link Consulting 
8195 Run of the Knolls Court 
San Diego, CA 92127 
RE: 
Docket No. FDA-2016-P-2072 
Dear Mr. Lowenthal: 
This responds to your citizen petition (Petition) dated July 11, 2016, and received by the Food 
and Drug Administration (FDA or Agency) on July 12, 2016, on behalf of Adapt Pharma 
Operations Ltd. (Adapt). In the Petition, you request FDA take the following actions: 
I) Before approving new naloxone treatments intended for use by individuals, including 
non-medically trained individuals, in settings including non-medical settings, the 
Agency should: 
• 
[C]onvene an Advisory Committee to determine the optimal effective initial 
dose and corresponding target plasma levels for each route of administration 
for each naloxone product intended for the emergency treatment of suspected 
opioid overdose; 
• 
[E]valuate the optimal initial fixed dose of naloxone app",https://www.regulations.gov/document/FDA-2016-P-2072-0005
FDA-2022-P-0309-0003,FDA-2022-P-0309,Response Letter from FDA ORA to Harry Dutty Redact,FDA ORA to Harry Dutty Redact,ORA,Approved,Other Approval Reason,low,,"Re: Docket No. FDA-2022-P-0309 Dear Mr. Duty: We are granting your Citizen Petition (FDA-2022-P-0309) filed with the Food and Drug Administration (FDA) on March 8, 2022. The petition requests FDA to “comply with FOIA law and post publicly on the FDA FOIA reading room … All Calendar Records For Steven Porter For The Dates Of 01.01.18-06.30.18.” As grounds for the petition, you claim the “information has been requested through FOIA ‘3 or more times’ and FDA is now required to comply with 5 U.S.C. § 552(a)(2)(D) and publish these records on the FDA FOIA reading room.” 5 U.S.C. § 552(a)(2)(D) states in part: “Each agency … shall make available for public inspection in an electronic format … copies of all records … that have been released to any person under [FOIA]; and … that have been requested 3 or more times[.]” Your petition did not provide the control numbers for, or otherwise identify with any specificity, the FOIA requests that you claim triggered this provision of the FOIA. Nevertheless, we have been able to",https://www.regulations.gov/document/FDA-2022-P-0309-0003
FDA-2022-P-0310-0003,FDA-2022-P-0310,Response Letter from FDA ORA to Harry Duty Redacte,FDA ORA to Harry Duty Redacte,ORA,Approved,Other Approval Reason,low,,"Re: Docket No. FDA-2022-P-0310 Dear Mr. Duty: We are granting your Citizen Petition (FDA-2022-P-0310) filed with the Food and Drug Administration (FDA) on March 8, 2022. The petition requests FDA to “comply with FOIA law and post publicly on the FDA FOIA reading room … ‘the testing records for K9 Naturals voluntary recall that FDA suggested to K9 Naturals.’” As grounds for the petition, you claim the “information has been requested through FOIA ‘3 or more times’ and FDA is now required to comply with 5 U.S.C. § 552(a)(2)(D) and publish these records on the FDA FOIA reading room.” 5 U.S.C. § 552(a)(2)(D) states in part: “Each agency … shall make available for public inspection in an electronic format … copies of all records … that have been released to any person under [FOIA]; and … that have been requested 3 or more times[.]” Your petition did not provide the control numbers for, or otherwise identify with any specificity, the FOIA requests that you claim triggered this provision of the FOIA. Nevertheless, we hav",https://www.regulations.gov/document/FDA-2022-P-0310-0003
FDA-2000-P-0025-0003,FDA-2000-P-0025,Petition Approval from FDA CDRH to American Orthot,FDA CDRH to American Orthot,CDRH,Approved,Public Health Benefit,medium,public health,", '. 
DEP'iLRTl!!IENTOF EEALTFi & HUMAN SERVICES 
Public Health Service 
6 
~ 
. 
. 
Food and Drug Administration 
9200 Corporate Boulevard 
SEi' 
1 3 2000 
R«:kvitle MD zoeso 
4667 '00 SEP 27 A10 :39 
C. Michael Schuch, CPO, FISPO, FAAOP 
President 
American Orthotic & Prosthetic Association 
1650 King Street, Suite 500 
Alexandria, Virginia 22314 
' 
Re: 
Cranial Helmet Citizen Petition 
Dated : March 3, 2000 
Received: March 13, 2000 
Docket No. OOP-1085 
Dear Mr. Schuch : 
The Food and Drug Administration (FDA) has received your Citizen Petition 
requesting the classification of the cranial helmet . The cranial helmet is an orthotic 
device used to provide protection for patients' skulls following cranial surgery and for 
skull protection in general . You request that the cranial helmet be classified as a Class I 
device exempt from the premarket notification requirements . 
The cranial helmet you describe is indicated to protect the cranium of patients 
who have undergone extensiv",https://www.regulations.gov/document/FDA-2000-P-0025-0003
FDA-2000-P-0025-0002,FDA-2000-P-0025,Petition Approval from FDA CDRH to American Orthot,FDA CDRH to American Orthot,CDRH,Approved,Public Health Benefit,medium,public health,"DEPQRTMENT OF HEALTH & HUMAN SERVICES 
Public Health Service 
Food and Drug Administration 
9200 Corporate Boulevard 
SEP I 3 2000 
Rockville MD 20850 
4 6 6 7 '00 SEP 27 /?lo:39 
C. Michael Schuch, CPO, FISPO, FAAOP 
President 
American Orthotic & Prosthetic Association 
’ 
1650 King Street, Suite 500 
Alexandria, Virginia 
223 14 
’ ’ 
Re: 
Cranial Helmet Citizen Petition 
Dated: March 3,200O 
Received: March 13,200O 
Docket No. OOP-1085 
Dear Mr. Schuch: 
The Food and Drug Administration (FDA) has received your Citizen Petition 
requesting the classification of the cranial helmet. The cranial helmet is an orthotic 
device used to provide protection for patients’ skulls following cranial surgery and for 
skull protection in general. You request that the cranial helmet be classified as a Class I 
device exempt from the premarket notification requirements. 
The cranial helmet you describe is indicated to protect the cranium of patients 
who have undergone extensive cranial surgery or w",https://www.regulations.gov/document/FDA-2000-P-0025-0002
FDA-2011-P-0512-0014,FDA-2011-P-0512,Kalb et al IU Final Rule Response 3 26 18,,,Approved,FDA Concurrence,medium,granted,"nce: This letter responds to your petition for reconsideration and stay of action received on February 8, 2017 (petition). The petition requests that FDA indefinitely stay its final rule entitled ""Clarification of When Products Made or Derived From Tobacco Are Regulated as Drugs, Devices or Combination Products; Amendments to the Regulations Regarding 'Intended Uses"" ', which was published in the Federal Register on January 9, 2017 (82 FR 2193) (January 2017 Final Rule). The petition also requests that FDA reconsider the January 2017 Final Rule and direct FDA staff to promulgate final definitions of intended use that are consistent with the proposed definitions set out in the notice of proposed rulemaking dated September 25, 2015. We have carefully considered the issues raised in your petition. For the reasons stated below, your petition is granted in part and denied in part. I. BACKGROUND In the Federal Register of January 9, 2017 (82 FR 2193), FDA published a final rule entitled ""Clarification of When Products Made or",https://www.regulations.gov/document/FDA-2011-P-0512-0014
FDA-2014-P-0290-0003,FDA-2014-P-0290,Citizen Petition Approval Response from FDA CDRH t,FDA CDRH t,CDRH,Approved,Public Health Benefit,medium,"access, appropriate","comment period and is able to take comments into consideration before a proposed action is finalized. FDA understands the utility of including product codes to more clearly indicate affected devices and intends to include product codes in device-specific actions, when FDA determines it is appropriate. Stakeholders should be aware, however, that relying solely on a product code that was published in a previous action could be misleading of the current status of the device since the product code only reflects the status of the device at the time the action is issued. Instead, FDA encourages stakeholders to utilize the ""Regulation Number"" query in CDRH's Product Classification Database at https://www.accessdata.fda.gov/scripts/cdrh/cfdocs/cfpcd/classification.cfm for the most current status of devices under any given classification regulation. This search capability provides users with the most current information on all product codes under a particular classification regulation. For the foregoing reasons your petition is g",https://www.regulations.gov/document/FDA-2014-P-0290-0003
FDA-2024-P-2148-0004,FDA-2024-P-2148,Final Response Letter from FDA CDER to Neşe Deveno,FDA CDER to Neşe Deveno,CDER,Approved,FDA Concurrence,medium,granted,"sons to convene an advisory committee meeting and because that request is being granted, we do not address such concerns substantively here. 2 See 89 FR 38903 (May 8, 2024) (available at httus://www.federalregister.gov/documents/2024/05/08/2024- 10053/psychophannacologic-drugs-advisory-committee-notice-of-meeting-establishment-of-a-public-docket). U.S. Food & Drug A dr-Tinistration 10903 New Harrpshire Av enue Stier Spring, MD 20993 w wwfda guy' The Federal Register notice announcing the June 4, 2024, meeting of the Committee set aside one hour for the OPH portion of the meeting. Due to the number of individuals who have requested to speak, however, FDA will extend the OPH to one hour and 45 minutes. Your request for an extended OPH is therefore gmnted in part. However, the Agency does not ""prioritize"" any one perspective or goup of stakeholders in scheduling speakers for the OPH. Thus, your request that the Agency ""prioritizel] input from stakeholders who are concemed about the Lykos Therapeutics new drug application's",https://www.regulations.gov/document/FDA-2024-P-2148-0004
FDA-2002-P-0002-0001,FDA-2002-P-0002,Petition for Stay of Action Approval Response Letter from FDA OPPLA to Bayer Corporation,Bayer Corporation,CDER,Approved,Other Approval Reason,low,,"tion collection provisions that are subject to review by the Office of Management and Budget (OMB) under the Papenvork Reduction Act of 1995 (the PRA) (44 U.S.C. 3501-3520). The collections of information addressed in the guidance document have been approved by OMB in accordance with the PRA under the regulations governing premarket notification submissions (21 CFR part 807, subpart E, OMB control number 0910-0120). The labeling provisions addressed in the guidance have been approved by OMB under the PRA under OMB control number 0910-0485. IV. Comments Interested persons may submit to the Dockets Management Branch (see ADDRESSES) written or electronic comments regarding this document at any time. Submit a single copy of electronic comments or two paper copies of any mailed comments, except that individuals may submit one paper copy. Comments are to be identified with the docket number found in brackets in the heading of this document. Received comments may be seen in the Dockets Management Branch betw",
FDA-2003-P-0174-0013,FDA-2003-P-0174,HF-22 to American Lung Association,American Lung Association,CDER,Approved,Public Health Benefit,medium,availability,"g products for the treatment of asthma and COPD. Because of albuterol’s relatively rapid onset of action, albuterol MDIs are frequently used as “rescue” inhalers for treatment of bronchospasm during acute episodes. Albuterol MDIs can be considered lifesaving for some patients at certain times; they are very important for controlling symptoms in many more patients who suffer from asthma or COPD. We recognize and take very seriously our obligation to examine with particular care any action that may affect the availability of these important drugs. II. cFcs CFCs are organic compounds that contain carbon, chlorine, and fluorine atoms. CFCs were first used commercially in the early 1930s as a replacement for hazardous materials then used in refrigeration, such as sulfur dioxide and ammonia. Subsequently, CFCs were found to have a large number of uses, including as solvents and as propellants in self-pressurized aerosol prohucts, such as h;lDIs. CFCs are verv stable in the troposphere, thk lowest part of the at",
FDA-2006-P-0287-0004,FDA-2006-P-0287,FDA to Clinical and Laboratory Standards Institute (CLSI) - Petition APproval,Clinical And Laboratory Standards Institute (Clsi),CDRH,Approved,Safety Established,high,"anda, safety, safe","ces and Radiological Health (CDRH) ""give positive consideration to use of new or revised susceptibility interpretive criteria advocated by Clinical and Laboratory Standards Institute (CLSI) . . . as well as the interpretive criteria in the FDA- approved labels of antimicrobial agents that can be tested by antimicrobial susceptibility test (AST) devices;"" and (2) CDRH ""positively review"" fluconazole disks for disk diffusion susceptibility testing of Candida spp. patient isolates for use in clinical laboratories. For the reasons given below, we are granting in part your first request and denying your second request. The determination of susceptibility test interpretive criteria is an integral part of FDA's regulatory review process of assuring the safety and effectiveness of antimicrobial drug products [21 Code of Federal Regulation (CFR) 3 14.1261. During the new drug application (NDA) approval process, FDA analyzes nonclinical data (e.g., in vitro activity and animal models of infection), pharmacokineticl pharmacodynamic",
FDA-2003-P-0123-0002,FDA-2003-P-0123,Petition Approval from FDA CDER to Faulding Pharma,FDA CDER to Faulding Pharma,CDER,Approved,Bioequivalence/Therapeutic Equivalence,high,"listed drug, anda","7,“: .; _. , ,- I ‘\ / , ,,_ 1 ._ We have reviewed your petition under Section. 505(j)(2)(c) of the A& and have determined that “’ -’ _ ” ’ it is approved. This letter,represents the Food and Drug Administration’s ‘@DA) detemiin&on “‘.“^ that an ANDA may be submitted for tFe abo~-le~~r~~~ka~~g~~~~~~~~~~ ,.* ,; i” \. .-* ?. j l... .“( ._ I c : : .,,.- i,_ I +.,$,~. .,,a ;,.. ,,.. :,:,+“, :-” ,., -/ y .,^ _)._, “c,:?* I”, a._ ,’ ;a I 8 ,.I_ ,- “j_ Ii:“& ” _, :, ,/ .-p ,<< “~.‘r,t<*y ,p^ p:(~ “; \‘*_ I< j $,+,~?j ::I! pi t1 “_;__ ;<..,;:;>+.,.,“g ~.Y, :- j “(. :~ .,; Under Section 505@(2)(C)(ij of the Act, the &A’must tipprove a petition seeking a strength and dosage form that differs from the strength and dosage formof the listed drug product unless it - finds that investigations must be conducted to show the. s:afety and” effectiveness of the differing skength and dosage form. ’ I’ -__, .: ,___ 1. i _ “,,_ o;,$# ;,m ,~‘.,,;~,,,“,“r::.x”.-‘“.~ *.. ,i I--.: a ‘,. ’ .‘)“’ , _a .., 8. .’",https://www.regulations.gov/document/FDA-2003-P-0123-0002
FDA-2005-P-0135-0003,FDA-2005-P-0135,Petition Approval from FDA CDER to The Weinberg Gr,FDA CDER to The Weinberg Gr,CDER,Approved,Bioequivalence/Therapeutic Equivalence,high,"listed drug, reference listed drug, proposed drug product","ral Food, Drug, and Cosmetic Act (Act). We have reviewed your petition under Se&on SOS(j)(2){C) of the Act a&have determined that it is approved. This letter represents the Food and Drug Adm~~stratio~‘s (FDA) determination that an ANDA may be submitted for the above-referenced drug product. Under Section SOS(j)(2)(C)(i) of the Act, the FDA must approve a petition seeking a strength that differs from the strength of the listed drug product unless it finds that investigations must be conducted to show the safety and effectiveness of the differing strength. The FDA finds that the change m strength for the specific proposed drug product does not pose questions of safety or effectiveness because the uses and route of adrn~~s~at~~n of the proposed drug product are the same as that of the listed drug product, In addition, the labeling for the reference listed drug references a dosage strength of 72 mg as the maximum daily dose for adolescents 13 to 17 years of age. The FDA concludes, therefore, that investigations are not necess",https://www.regulations.gov/document/FDA-2005-P-0135-0003
FDA-2007-P-0116-0007,FDA-2007-P-0116,Denial of Petition from FDA CDRH to Dean Andrew Ka,FDA CDRH to Dean Andrew Ka,CDRH,Approved,FDA Concurrence,medium,granted,"king to challenge the current regulatory status, review procedures, and enforcement policies regarding medical devices used in Laser-Assisted In Situ Keratomileusis (LASIK) surgery, as well as medical devices used in Phakic Intraocular Lens (PIOL) implantation. Similarly, the Agency received four other citizen petitions from Mr. Michael Patterson, Ph.D. (2006P-0212, 2006P-02 13, 2006P-05 18, and 2006P-05 19). Dr. Patterson's petitions raise each of the issues discussed in your petition and request the same relief. After carefully reviewing the materials you and Dr. Patterson provided to FDA, we have granted some of the relief requested, and denied others. Enclosed is a copy of our response letter to Dr. Patterson, which we believe addresses each of the issues you identified. With regard to your specific request that the Agency investigate Mr. Glenn Hagele, owner or operator of the Internet site www.usaeves.org, a website purporting to be ""the official website of the Council for Refractive surgery [sic] Quality Assurance,""",https://www.regulations.gov/document/FDA-2007-P-0116-0007
FDA-2009-P-0110-0003,FDA-2009-P-0110,FDA CVM Response to PetMedicus Laboratories  Inc  ,PetMedicus Laboratories  Inc,CVM,Approved,Other Approval Reason,low,,"after you have submitted your ANADA and we have reviewed it . When you submit your ANADA, you must identify the reference listed new animal drug referred to in this suitability petition, and include a copy of this letter . We recommend that you request a pre-submission conference according to 21 CFR 514.5 to discuss the requirements for the submission of the ANADA. FDA 2009-P-0110-0001/CPl Page 2 A copy of this letter granting your petition will be placed on public display in the Division of Dockets Management (HFA-305), Food and Drug Administration, 5630 Fishers Lane, Room 1061, Rockville, MD 20852 . If you have any questions, please contact Dr. John K. Harshman, Leader, Generic Animal Drugs Team ; at (240) 276-8197 . Sincerely, Steven D. Vaughn, DVM Director Office of New Animal Drug Evaluation Center for Veterinary Medicine",https://www.regulations.gov/document/FDA-2009-P-0110-0003
FDA-2009-P-0059-0006,FDA-2009-P-0059,FDA CDER Response to Eurand Pharmaceuticals  Inc  ,Eurand Pharmaceuticals  Inc,CDER,Approved,Safety Established,high,"safety, safe, evidence","ckground The majority of PEPs have not undergone review under NDAs, but PEPs have been commercially available since before the enactment of the Act in 1938 and the Drug Efficacy Study Implementation (DESI) requirements of 1962 . In the Federal Register of November 8, 1985 (50 FR 46594), FDA published a notice of proposed rulemaking to establish a monograph for over-the-counter (OTC) drug products to treat EPI. FDA evaluated the safety and effectiveness of drug products to treat EPI and determined that an OTC monograph would not be appropriate to regulate these drug products . In the Federal Register of July 15, 1991 (56 FR 32282), FDA withdrew the proposed rule and proposed a regulation to declare that OTC drug products used to treat EPI are not generally recognized as 1 Stallings et al . Evidence-Based Practice Recommendations for Nutrition-Related Management of Children and Adults with Cystic Fibrosis and Pancreatic Insufficiency: Results of a Systematic Review. Journal of the American Dietetic Association 2008 ; 108:832",https://www.regulations.gov/document/FDA-2009-P-0059-0006
FDA-2011-P-0331-0007,FDA-2011-P-0331,FDA CDRH final response to Public Citzen Health Re,Public Citzen Health Re,CDRH,Approved,Other Approval Reason,low,,"d and Drug Administration (FDA) has completed its review of your citizen petitions filed on May 2, 2011 , and assigned Docket Number FDA-2011-P-0331. In this petition, you made two requests: (a) to ban on the use of cornstarch powder on all surgeon's and patient examination gloves, and (b) to ban on the use of all natural rubber latex (NRL) surgeon's and patient examination gloves. We have considered your petition, and we are granting it in part and denying it in part. I. Petition to Ban Powdered Gloves Your petition requests that FDA ban the use of cornstarch powder on surgeon's and patient examination gloves. Your petition and the information that you provided with your petition was considered as part of the basis for FDA's proposed rule to ban powdered surgeon's gloves, powdered patient examination gloves, and absorbable powder for lubricating a surgeon's glove (81 FR 15173 at 15175-76, March 22, 2016). On December 19,2016, FDA issued a final rule banning powdered surgeon's gloves, powdered patient examination gloves,",https://www.regulations.gov/document/FDA-2011-P-0331-0007
FDA-2011-P-0580-0005,FDA-2011-P-0580,FDA CDER Response to Charles Watson Partial Petiti,Charles Watson Partial Petiti,CDER,Approved,Other Approval Reason,low,,"hich you requested that FDA also consider in its review of your Petition. We have carefully considered the information submitted in your Petition and Supplement. As explained in more detail below, determining the feasibility of conducting a particular postmarketing clinical trial involves a fact-specific determination that must be made on a case-by-case basis. Because your Petition lacks critical facts necessary to make such a determination, such as which specific drug products you would like studied, our ability to explore the feasibility of conducting a postmarketing clinical trial as outlined by the Petition is limited. We, therefore, deny your specific request to explore the feasibility of conducting a postmarketing clinical trial as described in the Petition. We have, however, considered the part of your request regarding the feasibility of a postmarketing clinical trial being conducted in the prisoner population suffering from hepatitis C as a general I Although the Petition makes reference to the New York State Dep",https://www.regulations.gov/document/FDA-2011-P-0580-0005
FDA-2011-P-0081-0021,FDA-2011-P-0081,Armenpharm  Ltd   Suspension of Approval of an Abb,,,Approved,Other Approval Reason,low,,"ntimicrobial drug and an AST device; explain the considerations for submitting separate applications to the Center for Drug Evaluation and Research (CDER) and the Center for Devices and Radiological Health (CDRH) when seeking clearance of an AST device coincident with, or soon following, antimicrobial drug approval; and clarify that the review of the new antimicrobial drug product and AST device(s) will remain independent, and that coordinated development does not influence the review timelines for either product. II. Significance of Guidance This draft guidance is being issued consistent with FDA’s good guidance practices regulation (21 CFR 10.115). The draft guidance, when finalized, will represent the current thinking of FDA on coordinated development of antimicrobial drugs and antimicrobial susceptibility test devices. It does not establish any rights for any person and is not binding on FDA or the public. You can use an alternative approach if it satisfies the requirements of the applicable statutes an",https://www.regulations.gov/document/FDA-2011-P-0081-0021
FDA-2011-P-0081-0014,FDA-2011-P-0081,Response to CDER for Suspension of ANDA Approval f,CDER for Suspension of ANDA Approval f,CDER,Approved,Safety Established,high,"anda, safety, safe","-0081 Suspension of ANDA Approval- Request for Reconsideration Chloramphenicol Capsules USP, 250 mg Dear Sir/Madam: Pursuant to 21 CFR §314.153(b)(2), Armenpharm, Ltd. (Armenpharm) submits these written comments and information for Chloramphenicol Capsules USP, 250 mg (ANDA 060851) in response to the letter issued on December 3, 2015. We respectfully request that the FDA consider not just whether the original New Drug Application (NDA) for the above referenced drug was withdrawn for reasons of safety, but whether an approved generic sponsor, like Armenpharm, might be permitted to make this important antibiotic and develop and implement elements of a Risk Evaluation and Mitigation Strategy (REMS) program. In this way, any safety concern, however remote as documented in the literature, might be properly evaluated and documented while, at the same time, this unused antibiotic for which resistance has not developed, can be available in appropriate circumstances. As you know, this drug is still made and marketed in the U.S. i",https://www.regulations.gov/document/FDA-2011-P-0081-0014
FDA-2012-P-0492-0003,FDA-2012-P-0492,FDA CVM to Med Pharmex  Inc   Petition Approval,Med Pharmex  Inc   Petition Approval,CVM,Approved,Other Approval Reason,low,,"tion after you have submitted your ANADA for our review. When you submit your ANADA for your proposed generic new animal drug, you must identify the reference listed new animal drug referred to in this suitability petition and include a copy of this letter. We recommend that you request a presubmission conference, according to 21 CFR 514 .5, to discuss the requirements and potential pathways for approval of the application. F:iJ/1 · ~11..., f. DY 'J2 0 (V bff/o 0- fll v , FDA 2012-P-0492-0001/CP Page 2 A copy of this letter approving your petition will be placed on public display at www.regulations.gov with the Division of Dockets Management (HFA-305), Food and Drug Administration, 5630 Fishe(s Lane, Room 1061, Rockville, MD 20852. If you have any questions, please contact Dr. John K. Harshman, Director, Division of Generic Animal Drugs, at (240) 276-8197. ~ f//tL- t ~ V\,./"" JV'-'f.-.-"" iven D. Vaug M. D1rector Office of New Animal Drug Evaluation Center for Veterinary Medicine",https://www.regulations.gov/document/FDA-2012-P-0492-0003
FDA-2012-P-1128-0006,FDA-2012-P-1128,FDA CVM Response to Dechra Ltd Approval of Petitio,Dechra Ltd Approval of Petitio,CVM,Approved,Safety Established,high,"safety, safe","Federal Food, Drug, and Cosmetic Act (the act). We are approving the petition because we find that the proposed added strength does not require you to conduct investigations to show the safety and effectiveness of the generic new animal drug for its proposed intended uses. Approval of this suitability petition does not guarantee approval of the ANADA for your proposed generic new animal drug. We will make that determination after you have submitted your ANADA for our review. The correct regulation to cite for a categorical exclusion from the requirement to file an environmental assessment for this agency requested action is 21 CFR 25.15. You may use the following language: In accordance with 21 CFR 25.15, <Sponsor name> claims that the agency requested action in this suitability petition qualifies for categorical exclusion from the requirement to prepare an environmental assessment as set forth in 21 CFR 25.30(h). We confirm that to our knowledge no extraordinary circumstances exist FDA-2012-P-1128/CP1 Page 2 that may",https://www.regulations.gov/document/FDA-2012-P-1128-0006
FDA-2014-P-1975-0005,FDA-2014-P-1975,Suitability Petition Approval Response Letter from,,,Approved,Safety Established,high,"safety, safe","Federal Food, Drug, and Cosmetic Act (the act). We are approving the petition because we find that the proposed change in dosage form does not require you to conduct investigations to show the safety and effectiveness of the generic new animal drug for its proposed intended uses. Approval of this suitability petition does not guarantee approval of the ANADA for your proposed generic new animal drug. We will make that determination after you have submitted your ANADA for our review. When you submit your ANADA, you must identify the RLNAD referred to in this suitability petition, and include a copy of this letter. We recommend that you request a pre-submission conference according to 21 CFR 514.5 to discuss the requirements and potential pathways for approval of the application. FDA-2014-P-1975 Page 2 A copy of this letter approving your petition will be placed on public display at www.regulations.gov with the Division of Dockets Management (HFA-305), Food and Drug Administration, 5630 Fishers Lane, Room 1061, Rockvill",https://www.regulations.gov/document/FDA-2014-P-1975-0005
FDA-2014-P-0654-0012,FDA-2014-P-0654,Variance Approval from FDA CDRH to Edwards Lifesci,FDA CDRH to Edwards Lifesci,CDRH,Approved,Public Health Benefit,medium,access,"evices and Radiological Health has completed its review of Edwards Life Sciences, LLC's·(Edwards) May 6, 2014, citizens petition, as supplemented on June 9, 2014, seeking a variance from the current good manufacturing practice requirements ofthe Quality System (QS) regulation found at Title 21, Code ofFederal Regulations (CFR), Part 820, for the delivery systems and accessories for the Sapien XT Transcatheter Heart Valve (THY). Specifically, Edwards proposed a variance from the following QS requirements: 21 CFR 820.75,21 CFR 820.100(a)(4), 21 CFR 820.70(a), 21 CFR 820.90(a), and 21 CFR 820.100(a)(3). The variance would remain in effect for a limited time until Edwards has addressed- to the agency's satisfaction- the violations identified in the Premarket Approval, Official Action Indicated letter issued to Edwards on May 2, 2014. Transcatheter aortic valve replacement (T A VR) therapy has been shown to be a life-saving therapy for many patients who are deemed inoperable for surgical aortic valve replacement (SAVR), as well",https://www.regulations.gov/document/FDA-2014-P-0654-0012
FDA-2014-P-1802-0005,FDA-2014-P-1802,Suitability Petition Approval Response Letter from,,,Approved,Safety Established,high,"safety, safe","(3) of the Federal Food, Drug, and Cosmetic Act. We are approving the petition because we find that the proposed change in dosage form does not require you to conduct investigations to show the safety and effectiveness of the generic new animal drug for its proposed intended uses. Approval of this suitability petition does not guarantee approval of the ANADA for your proposed generic new animal drug. We will make that determination after you have submitted your ANADA for our review. When you submit your ANADA, you must identify the RLNAD referred to in this suitability petition, and include a copy of this letter. We recommend that you request a pre-submission conference according to 21 CFR 514.5 to discuss the requirements and potential pathways for approval of the application. FDA-2014-P-1802 Page 2 A copy of this letter approving your petition will be placed on public display at www.regulations.gov with the Division of Dockets Management (HFA-305), Food and Drug Administration, 5630 Fishers Lane, Room 1061, Rockville",https://www.regulations.gov/document/FDA-2014-P-1802-0005
FDA-2014-P-0907-0005,FDA-2014-P-0907,Partial Petition Approval and Denial Response Lett,,,Approved,Other Approval Reason,low,,"Petition of the September 2, 2009 Petition for Reconsideration Docket No. FDA-2014-P-0907 (previously FDA-2008-N-0163). Dear Mr. Turner: This letter responds to your above referenced citizen petition (the petition) filed on June 19, 2014 with the Food and Drug Administration (FDA, the agency), which you later revised on July 3, 2014. The petition was converted from a petition for reconsideration that was originally submitted on September 2, 2009 on behalf of Citizens for Health et al. In the petition, you request that the Commissioner of Food and Drugs take the following actions: ""1. Contraindicate mercury amalgam for children under age six, pregnant women, nursing mothers, and persons who may have a health condition that makes them more sensitive to mercury exposure, including individuals with existing high levels of mercury bioburden. 2. Require warnings to all dental patients or their parents that amalgam contains mercury, which is bioaccumulative and is associated with adverse effects in the brain and kidneys. 3. R",https://www.regulations.gov/document/FDA-2014-P-0907-0005
FDA-2015-P-4131-0016,FDA-2015-P-4131,Final Response Letter from FDA CDER to the Univers,FDA CDER to the Univers,CDER,Approved,Sufficient Evidence,medium,evidence,", recommending FDA reject the Petition’s request because, according to CHPA, there is not sufficient scientific evidence to refute the efficacy of phenylephrine at the dose for which it is included in the corresponding final monograph. CHPA’s comment is further addressed in FN 9. U.S. Food & Drug Administration 10903 New Hampshire Avenue Silver Spring, MD November 8, 2024 Docket No. FDA-2015-P-4131 2 Products for OTC Human Use. The final monograph included both oral phenylephrine hydrochloride and phenylephrine bitartrate.2 While your Petition was pending with the Agency, the Coronavirus Aid, Relief, and Economic Security Act (CARES Act) was enacted,3 adding section 505G to the Federal Food, Drug, and Cosmetic Act (FD&C Act) (21 U.S.C. 355h) and changing certain aspects of the legal framework for nonprescription drug products marketed without an approved application. As a result of the enactment of section 505G of the FD&C Act, the process by which the Agency evaluates a request for an addition to or revision o",https://www.regulations.gov/document/FDA-2015-P-4131-0016
FDA-2015-P-1197-0005,FDA-2015-P-1197,Petition Approval Letter from FDA CDRH to Stryker ,FDA CDRH to Stryker,CDRH,Approved,Other Approval Reason,low,,"-0002 The Food and Drug Administration (FDA) has reviewed the above referenced petition for exemption from premarket notification (510(k)) pursuant to section 510(m)(2) of the Federal Food, Drug and Cosmetic Act (FD&C Act). This petition seeks exemption from premarket notification for electric positioning chairs, which are devices with a motorized positioning control that are intended for medical purposes and that can be adjusted to various positions. These devices are used to provide stability for patients with athetosis (involuntary spasms) and to alter postural positions. Electric positioning chairs are currently regulated as Class II devices under 21 CFR 890.3110, ""Electric positioning chair"" and product code lNO, and require premarket notification under section 51 O(k) of the FD&C Act. On June 12,2015, FDA published a notice of your petition in the Federal Register and requested comments on it, in accordance with section 510(m)(2) of the FD&C Act. See 80 FR 33525. FDA received no comments. After reviewing the petition",https://www.regulations.gov/document/FDA-2015-P-1197-0005
FDA-2015-P-1218-0005,FDA-2015-P-1218,Response Letter from FDA CDER to Hogan Lovells US ,FDA CDER to Hogan Lovells US,CDER,Approved,Safety Established,high,"safety, safe, adverse events","plicable legal requirements. We have carefully reviewed your Petition. For the reasons set forth below, your Petition is granted in part and denied in part. I. BACKGROUND A Particulate Matter in Injectable Drug Products The presence of particulate matter in injectable drug products above acceptable limits can pose significant safety risks to patients. Injections with particulate matter can lead to complications such as infection, acute respiratory distress syndrome, or multiple organ failure, among other significant adverse events.2 The clinical manifestation of adverse events caused by particulate contamination vary and may depend on the route of administration (e.g., intravascular, intravisceral, intramuscular), patient population, and nature or class of the particulates 1 For the purposes of this response to your Petition, we interpret your reference to “parenteral drug products” to mean injectable drug products (see Petition at 1 n.1). 2 MM Lumpkin, 1994, Safety Alert: Hazards of Precipitation Associat",https://www.regulations.gov/document/FDA-2015-P-1218-0005
FDA-2015-P-2231-0004,FDA-2015-P-2231,Citizen Petition Approval Response from FDA CVM to,FDA CVM to,CVM,Approved,Safety Established,high,"safety, safe","3) of the Federal Food, Drug, and Cosmetic Act. We are approving the petition because we find that the proposed additional tablet strength does not require you to conduct investigations to show the safety and effectiveness of the generic new animal d rug for its proposed intended uses. Approval of this suitability petition does not guarantee approval of the ANADA for your proposed generic new animal drug. We will make that determination after you have submitted your ANADA for our review. When you submit your ANADA, you must identify the RLNAD referred to in t his suitability petition, and include a copy of this letter. We recommend that you request a pre-submission conference according to 21 CFR 514.5 to discuss the requirements and potential pathways for approval of the application. FDA-2015-P-2231-0001 Page 2 A copy of this letter approving your petition will be placed on public display at www.requlations.gov with the Division of Dockets Management (HFA-305), Food and Drug Administration, 5630 Fishers Lane, Room 106",https://www.regulations.gov/document/FDA-2015-P-2231-0004
FDA-2016-P-1991-0004,FDA-2016-P-1991,Suitability Petition Approval Letter from FDA CVM ,FDA CVM,CVM,Approved,Safety Established,high,"safety, safe","Federal Food, Drug, and Cosmetic Act (the act) . We are approving the petition because we find that the proposed change in dosage form does not require you to conduct investigations to show the safety and effectiveness of the generic new animal drug for its proposed intended uses. However, due to the proposed large size of the generic chewable tablets, please use the following language on the labeling : ""The product can be offered to the dog by hand or in a small amount of dog food . Due to the size of the chewable tablets, they should not be placed whole in the back of the mouth for forced swallowing . Chewable tablets should be broken into pieces for dogs that normally swallow treats whole. Care should be taken that the dog consumes the complete dose, and treated animals should be observed for a few minutes after administration to ensure that part of the dose is not lost or rejected . If it is suspected that any of the dose has been lost, redosing is recommended "". Approval of this suitability petition does not guarantee",https://www.regulations.gov/document/FDA-2016-P-1991-0004
FDA-2016-P-1825-0006,FDA-2016-P-1825,Final Response Letter from FDA to Lachman Consulta,FDA to Lachman Consulta,,Approved,FDA Concurrence,medium,granted,"er relevant information available to the Agency. Based on our review of these materials and for the reasons discussed below, your Petition is granted. I. BACKGROUND A. Kenalog-40 Kenalog-40 is the subject of NOA 014901, held by Apothecon Pharmaceuticals Pvt. Ltd. (Apothecon), an affiliate of Bristol-Myers Squibb. FDA first approved Kenalog-40 on February 1, 1965. The active ingredient, triamcinolone acetonide, is a synthetic corticosteroid with anti-inflammatory action. The drug product is a sterile, aqueous suspension that is marketed in three presentations: 1-ml, 5-ml and 10-ml vials, all formulated at an active ingredient concentration of 40 mg/ml. As noted in the approved labeling, Kenalog-40 is suitable for intramuscular or intra-articular use only. This drug product is not for intradermal injection. On June 30, 2015, Apothecon submitted a supplement to FDA (NOA 014901/S-043) that proposed a formulation change to Kenalog-40. For the new formulation, changes were made to the following excipient quantities: benzyl a",https://www.regulations.gov/document/FDA-2016-P-1825-0006
FDA-2016-P-3427-0006,FDA-2016-P-3427,Petition Approval Letter from FDA CVM to Douglass ,FDA CVM to Douglass,CVM,Approved,Other Approval Reason,low,,"tion after you have submitted your ANADA for our review. When you submit your ANADA for your proposed generic new animal drug, you must identify the reference listed new animal drug referred to in this suitability petition and U.S. Food & Drug Administration 10903 New Hampshire Avenue Silver Spring, MD 20903 www.fda.gov FDA-2016-P-3427 Page 2 include a copy of this letter. We recommend that you request a presubmission conference, according to 21 CFR 514.5, to discuss the requirements and potential pathways for approval of the application. A copy of this letter approving your petition will be placed on public display at www.regulations.gov with the Division of Dockets Management (HFA- 305), Food and Drug Administration, 5630 Fishers Lane, Room 1061, Rockville, MD 20852. If you have any questions, please contact Dr. Matthew A. Lucia, Director, Division of Generic Animal Drugs, at (240) 402-0811. cc: HFV-170 (Petition File) Sincerely, ~1 t>.V~~~~~ Steven D. Vaughn, D.V.M. Director Office of New Animal Drug Evalua",https://www.regulations.gov/document/FDA-2016-P-3427-0006
FDA-2016-P-1874-0007,FDA-2016-P-1874,Denial Response Letter from FDA CDER to Public Cit,FDA CDER to Public Cit,CDER,Approved,Safety Established,medium,"safe, benefit","ved the drug with restrictions to ensure safe use because FDA concluded that the drug can be safely used only if its distribution or use is restricted (e.g., under 21 CFR 314.520 and 601.42 ""Approval with restrictions to assure safe use"" or under 505-1 (f)(3) of the Federal Food, Drug, and Cosmetic Act (FD&C Act) ""Risk Evaluation and Mitigation Strategies"" elements to assure safe use). 11 Infrequently, a boxed warning may be used to highlight information that is especially important to a prescriber. 12 E. Risk Evaluation and Mitigation Strategies (REMS) A REMS is a required risk management plan that can include one or more elements to ensure that the benefits of a drug outweigh its risks. Section 505-1 of the FD&C Act (21 U.S.C. 355-1) authorizes FDA to require a REMS if FDA determines that a REMS is necessary to ensure that the benefits of a drug outweigh the risks of the drug. Section 505-1 also authorizes FDA to require holders of covered applications approved without a REMS to submit a proposed REMS if the Agency bec",https://www.regulations.gov/document/FDA-2016-P-1874-0007
FDA-2016-P-1674-0008,FDA-2016-P-1674,FDA 2016 P 1674 TateLyle Granting Response,,,Approved,Other Approval Reason,low,,"page 1. In accordance with 21 CFR § 10.30(e)(3), we are granting your request by proposing to amend the list of non-digestible carbohydrates that meet the definition of dietary fiber in 21 CFR § 101.9(c)(6)(i) to include soluble com fiber as resistant maltodextrin/dextrin. 1 Although your petition identified enhanced calcium absorption and retention, and attenuation of the postprandial glycemic response as the beneficial physiological effects, we did not evaluate attenuation of the postprandial glycemic response for purposes ofthis response and are basing our decision on the physiological effects of increasing calcium absorption and body retention, as well as bone formation. 1 Your petition stated that ""soluble corn fiber"" is also commonly known as ""resistant maltodextrin"" (Petition at Attachment A, page 7) and is composed of non-digestible oligosaccharides of glucose molecules that are joined by a-1,4, a-1 ,6 a-1 ,2, and a-1 ,3 linkages (Petition at page 2). We have determined that these are the same four linkages found i",https://www.regulations.gov/document/FDA-2016-P-1674-0008
FDA-2016-P-2672-0019,FDA-2016-P-2672,Petition Approval Letter from FDA CDER to Jazz Pha,FDA CDER to Jazz Pha,CDER,Approved,Bioequivalence/Therapeutic Equivalence,medium,anda,"II 
U.S. FOOD & DRUG 
AD MIN ISTRAT ION 
JAM.\ 72017 
Philip J. Honerkamp 
Business Unit Head, Sleep 
Jazz Pharmaceuticals, Inc. 
3180 Porter Drive 
Palo Alto, CA 94304 
Re: 
Docket No. FDA-2016-P-2672 
Dear Mr. Honerkamp: 
This letter responds to the citizen petition you submitted on behalf of Jazz Pharmaceuticals, Inc. (Jazz), 
which the Food and Drug Administration (FDA or Agency) received on September 2, 2016 (Petition). 
Your Petition requests that FDA: (1) refuse to approve any sodium oxybate abbreviated new drug 
application (ANDA) that does not include in its proposed labeling the portions of the Xyrem package insert 
related to divalproex sodium and (2) refuse to approve any sodium oxybate ANDA that does not include 
the portions of the Xyrem risk evaluation and mitigation strategy (REMS) related to divalproex sodium 
(Petition at 1 ). 
Specifically, your Petition expresses concern that at least one ANDA may be seeking approval of a generic 
sodium oxybate product with labelin",https://www.regulations.gov/document/FDA-2016-P-2672-0019
FDA-2016-P-2736-0077,FDA-2016-P-2736,FDA 2016 P 2736 Hyman Phelps   Granting Response,,,Approved,Safety Established,high,"safety, safe, evidence","page 2. In accordance with 21 CFR § 10.30(e)(3), we are granting your request by proposing to amend the list of non-digestible carbohydrates that meet the definition of dietary fiber to include inulin- type fructans derived from chicory root, through the proposed listing of ""inulin and inulin-type fructans"" regardless of source. The strength of the evidence supports that ""inulin and inulin-type fructans"" have a statistically significant effect on calcium absorption and bone mineral density that is beneficial to human health. In the Federal Register of May 27, 2016, we published a final rule titled ""Food Labeling: Revision of the Nutrition and Supplement Facts Labels"" (81 FR 33742). The final rule, among other things, defines dietary fiber in 21 CFR § 101.9(c)(6)(i) as ""non-digestible soluble and insoluble carbohydrates (with 3 or more monomeric units), and lignin that are intrinsic and intact U.S. Food and Drug Administration Center for Food Safety & Applied Nutrition 5001 Campus Drive College Park, MD 20740 www.fda.gov",https://www.regulations.gov/document/FDA-2016-P-2736-0077
FDA-2016-P-0689-0003,FDA-2016-P-0689,Response letter from FDA CDER to the Commissioner ,FDA CDER to the Commissioner,CDER,Approved,FDA Concurrence,medium,granted,"RDOSE, PARTICULARLY IN THE SETTING OF MISUSE. 1 Because the Petition's formal request at the outset is that FDA ""[a]mend current black box warnings on all opioid analgesic and benzodiazepine class medications ... [and to] [r]equire (M]edication [G]uides for both classes of medications"" (emphasis added), FDA interprets the scope of the Petition to cover only opioid analgesic drugs and benzodiazepines. Page2 2. Require [M]edication [G]uides for both classes of medications that specifically warn patients of the potential dangers of combined use of opioids and benzodiazepines. (Petition at 1, 16-17) We have carefully considered the Petition, and, for the reasons that follow, your Petition is granted in part and denied in part.2•3 Specifically, the Petition is granted in that FDA has decided to require a boxed warning and new or revised medication guide for opioid analgesic and prescription opioid cough drugs and benzodiazepine drugs, alerting patients and prescribers to serious risks associated with concomitant use of opio",https://www.regulations.gov/document/FDA-2016-P-0689-0003
FDA-2016-P-1314-0005,FDA-2016-P-1314,Final Response from FDA CDER to Center for Respons,FDA CDER to Center for Respons,CDER,Approved,Safety Established,high,"safety, safe, toxicity","nsors continue to provide Draize test data to FDA because they believe FDA requires it (Petition at 3). Therefore, you conclude, further guidance is necessary to clarify FDA’s position (Petition at 14). FDA does not currently require or recommend Draize testing for human drug development.5 We have developed guidance that provides recommendations on local tolerance testing by means other than the Draize dermal or ocular toxicity tests. In addition to the reformulated drug guidance you identified, FDA also stated in the January 2010 guidance for industry M3(R2) Nonclinical Safety Studies for the Conduct of Human Clinical Trials and Marketing Authorization for Pharmaceuticals (Nonclinical Safety Studies Guidance) that “it is preferable to evaluate local tolerance [such as skin or eye irritation] by the intended therapeutic route as part of the general toxicity studies; stand alone studies are generally not recommended.”6 One objective of the Nonclinical Safety Studies Guidance is to reduce the use of animals in accordance w",https://www.regulations.gov/document/FDA-2016-P-1314-0005
FDA-2017-P-1573-0002,FDA-2017-P-1573,Prior approval supplemental letter from CDER to Pa,CDER to Pa,CDER,Approved,Bioequivalence/Therapeutic Equivalence,medium,"anda, agree","duct. APPROVAL & LABELING We have completed our review of this supplemental new drug application, as amended. This supplement is approved effective on the date of this letter, for use as recommended in the enclosed, agreed-upon labeling text. CONTENT OF LABELING As soon as possible, but no later than 14 days from the date of this letter, submit the content of labeling [21 CFR 314.50(l)] in structured product labeling (SPL) format using the FDA automated drug registration and listing system (eLIST), as described at http://www.fda.gov/ForIndustry/DataStandards/StructuredProductLabeling/default.htm. Content of labeling must be identical to the enclosed labeling (text for the package insert), with the addition of any labeling changes in pending “Changes Being Effected” (CBE) supplements, as well as annual reportable changes not included in the enclosed labeling. Information on submitting SPL files using eList may be found in the guidance for industry titled “SPL Standard for Content of Labeling Technical Qs and As at http",https://www.regulations.gov/document/FDA-2017-P-1573-0002
FDA-2017-P-6968-0005,FDA-2017-P-6968,Response Letter from FDA to Ceva Animal Health  LL,FDA to Ceva Animal Health  LL,,Approved,Other Approval Reason,low,,"tion after you have submitted your ANADA for our review. When you submit your ANADA for your proposed generic new animal drug, you must identify the reference listed new animal drug referred to in this suitability petition and include a copy of this letter. We recommend that you request a presubmission conference, according to 21 CFR 514.5, to discuss the requirements and potential pathways for approval of the application. FDA-2017-P-6968 Page 2 A copy of this letter approving your petition will be placed on public display at www.regulations.gov with the Division of Dockets Management (HFA-305), Food and Drug Administration, 5630 Fishers Lane, Room 1061, Rockville, MD 20852. If you have any questions, please contact Dr. Matthew A. Lucia, Director, Division of Generic Animal Drugs, at 240-402-0811. Sincerely, Elizabeth A. Rettie, D.V.M. Acting Director Office of New Animal Drug Evaluation Center for Veterinary Medicine Elizabeth A. Rettie -S Digitally signed by Elizabeth A. Rettie -S DN: c=US, o=U.",https://www.regulations.gov/document/FDA-2017-P-6968-0005
FDA-2017-P-4409-0007,FDA-2017-P-4409,Response Letter from FDA CDER to Hyman  Phelps   M,FDA CDER to Hyman  Phelps   M,CDER,Approved,Public Health Benefit,medium,access,"arch, Application Number: 208745Orig1s000 Medical Review(s). See Clinical Review, at section 8.3.2 (FDA’s Clinical Review), p. 140, available at FDA’s drugs@fda website, https://www.accessdata.fda.gov/scripts/cder/daf/index.cfm. Docket No. FDA-2017-P-4409 3 treated group) and at an incidence greater than placebo. A footnote to Table 2: Most Common Adverse Reactions in Two Placebo-Controlled Trials of TRULANCE [Study 3 and Study 4] in Patients with IBS-C was included in the labeling stating, “Verbatim reports of diarrhea were recorded as adverse reactions; reports of loose stools and increase in stool frequency were recorded as adverse reactions if they were also reported to be bothersome to the patient.”10 B. Relevant Statutory and Regulatory Requirements for Prescription Drug Labeling The Federal Food, Drug, and Cosmetic Act (FD&C Act) defines labeling as “all labels and other written, printed, or graphic matter (1) upon any article or any of its containers or wrappers, or (2) accompanying such article.”11 FDA-app",https://www.regulations.gov/document/FDA-2017-P-4409-0007
FDA-2017-P-4255-0006,FDA-2017-P-4255,Petition Approval Letter,,,Approved,Other Approval Reason,low,,"tion after you have submitted your ANADA for our review. We recommend that you request a presubmission conference, according to 21 CFR 514.5, to discuss the requirements and potential pathways for approval of the ANADA. Based on the nature of the proposed change, we recommend that you include chemistry, manufacturing, and controls information in your meeting request. When you submit your ANADA for your proposed generic new animal drug, you must identify the reference listed new animal drug referred to in this suitability petition and include a copy of this letter. We recommend that you request a presubmission conference, FDA-2017-P-4255 Page 2 according to 21 CFR 514.5, to discuss the requirements and potential pathways for approval of the application. A copy of this letter approving your petition will be placed on public display at www.regulations.gov with the Division of Dockets Management (HFA-305), Food and Drug Administration, 5630 Fishers Lane, Room 1061, Rockville, MD 20852. If you have any questions, plea",https://www.regulations.gov/document/FDA-2017-P-4255-0006
FDA-2017-P-0970-0007,FDA-2017-P-0970,FDA 2017 P 0970 RiceBran Granting Response,,,Approved,Safety Established,high,"safety, safe","age 2). In accordance with 21 CFR § 10.30(e)(3), we are granting your request by proposing to amend the list of non-digestible carbohydrates that meet the definition of dietary fiber in 21 CFR § 101.9(c)(6)(i) to include rice bran fiber as a dietary fiber through the proposed listing of ""mixed plant cell wall fibers"" as a dietary fiber. We consider rice bran fiber to be one of several types of mixed plant cell wall fibers. 1 Cellulose and pectin, present in mixed plant cell wall fibers, are associated with improved laxation and reduced blood cholesterol levels, respectively (81 FR 33742 at 33857, May 27, 2016). 1 The description you provide of""rice bran derivatives"" (Petition at page 2) is consistent with what we describe as substances that are included in the category of mixed plant cell wall fibers (e.g., arabinoxylan, cellulose, pectin, and lignin). U.S. Food and Drug Administration Center for Food Safety & Applied Nutrition 5001 Campus Drive College Park, MD 20740 www.fda.gov Page 2 - Ms. Pollak In the Federal Reg",https://www.regulations.gov/document/FDA-2017-P-0970-0007
FDA-2018-P-0673-0011,FDA-2018-P-0673,Response Letter from FDA CDER to Justice for Jake,FDA CDER to Justice for Jake,CDER,Approved,FDA Concurrence,medium,granted,"ule 2 under §811. Part C. (5.)” (Petition at 1). Because the Petition’s focus is on the rescheduling of alprazolam and because the Petition specifically requests a study on the “control” of alprazolam, we interpret this request as asking FDA to conduct a scientific and medical evaluation under 21 U.S.C. 811, also known an “eight- factor analysis,” to reschedule alprazolam from Schedule IV to Schedule II under the Controlled Substances Act (21 U.S.C. 801 et seq.) (CSA). We have carefully considered your Petition, comments submitted on the Petition, and other information available to the Agency. For the reasons stated below, the Petition’s first request is granted in part, and the Petition’s second request is denied. I. BACKGROUND A. Benzodiazepines Including Alprazolam FDA approved the first benzodiazepine drug more than 60 years ago. Benzodiazepines are indicated for a variety of disorders, including anxiety disorder, panic disorder, alcohol U.S. Food & Drug Administration 10903 New Hampshire Avenue Silver Spring, MD",https://www.regulations.gov/document/FDA-2018-P-0673-0011
FDA-2018-P-2985-0007,FDA-2018-P-2985,Petition Approval Letter from FDA CVM to Norbrook ,FDA CVM to Norbrook,CVM,Approved,Other Approval Reason,low,,"tion after you have submitted your ANADA for our review. When you submit your ANADA for your proposed generic new animal drug, you must identify the RLNAD referred to in this suitability petition and include a copy of this letter. We recommend that you request a presubmission conference, according to 21 CFR 514.5, to discuss the requirements and potential pathways for approval of the application. FDA-2018-P-2985 Page 2 A copy of this letter approving your petition will be placed on public display at www.regulations.gov with the Division of Dockets Management (HFA-305), Food and Drug Administration, 5630 Fishers Lane, Room 1061, Rockville, MD 20852. If you have any questions, please contact Dr. Lauren (Gypsi) Feeney, Acting Director, Division of Generic Animal Drugs, at (240) 402-0848 or at Lauren.Feeney@fda.hhs.gov. Sincerely, Matthew A. Lucia, D.V.M. Director Office of New Animal Drug Evaluation Center for Veterinary Medicine cc: HFV-170 (Petition File) HFA-305 (Division of Dockets Management) Matt",https://www.regulations.gov/document/FDA-2018-P-2985-0007
FDA-2018-P-1349-0007,FDA-2018-P-1349,Petition Response Letter from FDA CVM to Douglass ,FDA CVM to Douglass,CVM,Approved,Other Approval Reason,low,,"tion after you have submitted your ANADA for our review. When you submit your ANADA for your proposed generic new animal drug, you must identify the reference listed new animal drug referred to in this suitability petition and FDA-2018-P-1349 Page 2 include a copy of this letter. We recommend that you request a presubmission conference, according to 21 CFR 514.5, to discuss the requirements and potential pathways for approval of the application. A copy of this letter approving your petition will be placed on public display at www.regulations.gov with the Division of Dockets Management (HFA-305), Food and Drug Administration, 5630 Fishers Lane, Room 1061, Rockville, MD 20852. If you have any questions, please contact Dr. Matthew A. Lucia, Director, Division of Generic Animal Drugs, at (240) 402-0811. Sincerely, Kevin Greenlees, Ph.D., DABT Director (Acting) Office of New Animal Drug Evaluation Center for Veterinary Medicine cc: HFV-170 (Petition File) HFA-305 (Division of Dockets Management)",https://www.regulations.gov/document/FDA-2018-P-1349-0007
FDA-2018-P-1351-0006,FDA-2018-P-1351,Agency Response Letter from FDA CVM to Schafer Vet,FDA CVM to Schafer Vet,CVM,Approved,Other Approval Reason,low,,"tion after you have submitted your ANADA for our review. When you submit your ANADA for your proposed generic new animal drug, you must identify the reference listed new animal drug referred to in this suitability petition and include a copy of this letter. We recommend that you request a presubmission conference, according to 21 CFR 514.5, to discuss the requirements and potential pathways for approval of the application. FDA-2018-P-1351 Page 2 A copy of this letter approving your petition will be placed on public display at www.regulations.gov with the Division of Dockets Management (HFA-305), Food and Drug Administration, 5630 Fishers Lane, Room 1061, Rockville, MD 20852. If you have any questions, please contact Dr. Matthew A. Lucia, Director, Division of Generic Animal Drugs, at 240-402-0811 or at Matthew.Lucia@fda.hhs.gov. Sincerely, Kevin J. Greenlees, PhD, DABT Acting Director Office of New Animal Drug Evaluation Center for Veterinary Medicine cc: HFV-170 (Petition File) HFA-305 (Divis",https://www.regulations.gov/document/FDA-2018-P-1351-0006
FDA-2018-P-4642-0005,FDA-2018-P-4642,Agency Response Letter from FDA CVM to Provetica A,FDA CVM to Provetica A,CVM,Approved,Other Approval Reason,low,,"tion after you have submitted your ANADA for our review. When you submit your ANADA for your proposed generic new animal drug, you must identify the reference listed new animal drug referred to in this suitability petition and include a copy of this letter. We recommend that you request a presubmission conference, according to 21 CFR 514.5, to discuss the requirements and potential pathways for approval of the application. FDA-2018-P-4642-0001/CP Page 2 A copy of this letter approving your petition will be placed on public display at www.regulations.gov with the Division of Dockets Management (HFA-305), Food and Drug Administration, 5630 Fishers Lane, Room 1061, Rockville, MD 20852. If you have any questions, please contact Dr. David Longstaff, Acting Director, Division of Generic Animal Drugs, at (240) 402-0679. Sincerely, Matthew A. Lucia, D.V.M. Director Office of New Animal Drug Evaluation Center for Veterinary Medicine cc: HFV-170 (Petition File) HFA-305 (Division of Dockets Management)",https://www.regulations.gov/document/FDA-2018-P-4642-0005
FDA-2018-P-3355-0020,FDA-2018-P-3355,Final Response from FDA CDER to AllCare Health,FDA CDER to AllCare Health,CDER,Approved,Public Health Benefit,medium,public health,"arket in the United States are: (1) the OTC drug review process under section 505G of the Federal Food, Drug, and Cosmetic Act (FD&C Act) (21 U.S.C. 355h); and (2) the application process under section 505 of the FD&C Act (21 U.S.C. 355) or, for a biological product, under section 351 of the Public Health Service Act (PHS Act) (42 U.S.C. 262). Under the OTC drug review process, a nonprescription drug product may be marketed without an application approved under section 505 of the FD&C Act if the nonprescription drug product meets the conditions of section 505G of the FD&C Act, and other applicable requirements. In addition, under the application process, FDA approves drugs under section 505 of the FD&C Act 1 Petition at 1. November 16, 2022 Docket No. FDA-2018-P-3355 2 and, for biological products, under section 351 of the PHS Act, as either prescription or nonprescription drug products. For drug products, an applicant may submit a new drug application (NDA) for a nonprescription drug product using the p",https://www.regulations.gov/document/FDA-2018-P-3355-0020
FDA-2018-P-1352-0006,FDA-2018-P-1352,Agency Response Letter from FDA CVM to Schafer Vet,FDA CVM to Schafer Vet,CVM,Approved,Other Approval Reason,low,,"tion after you have submitted your ANADA for our review. When you submit your ANADA for your proposed generic new animal drug, you must identify the reference listed new animal drug referred to in this suitability petition and include a copy of this letter. We recommend that you request a presubmission conference, according to 21 CFR 514.5, to discuss the requirements and potential pathways for approval of the application. FDA-2018-P-1352 Page 2 A copy of this letter approving your petition will be placed on public display at www.regulations.gov with the Division of Dockets Management (HFA-305), Food and Drug Administration, 5630 Fishers Lane, Room 1061, Rockville, MD 20852. If you have any questions, please contact Dr. Matthew A. Lucia, Director, Division of Generic Animal Drugs, at 240-402-0811 or at Matthew.Lucia@fda.hhs.gov. Sincerely, Kevin J. Greenlees, PhD, DABT Acting Director Office of New Animal Drug Evaluation Center for Veterinary Medicine cc: HFV-170 (Petition File) HFA-305 (Divis",https://www.regulations.gov/document/FDA-2018-P-1352-0006
FDA-2018-P-1185-0007,FDA-2018-P-1185,Petition Response Letter from FDA CVM to Provetica,FDA CVM to Provetica,CVM,Approved,Other Approval Reason,low,,"itted all components for evaluation in the phased review process. We acknowledge that you have submitted your initial application to open a generic investigational new animal drug (JINAD) file with the changes proposed in this suitability petition. For future submissions to this JINAD file, or to the ANADA file if you decide to convert to a traditional ANADA, you must identify the reference listed new animal drug referred to in this suitability petition and include a copy of this letter. We recommend that you request a presubmission conference, according to 21 CFR 514.5, to discuss the requirements and potential pathways for approval of the application. A copy of this letter approving your petition will be placed on public display at www.regulations.gov with the Division of Dockets Management (HFA-305), Food and Drug Administration, 5630 Fishers Lane, Room 1061, Rockville, MD 20852. If you have any questions, please contact Dr. Matthew A. Lucia, Director, Division of Generic Animal Drugs, at (240) 402-0811. Sincer",https://www.regulations.gov/document/FDA-2018-P-1185-0007
FDA-2018-P-2344-0006,FDA-2018-P-2344,Petition Approval Letter from FDA CVM to Noble Pha,FDA CVM to Noble Pha,CVM,Approved,Other Approval Reason,low,,"tion after you have submitted your ANADA for our review. When you submit your ANADA for your proposed generic new animal drug, you must identify the RLNAD referred to in this suitability petition and include a copy of this letter. We recommend that you request a presubmission conference, according to 21 CFR 514.5, to discuss the requirements and potential pathways for approval of the application. FDA-2018-P-2344 Page 2 A copy of this letter approving your petition will be placed on public display at www.regulations.gov with the Division of Dockets Management (HFA-305), Food and Drug Administration, 5630 Fishers Lane, Room 1061, Rockville, MD 20852. If you have any questions, please contact Dr. Lauren (Gypsi) Feeney, Acting Director, Division of Generic Animal Drugs, at (240) 402-0848 or Lauren.Feeney@fda.hhs.gov. Sincerely, Matthew A. Lucia, D.V.M. Director Office of New Animal Drug Evaluation Center for Veterinary Medicine cc: HFV-170 (Petition File) HFA-305 (Division of Dockets Management)",https://www.regulations.gov/document/FDA-2018-P-2344-0006
FDA-2018-P-0877-0010,FDA-2018-P-0877,Petition Response Letter from FDA CFSAN to The Foo,FDA CFSAN to The Foo,CFSAN,Approved,Sufficient Evidence,medium,evidence,"page 1. In accordance with 21 CFR § 10.30(e)(3), we are granting your request by proposing to amend the list of non-digestible carbohydrates that meet the definition of dietary fiber in 21 CFR § 101.9( c )( 6)(i) to include glucomannan, regardless of source. 1 The strength of the scientific evidence shows that glucomannan has a physiological effect that is beneficial to human health. In the Federal Register of May 27, 2016, we published a final rule titled ""Food Labeling: Revision of the Nutrition and Supplement Facts Labels"" (81 FR 33742). The final rule, among other things, defines dietary fiber in 21 CPR§ 101.9(c)(6)(i), in part, as ""non-digestible soluble and insoluble carbohydrates (with 3 or more monomeric units), and lignin that are intrinsic and intact in plants; isolated or synthetic non-digestible carbohydrates (with 3 or more monomeric units) determined by FDA to have physiological effects that are beneficial to human health."" In the final rule, we identified seven isolated or synthetic non-digestible carbohydrat",https://www.regulations.gov/document/FDA-2018-P-0877-0010
FDA-2019-P-0916-0005,FDA-2019-P-0916,Response Letter from FDA to Felix Pharmaceuticals ,FDA to Felix Pharmaceuticals,,Approved,Other Approval Reason,low,,"mination after you have submitted your ANADA for review. When you submit your ANADA for your proposed generic new animal drug, you must identify the RLNAD referred to in this suitability petition and include a copy of this letter. We recommend that you request a presubmission conference, according to 21 CFR 514.5, to discuss the requirements and potential pathways for approval of this application. A copy of this letter approving your petition will be placed on public display at www.regulations.gov with the Division of Dockets Management (HFA-305), Food and Drug Administration, 5630 Fishers Lane, Room 1061, Rockville, MD 20852. If you have any questions, please contact Dr. Lauren (Gypsi) Feeney, Director, Division of Generic Animal Drugs, at (240) 402-0848 or Lauren.Feeney@fda.hhs.gov. Sincerely, Matthew A. Lucia, D.V.M. Director Office of New Animal Drug Evaluation Center for Veterinary Medicine cc: HFV-170 (Petition File) HFA-305 (Division of Dockets Management) Matthew A. Lucia -S Digitally si",https://www.regulations.gov/document/FDA-2019-P-0916-0005
FDA-2019-P-1534-0016,FDA-2019-P-1534,Response Letter from FDA CDER to American Associat,FDA CDER to American Associat,CDER,Approved,Safety Established,medium,"safe, granted","and other relevant data available to the Agency. Based on our review of this information, your Petition is granted in part and denied in part. I. BACKGROUND A. Mifeprex On September 28, 2000, FDA approved Mifeprex for the medical termination of intrauterine pregnancy through 49 days’ pregnancy (new drug application (NDA) 020687). The application was approved under part 314, subpart H (21 CFR part 314, subpart H), “Accelerated Approval of New Drugs for Serious or Life-Threatening Illnesses” (subpart H). Specifically, § 314.520 of subpart H provides for approval with restrictions that are needed to assure the safe use of the drug product. In accordance with § 314.520, FDA restricted the distribution of Mifeprex as specified in the September 2000 approval letter.1 Subsequently, Mifeprex was identified as one of the products that was deemed to have in effect an approved REMS under the Food and Drug Administration Amendments Act of 2007 (FDAAA) because on the effective date of Title IX, subtitle A of FDAAA (March 2",https://www.regulations.gov/document/FDA-2019-P-1534-0016
FDA-2019-P-6100-0036,FDA-2019-P-6100,Response Letter from CBER to American Association ,CBER to American Association,CBER,Approved,FDA Concurrence,medium,granted,"igible for classification as “361 HCT/Ps” solely because they are labeled and/or advertised for use in post- mastectomy breast reconstruction”; and (2) “Revise the Final Guidance, Regulatory Considerations for Human Cells, Tissues, and Cellular and Tissue-Based Products: Minimal Manipulation and Homologous Use (2017) to present human ADM allografts for post-mastectomy breast reconstruction as an example of a homologous use.”1 FDA has reviewed and considered the information submitted in your Petition, including the supporting data provided in the docket. For the reasons explained below, your Petition is granted in part and denied in part. Specifically, we grant Request No. 12 and deny Request No. 2. I. BACKGROUND A. Human ADM Allograft Use in Post-mastectomy Breast Reconstruction Human ADM allografts are human cells, tissues, and cellular and tissue-based products (HCT/Ps) derived from donated human skin. The dermis is the elastic connective tissue layer of 1 Petition at 5. 2 We grant Request No. 1, because as",https://www.regulations.gov/document/FDA-2019-P-6100-0036
FDA-2019-P-5800-0004,FDA-2019-P-5800,Partial Petition Approval and Denial from FDA CBER,FDA CBER,CBER,Approved,Bioequivalence/Therapeutic Equivalence,medium,"anda, granted","consistent regulatory standards and precedents in reviewing data in support of such products or expanded claims.” We appreciate the Petitioner reaching out to the Agency with their concerns and suggestions. FDA has extensively considered all the issues raised. We have reviewed the data and information referenced in the Petition as well as additional data and information relevant to the points raised in the Petition. After careful review and consideration, the Petition is granted in part and denied in part, for the reasons set forth below. Page 2 I. BACKGROUND The actions requested by the Petitioner pertain to both “technologies” and “methodologies.” FDA interprets that “technologies” as described by the Petitioner refer to devices, and “methodologies” to bacterial risk control strategies. These two categories involve distinct regulatory considerations. As described below, the standards for approval and clearance of devices differ from one another and from the considerations relevant to the adequacy o",https://www.regulations.gov/document/FDA-2019-P-5800-0004
FDA-2019-P-3109-0006,FDA-2019-P-3109,Approval Letter from FDA CVM to Noble Pharma  LLC,FDA CVM to Noble Pharma  LLC,CVM,Approved,Safety Established,high,"safety, safe","were not evaluated for acceptability and will be reviewed under your application. Your proposed changes from the RLNAD are changes that can be considered through a suitability petition, as defined under section 512(n)(3) of the Federal Food, Drug, and Cosmetic Act (the Act). We find that the proposed changes, do not require you to conduct investigations to show the safety and effectiveness of the generic new animal drug for its proposed intended uses. Therefore, we approve the petition under section 512(n)(3)(C) of the Act. Approval of this suitability petition does not guarantee approval of the ANADA for your proposed generic new animal drug. We will make that determination after you have submitted your ANADA for our review. When you submit your ANADA for your proposed generic new animal drug, you must identify the reference listed new animal drug referred to in this suitability petition and include a copy of this letter. We recommend that you request a presubmission conference, according to 21 CFR 514.5, to discu",https://www.regulations.gov/document/FDA-2019-P-3109-0006
FDA-2019-P-4281-0008,FDA-2019-P-4281,Final Response Letter from FDA CDER to Valisure  L,FDA CDER to Valisure  L,CDER,Approved,Sufficient Evidence,medium,evidence,"ation of angiotensin II receptor blockers (ARBs), because more than one impurity was discovered in some of those medications. This has not been the case with ranitidine. FDA-2019-P-4281 3 cosmetic products such as shampoos and cleansers that contain NDMA, and breathing or inhaling cigarette smoke.6 The oral route, in consumption of contaminated food and water, is the primary human exposure pathway for NDMA.7 NDMA has been classified as a probable carcinogen by the International Agency for Research on Cancer (IARC).8 Based on its review, IARC concluded that there was sufficient evidence of a carcinogenic effect of NDMA in many experimental animals, and that despite the lack of epidemiological data, NDMA should be regarded for practical purposes as if it were carcinogenic to humans.9 The 1987 IARC update for carcinogenic classification identifies NDMA as “Group 2A: Probably carcinogenic to humans.”10 C. Legal Framework for Recalls, Market Withdrawals, Investigations, and Disclosure of Information to the",https://www.regulations.gov/document/FDA-2019-P-4281-0008
FDA-2020-P-2102-0005,FDA-2020-P-2102,Approval Letter,,ORA,Approved,Other Approval Reason,low,,"tion after you have submitted your ANADA for our review. When you submit your ANADA for your proposed generic new animal drug, you must identify the RLNAD referred to in this suitability petition and include a copy of this letter. We recommend that you request a presubmission conference, according to 21 CFR 514.5, to discuss the requirements and potential pathways for approval of the application. FDA-2020-P-2102 Page 2 A copy of this letter approving your petition will be placed on public display at www.regulations.gov with the Dockets Management Staff (HFA-305), Food and Drug Administration, 5630 Fishers Lane, Room 1061, Rockville, MD 20852. If you have any questions, please contact Lauren (Gypsi) Feeney, DVM, Director, Division of Generic Animal Drugs, at 240-402-0848 or at Lauren.Feeney@fda.hhs.gov. You may also contact Yazmin M. Collie, DVM, Team Leader, Review Team 1, at 301-348-3928 or at Yazmin.Collie@fda.hhs.gov. Sincerely, Matthew Lucia, DVM Director Office of New Animal Drug Evaluation Center",https://www.regulations.gov/document/FDA-2020-P-2102-0005
FDA-2020-P-2213-0045,FDA-2020-P-2213,Final Response from FDA CDER to Kenneth Surprenant,FDA CDER to Kenneth Surprenant,CDER,Approved,Safety Established,high,"safety, safe, granted","nd other relevant data available to the Agency. Based on our review of these materials, and for the reasons stated below, your Petition is granted in part and denied in part. As described more fully below, FDA is approving today certain labeling changes to further clarify information on the risks related to DPD deficiency. On July 29, 2016, FDA issued a consolidated response to your two previous citizen petitions (2016 Response) that discussed issues related to those in the current Petition.2 Today’s response, at times, refers to the Agency’s 2016 Response, which granted in part and denied in part the requests in your previous petitions. I. BACKGROUND A. Prescription Drug Labeling 1. Overview of Relevant Statutory and Regulatory Requirements FDA-approved drug product labeling summarizes the essential information needed for the safe and effective use of the drug and reflects FDA’s finding on the safety and effectiveness of the drug under the labeled conditions of use (see 21 CFR 201.56(a)). The primar",https://www.regulations.gov/document/FDA-2020-P-2213-0045
FDA-2020-P-0978-0007,FDA-2020-P-0978,Partial Response Letter from FDA CDER to Valisure ,FDA CDER to Valisure,CDER,Approved,Sufficient Evidence,medium,evidence,"ation of angiotensin II receptor blockers (ARBs), because more than one impurity was discovered in some of those medications. Docket No. FDA-2020-P-0978 3 cosmetic products such as shampoos and cleansers that contain NDMA, and breathing or inhaling cigarette smoke.6 The oral route, in consumption of contaminated food and water, is the primary human exposure pathway for NDMA.7 NDMA has been classified as a probable carcinogen by the International Agency for Research on Cancer (IARC).8 Based on its review, IARC concluded that there was sufficient evidence of a carcinogenic effect of NDMA in many experimental animals, and that despite the lack of epidemiological data, NDMA should be regarded, for practical purposes, as if it were carcinogenic to humans.9 The 1987 IARC update for carcinogenic classification identifies NDMA as “Group 2A: Probably carcinogenic to humans.”10 NDMA is one compound included in a class of compounds referred to as nitrosamines. The International Council for Harmonisation (ICH) a",https://www.regulations.gov/document/FDA-2020-P-0978-0007
FDA-2020-P-2234-0003,FDA-2020-P-2234,Final Suitability Petition Approval Letter from FD,FD,,Approved,Other Approval Reason,low,,"tion after you have submitted your ANADA for our review. When you submit your ANADA for your proposed generic new animal drug, you must identify the reference listed new animal drug referred to in this suitability petition and include a copy of this letter. We recommend that you request a presubmission conference, according to 21 CFR 514.5, to discuss the requirements and potential pathways for approval of the application. FDA-2020-P-2234 Page 2 A copy of this letter approving your petition will be placed on public display at www.regulations.gov with the Dockets Management Staff (HFA-305), Food and Drug Administration, 5630 Fishers Lane, Room 1061, Rockville, MD 20852. If you have any questions, please contact Lauren (Gypsi) Feeney, DVM, Director, Division of Generic Animal Drugs, at 240-402-0848 or at Lauren.Feeney@fda.hhs.gov. Sincerely, Matthew Lucia, DVM Director Office of New Animal Drug Evaluation Center for Veterinary Medicine Matthew A. Lucia -S Digitally signed by Matthew A.",https://www.regulations.gov/document/FDA-2020-P-2234-0003
FDA-2020-P-1074-0008,FDA-2020-P-1074,Petition Approval Letter from FDA CVM to Akorn Ani,FDA CVM to Akorn Ani,CVM,Approved,Other Approval Reason,low,,"tion after you have submitted your ANADA for our review. When you submit your ANADA for your proposed generic new animal drug, you must identify the RLNAD referred to in this suitability petition and include a copy of this letter. FDA-2020-P-1074 Page 2 A copy of this letter approving your petition will be placed on public display at www.regulations.gov with the Dockets Management Staff (HFA-305), Food and Drug Administration, 5630 Fishers Lane, Room 1061, Rockville, MD 20852. If you have any questions, please contact Lauren (Gypsi) Feeney, DVM, Director, Division of Generic Animal Drugs, at 240-402-0848 or at Lauren.Feeney@fda.hhs.gov. You may also contact Yazmin M. Collie, DVM, Team Leader, Review Team 1, at 301-348-3928 or at Yazmin.Collie@fda.hhs.gov. Sincerely, Matthew Lucia, DVM Director Office of New Animal Drug Evaluation Center for Veterinary Medicine cc: HFV-170 (Petition File) HFA-305 (Dockets Management Staff) Matthew A. Lucia -S Digitally signed by Matthew A. Lucia -S Da",https://www.regulations.gov/document/FDA-2020-P-1074-0008
FDA-2022-P-1642-0005,FDA-2022-P-1642,Suitability Petition Approval Letter from FDA CVM ,FDA CVM,CVM,Approved,Other Approval Reason,low,,"tion after you have submitted your ANADA for our review. When you submit your ANADA for your proposed generic new animal drug, you must identify the RLNAD referred to in this suitability petition and include a copy of this letter. We recommend that you request a presubmission conference, according to 21 CFR 514.5, to discuss the requirements and potential pathways for approval of the application. FDA-2022-P-1642 Page 2 A copy of this letter approving your petition will be placed on public display at www.regulations.gov with the Dockets Management Staff (HFA-305), Food and Drug Administration, 5630 Fishers Lane, Room 1061, Rockville, MD 20852. If you have any questions, please contact Lauren (Gypsi) Feeney, DVM, Director, Division of Generic Animal Drugs, at Lauren.Feeney@fda.hhs.gov. Sincerely, Matthew Lucia, DVM Director Office of New Animal Drug Evaluation Center for Veterinary Medicine Matthew A. Lucia -S Digitally signed by Matthew A. Lucia -S Date: 2022.10.25",https://www.regulations.gov/document/FDA-2022-P-1642-0005
FDA-2022-P-1049-0004,FDA-2022-P-1049,Approval of Suitability Petition from FDA CVM to N,FDA CVM to N,CVM,Approved,Other Approval Reason,low,,"tion after you have submitted your ANADA for our review. When you submit your ANADA for your proposed generic new animal drug, you must identify the RLNAD referred to in this suitability petition and include a copy of this letter. We recommend that you request a presubmission conference, according to 21 CFR 514.5, to discuss the requirements and potential pathways for approval of the application. FDA-2022-P-1049 Page 2 A copy of this letter approving your petition will be placed on public display at www.regulations.gov with the Dockets Management Staff (HFA-305), Food and Drug Administration, 5630 Fishers Lane, Room 1061, Rockville, MD 20852. If you have any questions, please contact Lauren (Gypsi) Feeney, DVM, Director, Division of Generic Animal Drugs, at Lauren.Feeney@fda.hhs.gov. Sincerely, Matthew Lucia, DVM Director Office of New Animal Drug Evaluation Center for Veterinary Medicine cc: HFV-170 (Petition File) HFA-305 (Dockets Management Staff) Matthew A. Lucia -S Digitally signed",https://www.regulations.gov/document/FDA-2022-P-1049-0004
FDA-2022-P-0144-0032,FDA-2022-P-0144,Final Response from FDA CDER to Axinn Veltrop and ,FDA CDER to Axinn Veltrop and,CDER,Approved,Safety Established,high,"anda, safety, safe","0144 3 drug/drug interactions, and other safety considerations, such as data from epidemiological studies of related drugs.”10 When analyzing whether a drug meets the standard for approval, FDA conducts a benefit-risk assessment that: takes into account the extensive evidence of safety and effectiveness submitted by a sponsor . . . as well as many other factors affecting the benefit risk assessment, including the nature and severity of the condition the drug is intended to treat or prevent, the benefits and risks of other available therapies for the condition, and any risk management tools that might be necessary to ensure that the benefits of the drug outweigh its risks. This assessment involves both quantitative analyses and a subjective qualitative weighing of the evidence.11 Only if FDA concludes that the product’s benefit-risk profile is favorable will the Agency approve an NDA.12 FDA must deny marketing approval if there is a lack of substantial evidence that the drug is effective, the results of safety tes",https://www.regulations.gov/document/FDA-2022-P-0144-0032
FDA-2023-P-0232-0003,FDA-2023-P-0232,Response from FDA CDER to Hyman  Phelps   McNamra ,FDA CDER to Hyman  Phelps   McNamra,CDER,Approved,Safety Established,high,"safety, safe","termination of safety and effectiveness includes consideration of the “proposed use of the diagnostic radiopharmaceutical in the practice of medicine,” the “pharmacological and toxicological activity of the diagnostic radiopharmaceutical,” and the “estimated absorbed radiation dose of the diagnostic 4 See 21 CFR 314.50(d)(5)(viii). 5 Sections 505(b)(1)(A)(iv) and (d)(3) of the FD&C Act; see also 21 CFR 314.50(d)(1). 6 See 21 CFR 314.50(d)(1)(i) and (d)(1)(ii)(a). 7 Section 505(b)(2) of the FD&C Act provides for approval of an application “for a drug for which the [safety and efficacy investigations] . . . relied upon by the applicant for approval of the application were not conducted by or for the applicant and for which the applicant has not obtained a right of reference or use from the person by or for whom the investigations were conducted.” As defined in 21 CFR 314.3(b), “right of reference or use” “is the authority to rely upon, and otherwise use, an investigation for the purpose of obtaining approval of an NDA, in",https://www.regulations.gov/document/FDA-2023-P-0232-0003
FDA-2023-P-0037-0004,FDA-2023-P-0037,Response Letter from FDA CBER to Karl Guenther Red,FDA CBER to Karl Guenther Red,CBER,Approved,Safety Established,high,"anda, safety, safe","indication(s) and use. FDA’s multidisciplinary review teams rigorously evaluate the sponsor’s laboratory and clinical data, as well as other information, to assess whether the safety, purity, and potency of the vaccine has been demonstrated. Only when FDA’s scientific and regulatory standards are met is a vaccine licensed. FDA makes its licensure decisions based on an evaluation of the entirety of the data and information included in the BLA and its analysis of the benefits and risks for the intended population who will receive the vaccine, as well as the disease(s) to be prevented.7 FDA regulations explicitly state that “[a]pproval of a biologics license application or issuance of a biologics license shall constitute a determination that the establishment(s) and the product meet applicable requirements to ensure the continued safety, purity, and potency of such products.”8 Potency has long been interpreted to include effectiveness.9 Therefore, the manufacturers of vaccines that have been licensed in the United St",https://www.regulations.gov/document/FDA-2023-P-0037-0004
FDA-2024-P-3821-0004,FDA-2024-P-3821,Final Response Letter from FDA CVM to Aurora Pharm,FDA CVM to Aurora Pharm,CVM,Approved,Other Approval Reason,low,,"tion after you have submitted your ANADA for our review. When you submit your ANADA for your proposed generic new animal drug, you must identify the RLNAD referred to in this suitability petition and include a copy of this letter. We recommend that you request a presubmission conference, according to 21 CFR 514.5, to discuss the requirements and potential pathways for approval of the application. FDA-2024-P-3821 Page 2 A copy of this letter approving your petition will be placed on public display at www.regulations.gov with the Dockets Management Staff (HFA-305), Food and Drug Administration, 5630 Fishers Lane, Room 1061, Rockville, MD 20852. If you have any questions, please contact Lauren (Gypsi) Feeney, DVM, Director, Division of Generic Animal Drugs, at Lauren.Feeney@fda.hhs.gov. Sincerely, Matthew Lucia, DVM Director Office of New Animal Drug Evaluation Center for Veterinary Medicine cc: HFV-170 (Petition File) HFA-305 (Dockets Management Staff) Matthew A. Lucia -S Digitally signed by",https://www.regulations.gov/document/FDA-2024-P-3821-0004
FDA-2024-P-3292-0013,FDA-2024-P-3292,Suitability Petition Approval from FDA CVM to Feli,FDA CVM to Feli,CVM,Approved,Other Approval Reason,low,,"tion after you have submitted your ANADA for our review. When you submit your ANADA for your proposed generic new animal drug, you must identify the RLNAD referred to in this suitability petition and include a copy of this letter. We recommend that you request a presubmission conference, according to 21 CFR 514.5, to discuss the requirements and potential pathways for approval of the application. FDA-2024-P-3292 Page 2 A copy of this letter approving your petition will be placed on public display at www.regulations.gov with the Dockets Management Staff (HFA-305), Food and Drug Administration, 5630 Fishers Lane, Room 1061, Rockville, MD 20852. If you have any questions, please contact Lauren (Gypsi) Feeney, DVM, Director, Division of Generic Animal Drugs, at Lauren.Feeney@fda.hhs.gov. Sincerely, Matthew Lucia, DVM Director Office of New Animal Drug Evaluation Center for Veterinary Medicine Matthew A. Lucia -S Digitally signed by Matthew A. Lucia -S Date: 2024.10.08 10:08:35 -0",https://www.regulations.gov/document/FDA-2024-P-3292-0013
FDA-2024-P-0889-0004,FDA-2024-P-0889,Final Response Letter from FDA CVM to Aurora Pharm,FDA CVM to Aurora Pharm,CVM,Approved,Other Approval Reason,low,,"tion after you have submitted your ANADA for our review. When you submit your ANADA for your proposed generic new animal drug, you must identify the RLNAD referred to in this suitability petition and include a copy of this letter. We recommend that you request a presubmission conference, according to 21 CFR 514.5, to discuss the requirements and potential pathways for approval of the application. FDA-2024-P-0889 Page 2 A copy of this letter approving your petition will be placed on public display at www.regulations.gov with the Dockets Management Staff (HFA-305), Food and Drug Administration, 5630 Fishers Lane, Room 1061, Rockville, MD 20852. If you have any questions, please contact Lauren (Gypsi) Feeney, DVM, Director, Division of Generic Animal Drugs, at Lauren.Feeney@fda.hhs.gov. Sincerely, Matthew Lucia, DVM Director Office of New Animal Drug Evaluation Center for Veterinary Medicine cc: HFV-170 (Petition File) HFA-305 (Dockets Management Staff) Matthew A. Lucia - S Digitally",https://www.regulations.gov/document/FDA-2024-P-0889-0004
FDA-2010-P-0045-0038,FDA-2010-P-0045,Memo and Combined Responses to Dr Edlich Citizen P,Dr Edlich Citizen P,ORA,Approved,Other Approval Reason,low,,"removal of cornstarch powder from medical gloves because it promotes the growth of cancer (FDA-2010-P-0052); (4) FDA to make a final decision on the citizen petition filed on October 2, 2008 (FDA-2008-P-0531-002/CP); (5) the revision of the device classification of cornstarch powdered examination and surgical gloves and surgical dusting powder (FDA-20 1 0-P-0352); (6) a fmal decision be made on the petitioners previous request to ban cornstarch powder on medical gloves (FDA-2010-P-0392); (7) ban the use of cornstarch powder on surgical gloves in in vitro fertilization labs (FDA-201 0-P-0397); and (8) guidelines be established for communicating decisions to the Director of the Center for Devices and Radiological Health (CDRH) and announcing the decision to the petitioner and public in a timely manner. FDA has completed its review of the citizen petitions listed above from the petitioner and its responses are below. FDA was informed that the individual who submitted these petitions, Dr. Richard Edlich, is deceased. According",https://www.regulations.gov/document/FDA-2010-P-0045-0038
FDA-2010-P-0052-0020,FDA-2010-P-0052,Memo and Combined Responses to Dr Edlich Citizen P,Dr Edlich Citizen P,ORA,Approved,Other Approval Reason,low,,"removal of cornstarch powder from medical gloves because it promotes the growth of cancer (FDA-2010-P-0052); (4) FDA to make a final decision on the citizen petition filed on October 2, 2008 (FDA-2008-P-0531-002/CP); (5) the revision of the device classification of cornstarch powdered examination and surgical gloves and surgical dusting powder (FDA-20 1 0-P-0352); (6) a fmal decision be made on the petitioners previous request to ban cornstarch powder on medical gloves (FDA-2010-P-0392); (7) ban the use of cornstarch powder on surgical gloves in in vitro fertilization labs (FDA-201 0-P-0397); and (8) guidelines be established for communicating decisions to the Director of the Center for Devices and Radiological Health (CDRH) and announcing the decision to the petitioner and public in a timely manner. FDA has completed its review of the citizen petitions listed above from the petitioner and its responses are below. FDA was informed that the individual who submitted these petitions, Dr. Richard Edlich, is deceased. According",https://www.regulations.gov/document/FDA-2010-P-0052-0020
FDA-2016-P-3082-0026,FDA-2016-P-3082,Petition Approval from FDA CDER  to Ropes   Gray L,FDA CDER  to Ropes   Gray L,CDER,Approved,Other Approval Reason,low,,") (21 U.S.C. 355(c)(3)(E)(ii) and (j)(5)(F)(ii)), because it contains bazedoxifene, an active moiety that was previously unapproved before the Agency approved the new drug application (NDA) for Duavee. NDA 022247 for Duavee was approved on October 3, 2013. Duavee is a fixed-combination drug product that, at the time of approval, contained one previously approved active moiety and one previously unapproved active moiety. Consistent with the Agency's interpretation of the relevant statutory and regulatory provisions governing exclusivity, FDA had previously determined that Duavee was eligible for 3-year exclusivity under section 505(c)(3)(E)(iii) and (j)(5)(F)(iii) of the FD&C Act. You request that, in light of the U.S. District Court of the District of Columbia's decision inFerring Pharmaceuticals, Inc. v. Burwell, 1 FDA should determine Duavee is eligible for 5-year NCE exclusivity. FDA has carefully considered your Petition in light of the holding in Ferrinf Pharmaceuticals and the government's recent decision to withdraw",https://www.regulations.gov/document/FDA-2016-P-3082-0026
FDA-2016-P-4584-0012,FDA-2016-P-4584,Response letter from FDA CDER to Public Citizen s ,FDA CDER to Public Citizen s,CDER,Approved,Other Approval Reason,low,,"!,/,-~
-~ ... ~ II u.s. FOOD & DRUG 
~ 
ADMINISTRATION 
~11;-... 4-,,.411 
Sammy Almashat, MD, MPH 
Researcher 
Public Citizen's Health Research Group 
1600 20th Street, NW 
Washington, DC 20009 
Re: FDA-2016-P-4584 
Dear Dr. Almashat: 
AUG 0 7 2017 
This letter responds to your citizen petition received on December 28, 2016 (Petition), on behalf 
of Public Citizen's Health Research Group (Public Citizen). In the Petition, you request that the 
Food and Drug Administration (FDA or Agency) take immediate action with respect to the 
labeling of repaglinide-containing medications (i.e., Prandin, PrandiMet) and clopidogrel 
(Plavix). More specifically, the Petition asks FDA to require that: 
(1) ""The label ofrepaglinide-containing medications (PRANDIN, PRANDIMET) 
include information on a serious drug-drug interaction with clopidogrel 
(PLA VIX) that could result in severe hypoglycemia""; and 
(2) ""The labels of both repaglinide-containing medications and clopidogrel include a 
contraindica",https://www.regulations.gov/document/FDA-2016-P-4584-0012
FDA-2017-P-1278-0003,FDA-2017-P-1278,Petition Approval FDA 2017 P 1278,,,Approved,Other Approval Reason,low,,"t) (21 U.S.C. 355(c)(3)(E)(ii) and U)(S)(F)(ii)), because it contains cobicistat and elvitegravir, two active ingredients that were not present in a new drug application (NDA) approved by FDA before the approval of the NDA for Stribild. NDA 203100 for Stribild was approved on August 27, 2012. Stribild is a fixed-combination drug product that, at the time of approval, contained two previously approved active ingredients and two previously unapproved active ingredients. At the time of its approval, consistent with the Agency's interpretation of the relevant statutory and regulatory provisions governing exclusivity, FDA determined that Stribild was eligible for 3-year exclusivity under section 505(c)(3)(E)(iii) and U)(5)(F)(iii) of the FD&C Act. Specifically, you request that FDA: 1. In light of the U.S. District Court ofthe District of Columbia's decision inFerring Pharmaceuticals, Inc. v. Burwell, 1 determine that Stribild is eligible for 5-year NCE exclusivity because it contains cobicistat and elvitegravir, neither of whic",https://www.regulations.gov/document/FDA-2017-P-1278-0003
FDA-2019-P-1679-0079,FDA-2019-P-1679,Response Letter from FDA to Lassman Law   Policy,FDA to Lassman Law   Policy,,Approved,FDA Concurrence,medium,granted,"ity, if already granted. We have also carefully reviewed your submissions to the docket dated May 23, 2019, August 15, 2019, August 22, 2019, and October 11, 2019, as well as the numerous other comments submitted to the docket and additional relevant information available to the Agency. For the reasons set forth below, we grant the petition in part, and will revoke, as improperly granted, Indivior's orphan-drug designation for buprenorphine for treatment of ""opiate addiction in opiate users"" pursuant to 21 CFR § 316.29(a)(3).5 Accordingly, we did not need to consider, and have Available at https://www.regulations.gov/docket?D=FDA-2019-P-1679. 2 Indivior's predecessor Reckitt & Colman Pharmaceuticals, Inc. submitted this orphan-drug designation request for buprenorphine and held the orphan-drug designation in that name until 2015. Throughout this response, we will refer to the sponsor as Indivior, including during the time period covered by this Petition. 3 Sublocade is the proprietary name for buprenorphine extended-r",https://www.regulations.gov/document/FDA-2019-P-1679-0079
FDA-2023-P-0127-0008,FDA-2023-P-0127,Citizen Petition Response from FDA CDER to Melinta,FDA CDER to Melinta,CDER,Approved,Bioequivalence/Therapeutic Equivalence,medium,anda,"t 1). 2. Find ANDA 214934 ineligible for approval because Nexus has not satisfied the requirements of 21 C.F.R. § 314.95(e) to document the date of Melinta’s receipt of notice of Nexus’s paragraph IV patent certification. Consistent with the District Court’s remand, FDA should find and publicly confirm that Nexus has not submitted any of the four types of documentation allowed by 21 C.F.R. § 314.95(e) to document the date of receipt of its paragraph IV notice by the [new drug application (NDA)] holder and patent owner (Petition at 1). 3. Find that there is no date, properly documented as required by 21 C.F.R. § 314.95(e), prior to March 31, 2021 that FDA will regard as a date on which Melinta received notice from Nexus of a paragraph IV patent certification submitted in ANDA 214934; that March 31, 2021 would thus be the earliest possible date on which Melinta could be considered to have received Nexus’s paragraph IV notice; and that the earliest possible date on which approval of Nexus’s ANDA could be made effective under 21 U.S.C. §",https://www.regulations.gov/document/FDA-2023-P-0127-0008
FDA-2001-P-0122-0001,FDA-2001-P-0122,Citizen Petition Denial Response Letter from FDA ORA to Ruth Armstrong,Ruth Armstrong,CFSAN,Denied,Procedural - Premature/Pending,medium,"before, format, current","ing travel on trains and airplanes, is impossible because the presence of methylcellulose and carrageenan is not revealed on food menus. FDA does not currently require the declaration of ingredients on food menus, nor does FDA believe, based on the information presently before the agency, that the absence of such declarations of methylcellulose and carrageenan on food menus renders such labeling false or misleading under the Federal Food, Drug, and Cosmetic Act (FFDCA). The relevant labeling provisions in the FFDCA govern what information must be present in the labeling of a food. Section 403(a)(1) of the FFDCA provides that a food is deemed to be misbranded if its labeling is false or misleading in any particular. In determining whether the labeling or advertising of a food is misleading, section 201(n) of the FFDCA requires FDA to take into account “the extent to which the labeling or advertising [of a food] fails to reveal facts material in the light of... representations [made or suggested] or material with respect to con",
FDA-2001-P-0123-0186,FDA-2001-P-0123,FDA-CDER/ to Center for Reproductive Rights - Petition Denial,The Center for Reproductive Law & Policy,CDER,Denied,Procedural - Premature/Pending,medium,before,"mand on this issue ""[wa]s the appropriate remedy"" because ""a decision whether Plan B, a systemic hormonal contraceptive drug, may be safely used without a prescription"" by women younger than 17 years of age ""is best left to the expertise of the FDA, to which Congress has entrusted this responsibility; it should not be made by a federal district court judge."" Id. at 549. Pursuant to the court’s order, FDA has reconsidered its decisions regarding the ""switch to OTC use,"" taking into account the record before the Agency and the relevant developments since the June 2006 denial of the Citizen Petition. The essential question at issue is whether there were sufficient data in the record to establish the safety and effectiveness of OTC use by younger women, or whether additional data in the form of the results of actual use and label comprehension studies performed using younger women as subjects would be required. FDA was aware, even at the time of the remand, that the Plan B sponsor intended to conduct actual use and label compr",
FDA-2004-P-0214-0028,FDA-2004-P-0214,"FDA/CDER to Genentech, Inc. - Petition Denial","Genentech, Inc",CDER,Denied,Procedural - Administrative Deficiency,high,"21 cfr 10, cfr 10","Competition and Innovation Act of2009,"" ""Quality Considerations in Demonstrating Biosimilarity to a Reference Protein Product,"" and ""Scientific Considerations in Demonstrating Biosimilarity to a Reference the outstanding requests and arguments in the Petitions that were directed more generally toward approval of or standards for approving ""biotechnology-derived products""S (Genentech Petition at 1) or ""follow-on applications for therapeutic proteins,,6 (BIO Petition at 1-2) characterized by ""similarity"" or ""sameness"" to another ""biotechnology- derived product"" or ""therapeutic protein."" We have carefully considered these issues as raised by the Petitions. For the reasons that follow, the relevant portions of the Petitions are denied. I. Background A. The Petitions On October 14,2003, BIO submitted a citizen petition under 21 CFR 10.30. It supplemented this petition on August 8, 2003, submitting additional legal arguments pertaining to section 505(b)(2) of the Federal Food, Drug, and Cosmetic Act (FD&C Act). Genentech submitted its ci",
FDA-2005-P-0256-0002,FDA-2005-P-0256,Citizen Petition Denial Response Letter from FDA CDER to Public Citizen,Public Citizen,CDER,Denied,Procedural - Already Addressed/Moot,medium,moot,". You state that pemoline should not be marketed because the drug is known to have caused at least 21 cases of liver failure and has no unique therapeutic benefit over other drugs for the treatment of attention deficit hyperactivity disorder (ADHD) . Abbott informed FDA on March 24, 2005, that it intended to discontinue marketing Cylert . Abbott ceased commercial distribution of Cylert on September 16, 2005 . The generic firms that marketed pemoline under abbreviated new drug applications have also ceased marketing the drug . Because all pemoline products have been removed from the market, the outcome sought by your petition has been achieved and thus, as a practical matter, your petition is moot . Furthermore, to the extent your petition seeks withdrawal of any drug's approval under section 505(e) of the Federal Food, Drug, and Cosmetic Act, FDA does not find such additional action necessary at this time because the drugs are no longer being marketed . Thus, FDA denies any such request in your petition . FDA has not aske",
FDA-2007-P-0110-0004,FDA-2007-P-0110,FDA/CDER to Physicians Committee for Responsible Medicine - Petition Denial,Physicians Committee For Responsible Medicine (Pcrm),CDER,Denied,Procedural - Already Addressed/Moot,medium,current,"s for managing diabetes"" (Petition at l). We have reviewed your petition, and for the reasons described below, your petition is denied. 1 I. BACKGROUND A. Approved Thiazolidinedione Products In 1999, FDA approved rosiglitazone maleate (Avandia, new drug application (NDA) 21­ 07]) and pioglitazone hydrochloride (Hel) (Actos, NDA 21-073). Rosiglitazone maleate and pioglitazone HCl are currently the only two approved and marketed active ingredients in the thiazolidinedione class. The products in this class are indicated as an adjunct to diet and exercise to improve glycemic control in adults with type 2 diabetes mellitus (""type 2 diabetes""). In addition to the two single agent products, Avandia and Actos, the Agency has also approved two combination products that contain rosiglitazone maleate together with another antidiabetic active ingredient. They are Avandamet (rosiglitazone maleate combined with metformin Hel, NDA 21-410, approved in 2002) and Avandaryl (rosiglitazone maleate combined with glimepiride, NDA 21-700, app",
FDA-2007-P-0113-0028,FDA-2007-P-0113,Citizen Petition Denial Response from FDA CDER to Sidley Austin LLP,Celgene Corporation,CDER,Denied,Other Denial Reason,low,,"ighs the benefits of a single system, taking into consideration the impact on health care providers, patients, the applicant for the abbreviated new drug application, and the holder of the reference drug product"" (section 505-l(i)(1 )(B)(i) ofthe FD&C Act). 10 If a waiver of the single, 7 A listed drug is a drug that FDA has approved (21 CFR 314.3). A reference listed drug is an approved drug that is referenced by an ANDA applicant as a basis for approval of that ANDA (id.). 8 Section 505-1 of the FD&C Act applies to any application for approval of a prescription drug submitted under section 505(b) or (j) of the FD&C Act (thus including both NDAs (including those submitted under section 505(b)(2)) and ANDAs submitted under section 505(j)), as well as applications submitted under section 351 of the Public Health Service Act (section 505-l(b)(2) of the FD&C Act, which references section 505(p)(l)(A)). 9 Medication Guides, which are part of approved labeling (see 21 CFR 208), are subject to the FD&C Act's same labeling requirem",
FDA-2007-P-0245-0005,FDA-2007-P-0245,"FDA/CDER to Kleinfeld, Kaplan and Becker, LLP (Purdue Pharma L.P) - Petition Denial",Purdue Pharma L.P.,CDER,Denied,Procedural - Premature/Pending,medium,"prior to, moot, scope","on was moot. As explained in the letter, FDA had reviewed the OxyContin labeling supplements and issued letters stating that each of the three supplements was not approvable. Because the labeling supplements were not approvable, the labeling for a generic version of OxyContin was not required to include the language regarding the RiskMAP that Purdue proposed in its supplements. FDA's letter also explained that approval of a RiskMAP of the scope and nature described in Purdue's January 13, 2004, supplement was not necessary prior to implementation of the RiskMAP, and in light of the fact that generic products will have RiskMAPs consistent with that for OxyContin, the petition for stay was moot with regard to that issue. C. Risk Evaluation and Mitigation Strategies 1. Food and Drug Administration Amendments Act On September 27,2007, the Food and Drug Administration Amendments Act of2007 (FDAAA) was enacted. Title IV, Subtitle A, section 901 ofFDAAA created new section 505-1 of the Federal Food, Drug, and Cosmetic Act (the",
FDA-2000-P-0918-0001,FDA-2000-P-0918,Denial Letter from CFSAN to Public Voice for Food ,CFSAN to Public Voice for Food,CFSAN,Denied,Procedural - Administrative Deficiency,high,"21 cfr 10, cfr 10, already","(CFR), section 10.30(e)(3)(21 CFR 10.30(e)(3)), we are denying the petitions. A regulatory limit is established by informal (notice-and-comment) rulemaking and has the force of law. Once a regulatory limit has been established, a food is adulterated under section 402(a)(l) ofthe Federal Food, Drug & Cosmetic Act (FD&C Act) simply by exceeding it. See 21 CFR 109.4(b). Such a limit is binding on food producers as well as on FDA and the courts. An action level, on the other hand, which FDA has already established for methylmercury in seafood, is a ""level of contamination at which a food may be regarded as adulterated."" 21 CFR 109.4(c)(1). Action levels provide guidance on the circumstances under which the agency would consider taking regulatory action. Even if an action level has been established, each time FDA wishes to remove food from commerce that equals or exceeds the action level, FDA has the burden of establishing de novo in an enforcement proceeding that the food is adulterated. Thus, 1 The organization Public Voice",https://www.regulations.gov/document/FDA-2000-P-0918-0001
FDA-2003-P-0117-0001,FDA-2003-P-0117,Petition Denial from FDA CDER to Zuckerman Spaeder,FDA CDER to Zuckerman Spaeder,CDER,Denied,Procedural - Already Addressed/Moot,medium,moot,"ment, as recounted above, are moot. Accordingly, because we need not make these determinations to resolve your Petition, the requests in the Petition and at (1) and (2) of the Supplement, above, are denied. We acknowledge that this response does not address the substance of the question essentially posed by the Petition (i.e., whether marketing of a product approved under section 505(b)(2) of * See comments from James N. Czaban, Esq., Heller Ehrman White & McAuliffe LLP, on behalf of Wyeth, dated March 13,2003, at 1 and 4, and April 25,2003, at 3. 2 SeeSupplement at 1 and 3. the Act constitutes “commercial marketing” of a generic version of that product under section 505(j)(5)(B)(iv)(I) of the Act). As noted above, this issue is moot in the specific situation at hand. However, if Andrx should perceive a general need for FDA to articulate its position on this issue, it may communicate this need to the Agency, and seek the development of generally applicable guidance, in the manner provided for by FDA’s good guidance practic",https://www.regulations.gov/document/FDA-2003-P-0117-0001
FDA-2009-P-0039-0008,FDA-2009-P-0039,Citizen Petition Denial Response from FDA CDER Let,FDA CDER Let,CDER,Denied,Procedural - Administrative Deficiency,high,"regulation, format, current","ved the drug with restrictions to assure safe use because the Agency concluded that the drug can be safely used only if distribution or use is restricted (e.g., under 21 U.S.C. § 355-1(f)(3)). There may be other situations in which a boxed warning may be appropriate to highlight infonnation that is especially important to a prescriber. 4. Medication Guides A Medication Guide is FDA-approved patient labeling that confonns to the specifications in 21 CFR Part 208 and other applicable regulations. These regulations apply to certain drug and 5 Some factors that may be relevant are discussed in the FDA draft guidance for industry, Warnings and Precautions, Contraindications, and Boxed Warnings Sections 0/Labeling/or Human Prescription Drug and Biological Products - Content and Format (Draft Warnings and Precautions Guidance) (Guidances are available on FDA's website at http://www.fda.gov/cder/guidance/index.htm. The draft guidance, when fmalized, will represent FDA's current thinking on this topic.) 3 biological products tha",https://www.regulations.gov/document/FDA-2009-P-0039-0008
FDA-2011-P-0347-0007,FDA-2011-P-0347,Petition Denial Letter from FDA CDER to VPNA,FDA CDER to VPNA,CDER,Denied,Other Denial Reason,low,,"mith: This is in response to your petition for reconsideration and stay of action received on March 7, 2013 (Reconsideration Petition). The Reconsideration Petition requests that the U.S. Food and Drug Administration (FDA or Agency) reconsider its January 28, 2013 response (Original Petition Response) granting the suitability petition submitted by Lachman Consultant Services, lnc. on May 10, 2011 (Original Petition). The Original Petition requested that FDA permit the filing of an Abbreviated New Drug Application (ANDA) for the following drug product: minocycline hydrochloride extended-release tablets, 70 mg and 95 mg. The listed drug product referred to in the Original Petition is Solodyn (minocycline hydrochloride) extended-release tablets, 135 mg, approved under NDA 050808 held by Medicis Pharmaceutical Corporation (Medicis). The Reconsideration Petition requests that FDA reconsider and reverse the approval of the Original Petition. The Reconsideration Petition also requests that FDA stay the effective date of approval o",https://www.regulations.gov/document/FDA-2011-P-0347-0007
FDA-2011-P-0515-0004,FDA-2011-P-0515,Petitions Response to Pharmacists Planning Service,Pharmacists Planning Service,,Denied,Procedural - Already Addressed/Moot,high,"prior to, format, existing","state that PSE should be removed from the market because it is frequently diverted to the ilegal manufacture of methamphetamine. You state that ""meth-related activity"" is on the rise nationally, and that existing measures to combat the diversion ofPSE to manufacture methamphetamine have been inadequate. You also maintain that because there are non-precursor alternatives that can replace PSE, PSE should be removed from the market. We have considered the arguments in your petition and, for the reasons set forth below, your petition is denied. 1. BACKGROUND: A. Pseudoephedrine (PSE) Pseudoephedrine is used to relieve nasal or sinus congestion caused by the common cold, sinusitis, and respiratory allergies. Prescription PSE drug products and some over-the- counter (OTC) PSE drug products are subject to the new drug application (NDA) process, in which manufacturers submit a variety of required safety and effectiveness information to FDA for review and approval prior to marketing. However, the majority of OTC PSE drug products are regulate",https://www.regulations.gov/document/FDA-2011-P-0515-0004
FDA-2011-P-0852-0004,FDA-2011-P-0852,FDA CDER Response to Dr S Albert Edwards Petition ,Dr S Albert Edwards Petition,CDER,Denied,Other Denial Reason,low,,"d health programs. The task force concluded that because computer processing of claims must be an integral part of such programs, there was an urgent need for a standardized drug product identification or coding system that could be used in computerized systems. The task force also found that a standardized drug coding system was needed for drug manufacturers, re-packers, wholesalers, and others to facilitate the processing of transactions that occur as a drug moves through routine commercial channels. The Department of Health, Education, and Welfare assigned the task of developing and operating the NDC system to FDA. In 1967 and 1968, FDA held meetings with representatives of govermnent agencies and the private sector to develop a voluntary coding system. In the Federal Register of July 2, 1969,2 FDA announced the NDC I We understand your use of the word ""unapproved"" to refer to drugs without approved new drug applications (NDAs) or abbreviated new drug applications (ANDAs). ""Unapproved,"" as used in this response, reta",https://www.regulations.gov/document/FDA-2011-P-0852-0004
FDA-2011-P-0641-0007,FDA-2011-P-0641,Citizen Petition Denial Response from FDA CDRH to ,FDA CDRH to,CDRH,Denied,Procedural - Administrative Deficiency,high,"regulation, submission","a premarket approval application (PMA). FDA has reviewed your petition and, as we discuss below, we share some of the concerns outlined there. However, the agency does not believe that a ban or recall of non-absorbable surgical mesh for transvaginal repair of POP is warranted at this time. Further, a citizen petition is not the appropriate mechanism for requesting a reclassification of a device. See 21 C .F .R. 10.30(a) and 21 C.P.R. 860.130. Reclassification petitions must be filed in accordance with 21 C.P.R. 860.123. Your request does not meet the content and form requirements of that regulation. Although we are denying yoirr requests for a ban and a recall, we are taking actions, described later in this response, to address many of the concerns you discuss in your citizen petition. I. Background Beginning in 1992, the FDA cleared premarket notification (510(k)) submissions for surgical mesh indicated for POP repair under the general surgical mesh regulation 21 C.P.R. 878.3300. Surgical mesh is a medical device that",https://www.regulations.gov/document/FDA-2011-P-0641-0007
FDA-2011-P-0022-0008,FDA-2011-P-0022,Citizen Petition Denial Response from FDA CDRH to ,FDA CDRH to,CDRH,Denied,Procedural - Premature/Pending,medium,"before, format","lso offer your own analyses of the data. FDA has reviewed the information in your petition and is denying your petition for the reasons discussed below. I. Standard for PMA Withdrawal Has Not Been Met and a Public Health Advisory with a Voluntary Recall Is Not Warranted Section 515(e)(l) of the Federal Food, Drug, and Cosmetic Act (FD&C Act) and 21 CFR 814.46(a) set forth the standards for withdrawing approval of a PMA application. These include2 when FDA finds that: • The device is unsafe or ineffective under the conditions of use prescribed, recommended, or suggested in the labeling ofthe device, section 515(e)(l)(A) of the FD&C Act; • On the basis of new information before FDA with respect to the device, evaluated together with the evidence available when the application was approved, there is a failure to show reasonable assurance that the device is safe or effective under the conditions of use prescribed, recommended, or suggested in the labeling of the device, section 515(e)(l)(B) ofthe FD&C Act; 1 The term ""L",https://www.regulations.gov/document/FDA-2011-P-0022-0008
FDA-2012-P-0298-0012,FDA-2012-P-0298,Agency Response to The Joseph Dedvukaj Firm   P C ,The Joseph Dedvukaj Firm   P C,,Denied,Procedural - Administrative Deficiency,medium,"regulation, moot","., for Lorcaserin 10 mg BID and 10 mg QD. The FDA reviewed the NDA for Lorcaserin according to its established procedures and approved the application on June 27, 2012, pursuant to section 505(c) of the Food, Drug, and Cosmetic Act (21 U.S.C. 355(c)). Since the Lorcaserin NDA has now been approved, your Petition is denied as moot. Sincerely ~ Janet Woodcock, M.D. . Director Center for Drug Evaluation and Research 1 These documents and the public comments submitted on the Petition can be viewed electronically at http://www.regulations.gov/ in docket number FDA-20 12-P-0298.",https://www.regulations.gov/document/FDA-2012-P-0298-0012
FDA-2014-P-1773-0005,FDA-2014-P-1773,Citizen Petition Denial Response Letter from FDA C,FDA C,,Denied,Procedural - Administrative Deficiency,medium,regulation,"on, phthalates raise a number of safety concerns because they function as endocrine disrupters that ""limit or block the 1 The PPSI Petition also requested that FDA issue a regulation to eliminate the use of phthalates in ""herbal dietary supplement products."" The Agency issued a response denying that request on October 6, 2015. Letter from Steven Musser, Deputy Director for Scientific Operations, Center for Food Safety and Applied Nutrition (CFSAN) to Frederick S. Mayer, President, Pharmacists Planning Service, Inc., Docket No. FDA- 20 14-P-1773 (Oct. 6, 20 15). 2 ANH Petition at 1 . 3 Id. at 2. U.S. Food & Drug Adninistration 10903 New Harrpshire Avenue Silver Spring, MJ 20993 www.fda gov Docket Nos. FDA-2014-P-0862 and FDA-2014-P-1773 body's natural levels of estrogen, testosterone, and other hormones.""4 In addition, the ANH Petition states that ""exposure to phthalates also can cause cognitive and behavioral problems in children"" and raises other potential health risks. 5 The need to address the potential risks of pht",https://www.regulations.gov/document/FDA-2014-P-1773-0005
FDA-2014-P-1685-0004,FDA-2014-P-1685,Petition Denial Letter,,ORA,Denied,Other Denial Reason,low,,"at 1-2. 3 Id. 4 I d. at 2. As set forth below, consideration of costs or potential effects on the implementation of the Affordable Care Act (Public Law I I 1-148) is not among the relevant statutory and regulatory obligations governing the prescription or nonprescription status of oral contraceptive drug products. This response does not address these considerations. U.S. Food & Drug Administration 10903 New Harrpshire Avenue Silver Spring, MD 20993 www.fda.gov Docket No. FDA-2014-P-1685 I. BACKGROUND The Petition broadly requests nonprescription status for ""oral contraceptive drug products.""5 In assessing a request for nonprescription status for OCs, however, it is important to distinguish between the different types of OCs because their safety and efficacy profiles vary substantially. The two major types of OCs marketed today are progestin-only oral contraceptives (progestin- only pills or POPs) and combination oral contraceptives (COCs). First approved in 1973, POPs do not include an estrogen component.6 POPs preve",https://www.regulations.gov/document/FDA-2014-P-1685-0004
FDA-2014-P-0144-0003,FDA-2014-P-0144,Citizen Petition Denial Response from FDA CDER to ,FDA CDER to,CDER,Denied,Other Denial Reason,low,,"abolite. For some of these drug products, FDA can review data from PD effect studies to assess bioequivalence.8 For others, however, no PD endpoints can be readily measured. In these 7 21 CFR 320.24. Whereas a PK study measures the rate and the extent to which the drug is delivered to biological fluids (generally the bloodstream), a pharmacodynamic study measures effects associated with the delivery of the active ingredient to the site of action. 8 See 21 CFR 320.24(b)(3). For example, FDA accepts PD effect bioequivalence studies for generic versions of corticosteroids. Studies evaluating blanching or vasoconstriction of the skin microvasculature provide evidence for the amount of drug entering the skin and thus serve as the basis for comparing drug delivery from two potentially 3 Docket No. FDA-2014-P-0144 cases, FDA often relies on data from ""appropriately designed comparative clinical trials"" or, in appropriate cases, from in vitro studies to assess bioequivalence (21 CFR 320.24(b)(4)-(5)).9 FDA has issued draft guidanc",https://www.regulations.gov/document/FDA-2014-P-0144-0003
FDA-2015-P-0059-0013,FDA-2015-P-0059,Denial response letter from FDA CFSAN to Center fo,FDA CFSAN to Center fo,CFSAN,Denied,Procedural - Administrative Deficiency,high,"21 cfr 10, cfr 10","trated caffeine marketed as a dietary supplement because it presents a ""significant or unreasonable risk of illness or injury"" or an ""imminent hazard to public health;"" or • Specify limits on the form in which caffeine is sold, including its labeling, serving sizes, and potency, to minimize the risk of accidental overdose by all potential users, including younger consumers. The Petition states that, as of the date of the Petition, pure or highly concentrated caffeine was sold in bulk online in a powder form by retailers of dietary supplements (Petition at page 3). Supplement 2 states that pure caffeine is widely available for purchase online in powdered, liquid, and inhalable forms (Supplement 2 at page 2). U.S. Food and Drug Administration Center for Food Safety & Applied Nutrition 5001 Campus Drive College Park, MD 20740 www.fda.gov Page 2 - Dr. Jacobson and Ms. MacCleery In accordance with 21 CFR 10.30(e)(3), after careful review and consideration of the Petition, Supplement 1, and Supplement 2, we are denying the",https://www.regulations.gov/document/FDA-2015-P-0059-0013
FDA-2015-P-3020-0009,FDA-2015-P-3020,Petition Denial Letter from FDA CFSAN to WVE,FDA CFSAN to WVE,CFSAN,Denied,Procedural - Administrative Deficiency,high,"before, 21 cfr 10, cfr 10","-4), and consumer complaints from online product reviews of five different feminine wash products (Petition at pages 5-9). In accordance with 21 CFR 10.30(eX3), and for the reasons stated below, we are denying your petition. As background, cosmetic products and ingredients (except color additives) and labeling are not subject to premarket approval by FDA. Manufacturers are not required to provide us information about the safety of their cosmetic products. A color additive must be shown to be safe and be approved by FDA before it may be used in or on food, in or on drugs or devices, or in or on cosmetics (see section 721(a) ofthe Federal Food, Drug, and Cosmetic Act (FD&C Act) (21 U.S.C. 379e(a) and 21 CFR parts 73, 74, or 82 for a listing of color additives in cosmetics)). When we approve the use of a color additive, our regulations specify permitted uses and restrictions as well as labeling requirements. With respect to your request that we issue guidance for the ""appropriate use of colorants in feminine hygiene cosmetics",https://www.regulations.gov/document/FDA-2015-P-3020-0009
FDA-2015-P-1924-0007,FDA-2015-P-1924,Citizen Petition Denial Response Letter from FDA C,FDA C,,Denied,Substantive - FDA Disagrees,medium,not support,"tion, you requested that “[u]pon the receipt and review of any premarket notification submitted under section 510(k) of the Act for the Zeltiq CoolSculpting System or a similar Zeltiq device for treatment of the submentum,” FDA “issue an order declaring the device to be not substantially equivalent (NSE) to any legally marketed predicate device if the notification does not demonstrate the same intended use as a predicate device, or in the alternative, if it is not supported by clinical evidence necessary to demonstrate the safe and effective use of the device for the proposed indication of submental fat reduction.” In your petition, you stated that the FDA-cleared lipolysis indications for the Zeltiq CoolSculpting System are limited to the thigh, abdomen, and flank treatment areas. To support your statement, you provide a table that you describe as highlighting the regulatory history of the Zeltiq CoolSculpting System by summarizing the main indications cleared by FDA as well as additional cleared indications in Attachme",https://www.regulations.gov/document/FDA-2015-P-1924-0007
FDA-2016-P-2955-0088,FDA-2016-P-2955,Response from FDA CBER to Nicholas Isel Redacted,FDA CBER to Nicholas Isel Redacted,CBER,Denied,Procedural - Administrative Deficiency,medium,regulation,"exist. We appreciate your concern. However, after careful review and consideration, we deny the Petition for the reasons set forth below. Page 2 – Nicholas Isel DISCUSSION I. BACKGROUND FDA is an agency within the Department of Health and Human Services (HHS) and, by delegation from the Surgeon General and the Secretary of HHS, has authority under section 361 of the PHS Act to: make and enforce such regulations as in [FDA’s] judgment are necessary to prevent the introduction, transmission, or spread of communicable diseases from foreign countries into the States or possessions, or from one State or possession into any other State or possession. For purposes of carrying out and enforcing such regulations, [FDA] may provide for such inspection, fumigation, disinfection, sanitation, pest extermination, destruction of animals or articles found to be so infected or contaminated as to be sources of dangerous infection to human beings, and other measures, as in [FDA’s] judgment may be necessary. PHS A",https://www.regulations.gov/document/FDA-2016-P-2955-0088
FDA-2016-P-2955-0339,FDA-2016-P-2955,Denial letter on petition and petition for reconsi,,,Denied,Procedural - Administrative Deficiency,high,"administrative, 21 cfr 10, cfr 10","14 mrozovics@rozovicslaw.com RE: Request for Review under 21 CFR 10.75 Ms. Rozovics: The purpose of this letter is to notify you that I am denying your request for review under 21 CFR 10.75, which you submitted on behalf of Nicholas Isel. Your request seeks review of a decision made by Lowell Schiller, Principal Associate Commissioner for Policy, with respect to your previous request for administrative reconsideration under 21 CFR 10.33. I have determined, in my discretion, that additional agency review is not warranted. As evidenced by the written decisions denying both your original citizen petition and your petition for reconsideration, the agency has already thoroughly reviewed your arguments and the information submitted in support. Sincerely, Stephen M. Hahn, M.D. Commissioner of Food and Drugs cc: Lowell Schiller, J.D., Pri",https://www.regulations.gov/document/FDA-2016-P-2955-0339
FDA-2016-P-1249-0004,FDA-2016-P-1249,Citizen Petition Denial Response from FDA CDER to ,FDA CDER to,CDER,Denied,Procedural - Administrative Deficiency,high,"21 cfr 10, cfr 10, submission","21 CFR 10.30 generally govern the submission and review of citizen petitions. Under § 10.30(k), citizen petitions may not be used for ""the referral of a matter to a United States attorney for the initiation of court enforcement action and related correspondence."" The Petition asserts that its ""requested action is appropriate subject matter for a petition"" because it ""does not seek referral of a matter to a United States attorney for the initiation of court enforcement action.""4 According to the Petition, § 10.30(k) ""refers only to court enforcement action by a United States Attorney.""5 But by its terms, § 10.30(k) not only excludes requests for referrals to a U.S. Attorney from the Agency's citizen I Petition at I . 2 ld. at 4. 3 Id. at 2. The Petition also asserts that PAI's potassium chloride oral solution drug products raise patient safety concerns because of the amount of alcohol they contain as an excipient. Id. at 3-4. To support the assertion that PAi's prescription drug products raise safety concerns because of the",https://www.regulations.gov/document/FDA-2016-P-1249-0004
FDA-2016-P-4591-0003,FDA-2016-P-4591,Petition denial letter from FDA CDER to   Hyman  P,FDA CDER to   Hyman  P,CDER,Denied,Other Denial Reason,low,,"List"" (Discontinued Section) of the Orange Book. The Agency determined that Decadron was not withdrawn from sale for reasons of safety and efficacy; that determination was published in the Federal Register on May 23, 2007.4 In addition, FDA updated the Orange Book to designate Dexamethasone Tablets, 6 mg, approved under ANDA 088316, held by West-Ward Pharmaceuticals International Ltd, as a reference standard for Dexamethasone Tablets.5 The ""reference standard"" is the drug product selected by FDA that an ANDA applicant must use in conducting an in vivo bioequivalence study required for approval.6 Generally, FDA will designate a single reference standard, which for multi-strength products is 1 The Orange Book is available at http://www.accessdata.fda.gov/scripts/cder/ob/default.cfm. 2 See Dexamethasone Tablet; Oral, Orange Book, available at https://www.accessdata.fda.gov/scripts/cder/ob/default.cfm. 3 See id. 4 See 72 Fed. Reg. 28982,28984 (May 23, 2007). 5 See Dexamethasone Tablet; Oral, Orange Book. 6 See 21 CFR 314.3",https://www.regulations.gov/document/FDA-2016-P-4591-0003
FDA-2016-P-2738-0004,FDA-2016-P-2738,Petition Response Letter from FDA CDER to Metaboli,FDA CDER to Metaboli,CDER,Denied,Procedural - Administrative Deficiency,medium,submission,"nited States after the beginning of the OTC drug review in 1 972 or (ii) conditions without any U.S. marketing experience. 7 A condition includes an active ingredient or botanical drug substance (or combination ofboth), dosage form, dosage strength, and route of administration, marketed for a specific OTC use. 8 If conditions marketed in the United States after the beginning of the OTC drug review in 1972 and those without any U.S. marketing experience have been marketed OTC to a material extent and for a material time, they may be detennined to be eligible for potential inclusion through submission of a time and extent application (TEA) in accordance with 21 CFR 330.14.9 Alternatively, interested persons may seek FDA approval of an OTC drug using an NDA pursuant to section 505 of the Act. 10 II. DISCUSSION A. Determination of Eligibility for OTC Drug Review Using Citizen Petition Process In the Petition, you request that FDA amend the OTC drug monograph for acne drug products to ""indicate that chromium is safe and effe",https://www.regulations.gov/document/FDA-2016-P-2738-0004
FDA-2016-P-3509-0003,FDA-2016-P-3509,Petition Denial Response from CDER,CDER,CDER,Denied,Procedural - Administrative Deficiency,medium,submission,"nited States after the beginning of the OTC drug review in 1972 or (ii) conditions without any U.S. marketing experience.7 A condition includes an active ingredient or botanical drug substance (or combination of both), dosage form, dosage strength, and route of administration, marketed for a specific OTC use.8 If conditions marketed in the United States after the beginning of the OTC drug review in 1972 and those without any U.S. marketing experience have been marketed OTC to a material extent and for a material time, they may be determined to be eligible for potential inclusion through submission of a time and extent application (TEA) in accordance with 21 CFR 330.14.9 Alternatively, interested persons may seek FDA approval of an OTC drug using an NDA pursuant to section 505 ofthe Act. 10 II. DISCUSSION A. Determination of Eligibility for OTC Drug Review Using Citizen Petition Process In the Petition, you request that FDA amend the OTC drug monograph for external analgesic drug products ""to indicate that melatonin and",https://www.regulations.gov/document/FDA-2016-P-3509-0003
FDA-2017-P-4939-0006,FDA-2017-P-4939,Petition Response from FDA CDRH to Chul Hi Park Re,FDA CDRH to Chul Hi Park Re,CDRH,Denied,Other Denial Reason,low,,"retrospectively. Additionally, for retrospective review, you request FDA “develop a set of standardized performance tests” that manufacturers would be required to conduct, publicize, and revise labeling accordingly. 1. Performance Tests Your petitions all focus on tests relating to surgical application of stapler devices on the lungs and digestive tract. You specifically request that the Agency require manufacturers conduct “risk analysis associated with application of the device…with special focus on physiological motion of the organ…;”2 and “with the manner with which the Device is used in surgical applications to perform resection, transection and/or creation of anastomosis …often resulting in creation of a staple line (tissue fastening) patterns or configurations of simple to very complex geometries with special focus on dependence of physiological load distribution on the staple line geometry and on the anatomical disposition of the staple line on the host organ.”3 You also request that the Agency develop a set o",https://www.regulations.gov/document/FDA-2017-P-4939-0006
FDA-2017-P-5787-0242,FDA-2017-P-5787,Final Response Letter from FDA CDER to Post Finast,FDA CDER to Post Finast,CDER,Denied,Procedural - Already Addressed/Moot,medium,current,"nd other relevant data available to the Agency. Based on our review of these materials and for the reasons described below, the Petition is denied in part and granted in part. I. FINASTERIDE (PROPECIA AND PROSCAR) )LQDVWHULGHLVDĮ-reductase inhibitor that reduces the conversion of testosterone to Į- dihydrotestosterone. Two finasteride products are currently available in the United States. FDA’s Division of Urology, Obstetrics, and Gynecology (formerly the Division of Bone, Reproductive, and Urologic Products) approved finasteride, 5 mg (Proscar, NDA 020180), on June 19, 1992, for the treatment of symptomatic benign prostatic hyperplasia (BPH). The Division of Dermatology and Dentistry (formerly the Division of Dermatology and Dental Products) approved finasteride, 1 mg (Propecia, NDA 020788), on December 19, 1997, for the treatment of male pattern hair loss (androgenic alopecia) in men. Generic versions are available for both products. 1 Male pattern hair loss is also referred to, interchangeably, as m",https://www.regulations.gov/document/FDA-2017-P-5787-0242
FDA-2017-P-0052-0203,FDA-2017-P-0052,Response letter from FDA CBER to Donor Sibling Reg,FDA CBER to Donor Sibling Reg,CBER,Denied,Procedural - Administrative Deficiency,medium,regulation,"rsight of the gamete donation industry. However, after careful review and consideration, we deny the Petition for the reasons set forth below. DISCUSSION I. BACKGROUND FDA is an agency within the Department of Health and Human Services (HHS) and, by delegation from the Surgeon General and the Secretary of HHS, has authority under section 361 of the Public Health Service Act (PHS Act) to: Page 2 – Wendy Kramer make and enforce such regulations as in [FDA’s] judgment are necessary to prevent the introduction, transmission, or spread of communicable diseases from foreign countries into the States or possessions, or from one State or possession into any other State or possession. For purposes of carrying out and enforcing such regulations, [FDA] may provide for such inspection, fumigation, disinfection, sanitation, pest extermination, destruction of animals or articles found to be so infected or contaminated as to be sources of dangerous infection to human beings, and other measures, as in [FDA’s] judgment may",https://www.regulations.gov/document/FDA-2017-P-0052-0203
FDA-2017-P-5954-0006,FDA-2017-P-5954,Petition Denial Letter from FDA CDER to Elite Labo,FDA CDER to Elite Labo,CDER,Denied,Procedural - Already Addressed/Moot,medium,current,"mpax, is suitable to use as a reference standard because the currently listed RLD is unavailable in the marketplace and ANDA 076-856 relies on Dantrium (NDA 017-443) as its RLD.1I Specifically, you state that ANDA 076-856 ""is the only currently available 100 mg [d]antrolene [s]odium product [in the marketplace] (and the only available product listed in the FDA Orange Book).""I2 4 Id. 5 Id. 6 21 CFR 314.94(a)(3). 7 ""Therapeutic equivalents are approved drug products that are pharmaceutical equivalents for which bioequivalence has been demonstrated, and that can be expected to have the same clinical effect and safety profile when administered to patients under the conditions specified in the labeling?' (§ 314.3(b)). 8 Abbreviated New Drug Applications and 505(6)(2) Applications, 81 FR 69580 at 69619 (Oct. 6, 2016). 9 Petition at 1. We understand your Petition and supplement to request that the Agency name an additional reference standard, not a new RLD, for this drug product and respond accordingly. 1° Id. "" Id. 1",https://www.regulations.gov/document/FDA-2017-P-5954-0006
FDA-2017-P-4372-0004,FDA-2017-P-4372,Petition Denial Letter from FDA CFSAN to AEGIS,FDA CFSAN to AEGIS,CFSAN,Denied,Procedural - Administrative Deficiency,medium,"regulation, moot, scope","(e)(3) and (k), and for the reasons stated below, we are denying your petition for two reasons. First, to the extent you are requesting that FDA take enforcement action against specific cosmetic products (i.e., Hair Pearl and other hair 'tinting' products emanating"" from Hair Pearl and its origin companies), we deny this request because requests that FDA initiate enforcement actions are not within the scope of our citizen petition regulations. See 21 CFR 1 0.30(k). To the extent that your request can be read more broadly as requesting that we prohibit the entry of foreign cosmetics such as Hair Pearl or ""other hair 'tinting' products emanating"" from Hair Pearl and its origin companies, we are denying your petition as moot, because such products are covered by Import Alert 53-04, ""Detention Without Physical Examination of Eyelash and Eyebrow Dyes Containing Coal-Tar"" (available at https://www.accessdata.fda.gov/cms ia/ impmialert 128.html). This Import Alert was initiated in 1982 when it was noted that, upon chemical analys",https://www.regulations.gov/document/FDA-2017-P-4372-0004
FDA-2018-P-3896-0006,FDA-2018-P-3896,Petition Response from FDA CDRH to Chul Hi Park Re,FDA CDRH to Chul Hi Park Re,CDRH,Denied,Other Denial Reason,low,,"retrospectively. Additionally, for retrospective review, you request FDA “develop a set of standardized performance tests” that manufacturers would be required to conduct, publicize, and revise labeling accordingly. 1. Performance Tests Your petitions all focus on tests relating to surgical application of stapler devices on the lungs and digestive tract. You specifically request that the Agency require manufacturers conduct “risk analysis associated with application of the device…with special focus on physiological motion of the organ…;”2 and “with the manner with which the Device is used in surgical applications to perform resection, transection and/or creation of anastomosis …often resulting in creation of a staple line (tissue fastening) patterns or configurations of simple to very complex geometries with special focus on dependence of physiological load distribution on the staple line geometry and on the anatomical disposition of the staple line on the host organ.”3 You also request that the Agency develop a set o",https://www.regulations.gov/document/FDA-2018-P-3896-0006
FDA-2018-P-0564-0007,FDA-2018-P-0564,Final Response Letter from FDA CFSAN to Panera  LL,FDA CFSAN to Panera  LL,CFSAN,Denied,Procedural - Administrative Deficiency,medium,format,"e reasons stated in Section II of this response, we are denying your petition. I. Background Your petition states that you chose to use “egg” in the name of your breakfast sandwiches because you use a whole, shell egg to craft them, but you found that some foodservice and retail competitors use the same term, “egg,” within their product names and product descriptions to describe menu items that contain egg patties or egg products containing food additives (petition at page 2). Your petition notes that use of the term “egg” within the product name and product descriptions are potentially confusing to the consumer because: • The term “egg” has no definition under 21 CFR 160.100, and so neither you nor your competitors have a basis for evaluating the use of the term; and • Many place a food order based on product name or description only (without viewing any ingredient information), so consumers may order an “egg” yet receive an “egg product.” Petition at page 3. Page 2 - Sara Burnett Your petition ther",https://www.regulations.gov/document/FDA-2018-P-0564-0007
FDA-2018-P-3951-0005,FDA-2018-P-3951,Petition Response from FDA CDRH to Chul Hi Park Re,FDA CDRH to Chul Hi Park Re,CDRH,Denied,Other Denial Reason,low,,"retrospectively. Additionally, for retrospective review, you request FDA “develop a set of standardized performance tests” that manufacturers would be required to conduct, publicize, and revise labeling accordingly. 1. Performance Tests Your petitions all focus on tests relating to surgical application of stapler devices on the lungs and digestive tract. You specifically request that the Agency require manufacturers conduct “risk analysis associated with application of the device…with special focus on physiological motion of the organ…;”2 and “with the manner with which the Device is used in surgical applications to perform resection, transection and/or creation of anastomosis …often resulting in creation of a staple line (tissue fastening) patterns or configurations of simple to very complex geometries with special focus on dependence of physiological load distribution on the staple line geometry and on the anatomical disposition of the staple line on the host organ.”3 You also request that the Agency develop a set o",https://www.regulations.gov/document/FDA-2018-P-3951-0005
FDA-2019-P-1818-0008,FDA-2019-P-1818,Agency Response Letter from FDA CDER to Public Cit,FDA CDER to Public Cit,CDER,Denied,Procedural - Administrative Deficiency,medium,format,"n addition, in January 2017, following a clinical review by FDA, the Agency agreed with Amgen’s proposal to add information concerning post-discontinuation vertebral fractures to the Prolia labeling, including a warning and precaution because of the potential for serious, irreversible disability, and the likelihood that prescriber awareness would avert some of these events (2017 Supplement). The ADVERSE REACTIONS section of the labeling was also modified in 2017 to address the risk of multiple vertebral fractures. The new language regarding vertebral fractures added to the WARNINGS AND PRECAUTIONS section is as follows: 5.6 Multiple Vertebral Fractures (MVF) Following Discontinuation of Prolia Treatment Following discontinuation of Prolia treatment, fracture risk increases, including the risk of multiple vertebral fractures. Cessation of Prolia treatment results in markers of bone resorption increasing above pretreatment values then returning to pretreatment values 24 months after the last dose of Prolia. In addition, bo",https://www.regulations.gov/document/FDA-2019-P-1818-0008
FDA-2019-P-4670-0008,FDA-2019-P-4670,Response Letter from FDA CFSAN to Lonza Inc,FDA CFSAN to Lonza Inc,CFSAN,Denied,Procedural - Administrative Deficiency,high,"21 cfr 10, cfr 10, existing","page 1. In accordance with 21 CFR 10.30(e)(3), we are denying your petition for the reasons stated below. I. FDA’s Actions Regarding Dietary Fiber In the Federal Register of May 27, 2016, we published a final rule entitled, “Food Labeling: Revision of the Nutrition and Supplement Facts Labels” (81 FR 33742). The final rule, among other things, defines dietary fiber as “non-digestible soluble and insoluble carbohydrates (with 3 or more monomeric units), and lignin that are intrinsic and intact in plants; isolated or synthetic non-digestible carbohydrates (with 3 or more monomeric units) determined by FDA to have physiological effects that are beneficial to human health” (see 21 CFR 101.9(c)(6)(i)). In the final rule, we identified seven isolated or synthetic non-digestible carbohydrates that have a physiological effect that is beneficial to human health. We also stated that any interested person may seek to amend the listing of added fibers through the existing citizen petition process in 21 CFR 10.30.1 1 For",https://www.regulations.gov/document/FDA-2019-P-4670-0008
FDA-2019-P-6045-0021,FDA-2019-P-6045,Final Response Letter from FDA CFSAN to Hyman Phel,FDA CFSAN to Hyman Phel,CFSAN,Denied,Procedural - Administrative Deficiency,high,"21 cfr 10, cfr 10, format","10.30.1 In accordance with 21 CFR 10.30(e)(3), we are denying your petition. This letter sets out the basis for our determination that the strength of the scientific evidence does not show that the consumption of alpha-cyclodextrin has a physiological effect that is beneficial to human health. 1 For up-to-date information on the additional non-digestible carbohydrates that FDA has determined may be added to the definition of dietary fiber, see “Questions and Answers on Dietary Fiber,” available at http://www.fda.gov/food/food-labeling-nutrition/questions-and-answers-dietary-fiber#synthetic_fibers. Page 2 – Mr. Ricardo Carvajal I. FDA’s Consideration of the Scientific Evidence Your petition requests that FDA add alpha-cyclodextrin to the list of dietary fibers in 21 CFR 101.9(c)(6)(i) on the grounds that alpha-cyclodextrin “attenuates the postprandial blood glucose levels of a starch-based, high-glycemic meal” (Petition at page 1). In the Federal Register of March 2, 2018 (83 FR 8997), we announced",https://www.regulations.gov/document/FDA-2019-P-6045-0021
FDA-2019-P-4003-0010,FDA-2019-P-4003,Denial Response from FDA CDER to Lisa Myslinski Re,FDA CDER to Lisa Myslinski Re,CDER,Denied,Procedural - Administrative Deficiency,medium,format,"ufacturing, processing, or developing a drug.” Because you are a requestor, as defined in section 505G(q)(3) of the FD&C Act and your Petition requests a type of relief that could be sought under an OMOR (see 505G(b)(5) of the FD&C Act), the citizen petition process is no longer the appropriate procedure for addressing your request, and your Petition is denied. Please note that information about the OMOR process is available on FDA’s website2 should you pursue that process for your request.3 Sincerely, Douglas C. Digitally signed by Douglas C. Throckmorton -S Throckmorton -S Date: 2023.05.17 14:32:30 Patrizia Cavazzoni, M.D. Director Center for Drug Evaluation and Research 2 See OTC Drug Review Process | OTC Drug Monographs, available at https://www.fda.gov/drugs/otc-drug-review- process-otc-drug-monographs; see also Over-the-Counter (OTC) Drug Review | OTC Monograph Reform in the CARES Act, available at https://www.fda.gov/drugs/over-counter-otc-nonprescription-drugs/ove",https://www.regulations.gov/document/FDA-2019-P-4003-0010
FDA-2021-P-0700-0004,FDA-2021-P-0700,Final Response Letter from FDA CVM to Eric Nault  ,FDA CVM to Eric Nault,CVM,Denied,Procedural - Administrative Deficiency,high,"21 cfr 10, cfr 10, current","FDA-2021-P-0436, which requested the same action, we are denying your petition. However, though we are not granting your specific request(s), the enclosed response explains that we will not be entering into a new MOU with AAFCO when the current MOU expires on October 1, 2024. Sincerely, Tracey H. Forfa, J.D., M. of Div. Director, Center for Veterinary Medicine Enclosure (b) (6) Finally, you assert that the same attorney who provides legal counsel to the American Feed Industry Association (AFIA) also represents AAFCO, presenting what you characterize as a “massive conflict of interest for the interests of public ‘regulators’ to be represented by the same attorney that represents the interests of the so called ‘regulated.’” In accordance with 21 CFR 10.30(e) and for the reasons set forth below, we are denying your petition. However, though we are not granting your specific requests, we explain that we will not be entering into a new MOU with AAFCO. Background The Federal Food, Drug, and Cosmetic Act (FD&C Act",https://www.regulations.gov/document/FDA-2021-P-0700-0004
FDA-2022-P-0213-0004,FDA-2022-P-0213,Final Response Letter from FDA CVM to Leslie Novos,FDA CVM to Leslie Novos,CVM,Denied,Procedural - Administrative Deficiency,high,"21 cfr 10, cfr 10, current","FDA-2021-P-0436, which requested the same action, we are denying your petition. However, though we are not granting your specific request(s), the enclosed response explains that we will not be entering into a new MOU with AAFCO when the current MOU expires on October 1, 2024. Sincerely, Tracey H. Forfa, J.D., M. of Div. Director, Center for Veterinary Medicine Enclosure (b) (6) Finally, you assert that the same attorney who provides legal counsel to the American Feed Industry Association (AFIA) also represents AAFCO, presenting what you characterize as a “massive conflict of interest for the interests of public ‘regulators’ to be represented by the same attorney that represents the interests of the so called ‘regulated.’” In accordance with 21 CFR 10.30(e) and for the reasons set forth below, we are denying your petition. However, though we are not granting your specific requests, we explain that we will not be entering into a new MOU with AAFCO. Background The Federal Food, Drug, and Cosmetic Act (FD&C Act",https://www.regulations.gov/document/FDA-2022-P-0213-0004
FDA-2022-P-0253-0004,FDA-2022-P-0253,Final Response Letter from FDA CVM to Tyler Burch ,FDA CVM to Tyler Burch,CVM,Denied,Procedural - Administrative Deficiency,high,"21 cfr 10, cfr 10, current","FDA-2021-P-0436, which requested the same action, we are denying your petition. However, though we are not granting your specific request(s), the enclosed response explains that we will not be entering into a new MOU with AAFCO when the current MOU expires on October 1, 2024. Sincerely, Tracey H. Forfa, J.D., M. of Div. Director, Center for Veterinary Medicine Enclosure (b) (6) Finally, you assert that the same attorney who provides legal counsel to the American Feed Industry Association (AFIA) also represents AAFCO, presenting what you characterize as a “massive conflict of interest for the interests of public ‘regulators’ to be represented by the same attorney that represents the interests of the so called ‘regulated.’” In accordance with 21 CFR 10.30(e) and for the reasons set forth below, we are denying your petition. However, though we are not granting your specific requests, we explain that we will not be entering into a new MOU with AAFCO. Background The Federal Food, Drug, and Cosmetic Act (FD&C Act",https://www.regulations.gov/document/FDA-2022-P-0253-0004
FDA-2022-P-1407-0003,FDA-2022-P-1407,Final Response Letter from FDA CVM to Harry Duty R,FDA CVM to Harry Duty R,CVM,Denied,Procedural - Administrative Deficiency,high,"administrative, 21 cfr 10, cfr 10","rmation Act].” For the reason described below, we are denying your petition in accordance with 21 CFR 10.30(e)(3). However, we are pleased to let you know that since our May 20, 2022, response to your earlier petition (FDA-2022-P-0119) requesting that we hire two additional FOIA staff for the Center for Veterinary Medicine (CVM), we have done so. Your petition contains several questions regarding CVM’s FOIA program, including staffing and funding of that program.1 However, your petition does not ask the Commissioner to take a specific administrative action, which is an element of citizen petitions. Our regulations at 21 CFR 10.30(b)(3) require that a petition request the Commissioner to issue, amend, or revoke a regulation or order, or take or refrain from taking any other form of administrative action. Your petition does not request such action. 1 These questions are: • Is FDA-CVM hiring two additional employees as part of the efforts CVM stated are already underway? • Is FDA-CVM aiming to hire more than",https://www.regulations.gov/document/FDA-2022-P-1407-0003
FDA-2022-P-0356-0004,FDA-2022-P-0356,Final Response Letter from FDA CVM to Shasta Evans,FDA CVM to Shasta Evans,CVM,Denied,Procedural - Administrative Deficiency,high,"administrative, 21 cfr 10, cfr 10","FDA-2021-P-0436, which requested the same action, we are denying your petition. In addition, we are denying your petition because it does not meet the required elements of a citizen petition. FDA regulations at 21 CFR 10.30(b)(3)(B) state that the petition must include, among other things, a Statement of Grounds containing “[a] full statement, in a well-organized format, of the factual and legal grounds on which the petitioner relies, including all relevant information and views on which the petitioner relies, as well as representative information known to the petitioner which is unfavorable to the petitioner's position.” Your Statement of Grounds states only the following: I request FDA to immediately withdraw from MOU 225-07-7001, and instead start holding PUBLIC meetings where regulations for animal feed ingredients are developed publicly, in compliance with § 553 of the Administrative Procedure Act. FDA should hold these public meetings, and all aspects of adopting animal feed ingredients should comply with requireme",https://www.regulations.gov/document/FDA-2022-P-0356-0004
FDA-2022-P-0063-0004,FDA-2022-P-0063,Final Response Letter from FDA CVM to Krysta Fox  ,FDA CVM to Krysta Fox,CVM,Denied,Procedural - Administrative Deficiency,high,"21 cfr 10, cfr 10, current","FDA-2021-P-0436, which requested the same action, we are denying your petition. However, though we are not granting your specific request(s), the enclosed response explains that we will not be entering into a new MOU with AAFCO when the current MOU expires on October 1, 2024. Sincerely, Tracey H. Forfa, J.D., M. of Div. Director, Center for Veterinary Medicine Enclosure (b) (6) Finally, you assert that the same attorney who provides legal counsel to the American Feed Industry Association (AFIA) also represents AAFCO, presenting what you characterize as a “massive conflict of interest for the interests of public ‘regulators’ to be represented by the same attorney that represents the interests of the so called ‘regulated.’” In accordance with 21 CFR 10.30(e) and for the reasons set forth below, we are denying your petition. However, though we are not granting your specific requests, we explain that we will not be entering into a new MOU with AAFCO. Background The Federal Food, Drug, and Cosmetic Act (FD&C Act",https://www.regulations.gov/document/FDA-2022-P-0063-0004
FDA-2022-P-0777-0003,FDA-2022-P-0777,Final Response from FDA CVM to Donavan Melton Reda,FDA CVM to Donavan Melton Reda,CVM,Denied,Procedural - Administrative Deficiency,high,"21 cfr 10, cfr 10","above and in accordance with 21 CFR 10.30(e)(3), we are denying your petition. Sincerely, Steven M. Solomon, DVM, MPH Director, Center for Veterinary Medicine 1 21 CFR 10.30(b)(3), Section A. Action Requested, paragraph (1) Steven Solomon -S Digitally signed by Steven Solomon -S Date: 2022.10.27 14:21:24 -04'00'",https://www.regulations.gov/document/FDA-2022-P-0777-0003
FDA-2022-P-0324-0004,FDA-2022-P-0324,Response Letter from FDA CDER to Karl Schwartz,FDA CDER to Karl Schwartz,CDER,Denied,Other Denial Reason,low,,"nical trialists, drug sponsors, and Institutional Review Boards regarding the need to capture and compare QoL-PROs as secondary (supplemental) endpoints – particularly when the primary endpoint is a surrogate for clinical benefit based on tumor imaging. • Help to set standards for secondary QoL-PRO reporting, beginning with ClinicalTrials.gov. This so that what is reported can be readily utilized to interpret the study results in order to guide clinical practice and better- informed patient choice. (Petition at 6). FDA has carefully considered your Petition and acknowledges the importance of the issues it raises. Incorporating the patient voice into regulatory decision-making is a priority for FDA. Although PRO measures are not the focus of the 2018 Guidance, in June 2021, FDA published the draft guidance for industry titled Core Patient-Reported Outcomes in Cancer Clinical Trials (Core Outcomes Guidance).1 In the Core Outcomes Guidance, FDA acknowledges the potential added value of incorporating PRO measures of s",https://www.regulations.gov/document/FDA-2022-P-0324-0004
FDA-2022-P-0392-0013,FDA-2022-P-0392,Final Response  Letter from FDA CFASN to American ,FDA CFASN to American,,Denied,Other Denial Reason,low,,"published as a scientific manuscript in the peer-reviewed literature. 3. After steps 1 and 2 are complete, FDA should release protocols for the method in FDA’s Bacteriological Analytical Manual (BAM) that are sufficiently detailed to enable the method to be evaluated and reliably reproduced by the relevant scientific community. 4. FDA should convene an international panel of experts (including members from within FDA such as MOD 1, the [Centers for Disease Control and Prevention (CDC)], [the United States Department of Agriculture’s (USDA’s)] Food Safety and Inspection Service, and academia) with expertise in virology and microbial risk assessments in Page 2 - Alison Bodor foods, tasked with establishing transparent and risk-based interpretive criteria, including sample positivity and negativity criteria, for interpreting RT-qPCR tests of enteric viruses in soft fruits, as well as interpretive criteria for results confirmed through sequencing. The panel’s findings should be made publicly available, and the ag",https://www.regulations.gov/document/FDA-2022-P-0392-0013
FDA-2022-P-0122-0004,FDA-2022-P-0122,Agency Response Letter from FDA CBER to Jianqing W,FDA CBER to Jianqing W,CBER,Denied,Procedural - Administrative Deficiency,high,"regulation, format","file this petition without any peer comment and review. The extraordinary circumstance justifies this decision. I hope that public readers of this petition will provide constructive feedback during the review period. Therefore, Petitioner requests FDA to grant a permission to file one to more updated petitions to clarify all difficulties that may inherently arise from evaluating two different science frameworks. Petition at 1-2. This letter responds to the Petition in full. We have carefully reviewed the Petition and other information available to the Agency. Based on our review of these materials, and for the reasons described below, we conclude that the Petition does not contain facts demonstrating any reasonable grounds for the requested actions. In accordance with Title 21 CFR (Code of Federal Regulations)10.30(e)(3), and for the reasons stated below, FDA is denying the Petition. 3 Here is an outline of our response: I. Background II. Vaccines that Are FDA-Licensed or Receive an Emergency",https://www.regulations.gov/document/FDA-2022-P-0122-0004
FDA-2007-P-0293-0008,FDA-2007-P-0293,FDA/CDER Response to David K. Richardson - Petition Denial,David K. Richardson,CDER,Denied,Procedural - Already Addressed/Moot,high,"regulation, compliance, moot","ur knowledge, they remain off the market today. 2 Because the product addressed in your Petition is no longer on the market, we are denying this portion of your Petition as moot. Your second request asks that FDA set additional safety standards for the homeopathic industry as a whole (Petition at 3). Nothing in the Federal Food, Drug, and Cosmetic Act (the FD&C Act) or the regulations issued under it exempts homeopathic drugs from the new drug approval requirements in section 505(a) of the FD&C Act (21 U.S.C. 355(a)), including the requirement that they be both safe and effective. Furthermore, homeopathic drugs must be manufactured in conformance with current good manufacturing practice (see FDA regulations in 21 CFR part 211). We do not believe that additional safety standards above and beyond those for other new drugs are appropriate for homeopathic drug products. We acknowledge that many homeopathic drug products are manufactured and distributed without FDA approval under enforcement policies set out in the FDA's Compliance Policy",
FDA-2000-P-0252-0013,FDA-2000-P-0252,Petition Denial Response Letter from FDA CDRH to B,FDA CDRH to B,CDRH,Denied,Procedural - Administrative Deficiency,medium,submission,"safety and effectiveness and that devoting agency review resources to such submissions would not advance its public health mission. See 61 FR 1117 (January 16, 1996). Without disturbing FDA's authority under section 513(d)(2)(A), Congress subsequently created an express presumption in law that submission of a 5 lO(k) is not necessary to assure the safety and effectiveness of most class I devices. Thus, under section 510(1), class I devices are not subject to premarket notification requirements unless FDA concludes that they are ""intended for a use which is of substantial importance in preventing the impairment of human health,"" or ""present a potential unreasonable risk of illness or injury."" See FDCA § 510(1), 21 U.S.C. § 360(1). Your petition asks the agency to undertake rulemaking that would require the submission of 51 O(k)s for all members of the reprocessed subset of this generic device type. You contend specifically that reprocessed non-electric biopsy forceps intended for use in gastroenterology/urology (G/U) presen",https://www.regulations.gov/document/FDA-2000-P-0252-0013
FDA-2008-P-0452-0011,FDA-2008-P-0452,Citizen Petition Denial Response Letter from FDA C,FDA C,,Denied,Procedural - Administrative Deficiency,high,"21 cfr 10, cfr 10, regulation","Code of Federal Regulations (""CFR"") 10.30(e)(3), because the limited relevant evidence submitted in the petition and the petition supplement does not provide sufficient grounds for the Agency to revoke the soy protein and coronary heart disease (""CHD"") health claim at this time. In order for the Agency to support an action to revoke the 1999 Final Rule, the Agency would first need to evaluate the totality of publicly available scientific evidence to determine whether there is no longer significant scientific agreement to support the soy protein and CHD health claim (see section 403(r)(3)(B)(i) [21 U.S.C. 343(r)(3)(B)(i)]). Contrary to your representations, you have not presented sufficient data to FDA to demonstrate that the significant scientific agreement standard has not been met for this health claim. E.g., Petition at 1, FDA also denies your request for a hearing. Under 21 CFR 10.30(h), we may use a number of procedures in the review of a petition, including a meeting, a Federal Register notice requesting 1 The petit",https://www.regulations.gov/document/FDA-2008-P-0452-0011
FDA-2011-P-0642-0016,FDA-2011-P-0642,Final Response from FDA CDER to Center for Inquiry,FDA CDER to Center for Inquiry,CDER,Denied,Procedural - Premature/Pending,medium,before,"tion 201(p) of the FD&C Act). Under the OTC Drug Review, FDA makes GRAS/E determinations for nonprescription drugs marketed without an approved drug application (see section 505G of the FD&C Act; 21 CFR Part 330). FDA has not reviewed any homeopathic drug products under the OTC Drug Review because the Agency 2 For purposes of this response, we refer to a 'homeopathic drug product' as a drug product that is labeled as “homeopathic.” Docket No. FDA-2011-P-0642 3 placed homeopathic drug products in a separate category and deferred consideration of them (37 FR 9464 at 9466 (May 11, 1972)). Under section 505(a) of the FD&C Act (21 U.S.C. 355(a)), before any “new drug” is marketed, it must be the subject of an approved application submitted pursuant to section 505(b) or section 505(j) of the FD&C Act. The requirements in section 505 of the FD&C Act apply to biological products regulated under section 351 of the Public Health Service Act (PHS Act) (42 U.S.C. 262); howev",https://www.regulations.gov/document/FDA-2011-P-0642-0016
FDA-2011-P-0884-0003,FDA-2011-P-0884,FDA CDER to Lenard Thylan  Petition Denial,Lenard Thylan  Petition Denial,CDER,Denied,Procedural - Administrative Deficiency,medium,format,"d your Petition. For the reasons explained below, we are denying your Petition. Although we are denying your Petition, we recognize and appreciate your serious concerns about transitioning your medical therapy. Generally the most appropriate place for a patient to raise these types of concerns is with his or her healthcare provider. We therefore strongly recommend that you speak with your healthcare provider(s) as soon as possible regarding your treatment concerns. I. BACKGROUND A. Mebaral (Mephobarbital) and Lundbeck's Product Discontinuation Mebaral (mephobarbital) is a barbiturate with sedative, hypnotic, and anticonvulsant properties. According to its manufacturer, H. Lundbeck A/S (Lundbeck), it became available for use in 1935. 1 Lundbeck labeled Mebaral as ""indicated for use as a sedative for the relief of anxiety, tension, and apprehension, and as an anticonvulsant for the treatment of gran mal and petit mal I See ""Mebaral (mephobarbital tablets, USP) Product Discontinuation Information,"" available at http://www",https://www.regulations.gov/document/FDA-2011-P-0884-0003
FDA-2012-P-0146-0005,FDA-2012-P-0146,Denial letter from CFSAN FDA to Center for Science,CFSAN FDA to Center for Science,CFSAN,Denied,Other Denial Reason,low,,"(CFR), section 10.30(e)(3)(21 CFR §10.30(e)(3)), we are denying the petition for the reasons discussed more fully below. We have determined that a performance standard of non-detectable for V vulnificus in raw or processed raw molluscan shellfish is not warranted at this time. Identification and implementation of control measures that are effective in managing the risk of V vulnificus, increased focus on adherence to the control measures by the shellfish industry and states, and increased oversight by FDA have resulted in a significant reduction in oyster-associated V vulnificus illnesses since 2013. I. Discussion .. A. Vibrio vulnificus V vulnificus is a gram negative, aquatic bacterium that inhabits coastal ecosystems where filter- feeding bivalve mollusks, such as oysters, grow. 1 It is a naturally occurring organism. Proliferation of V. vulnificus in aquatic ecosystems is affected by environmental conditions, 1 For a fuller discussion of V. vulnificus, please see Food and Drug Administration. Bad Bug Book, Foodborne",https://www.regulations.gov/document/FDA-2012-P-0146-0005
FDA-2012-P-0963-0004,FDA-2012-P-0963,Final Response Letter from FDA CDRH to Charles J  ,FDA CDRH to Charles J,CDRH,Denied,Procedural - Administrative Deficiency,high,"administrative, regulation, format","rding the regulation of same. We have carefully reviewed your petition, and in accordance with 21 CFR § 10.30(e), and for the reasons set forth below, your petition is denied.' In accordance with 21 CFR § 10.25, an interested person may submit a citizen petition to FDA requesting that the Agency ""issue, amend, or revoke a regulation or order"" or ""take or refrain from taking any other form of administrative action."" ""[I]f the petition requests the Commissioner to issue, amend, or revoke a regulation,"" under 21 CFR § 10.30, it must also be in accordance with certain format requirements, among other things, including providing ""the exact wording of the existing regulation (if any) and the proposed regulation or amendment requested"" 1 Since you filed your petition in 2012, there have been changes to the Federal Food, Drug, and Cosmetic Act, namely section 520(o), as well as guidance documents and policy tools to help assist others with understanding whether software falls within the definition of device and FDA's approach to",https://www.regulations.gov/document/FDA-2012-P-0963-0004
FDA-2014-P-1256-0004,FDA-2014-P-1256,Response Letter from FDA CDER to Public Citizen s ,FDA CDER to Public Citizen s,CDER,Denied,Procedural - Administrative Deficiency,high,"administrative, format","atients, consumers, and industry are under active consideration in Congress. See generally Over- the-Counter Drug Safety, Innovation, and Reform Act, S. 2315, I I Sth Cong. (20 18); Over-the-Counter Monograph Safety, Innovation, and Reform Act, H.R. 5333, II Sth Con g. (20 18); Executive Session: S. 2315 and Other Legislation: Hearing of the S. Com in. on Health, Education, Labor & Pensions, II Sth Cong. (20 I 8); Executive Session: H.R. 5333 and Other Legislation: Hearing of the H. Comm. on Energy & Commerce, !15th Cong. (20 18). Generally, a feature that is common to these proposed legislative reforms is that they would transform FDA's system of regulating OTC drugs from a rulemaking paradigm to an administrative order process. 2 Docket No. FDA-2014-P-1256 Thus, to the extent your Petition requests that the Agency issue a new proposed rule in the first instance to address this risk, the Petition is denied. Nonetheless, FDA continues to actively review safety and effectiveness data, including information regarding the risk",https://www.regulations.gov/document/FDA-2014-P-1256-0004
FDA-2014-P-0112-0004,FDA-2014-P-0112,Final Response Letter from FDA CDRH to NadaChair R,FDA CDRH to NadaChair R,CDRH,Denied,Procedural - Administrative Deficiency,high,"21 cfr 10, cfr 10, regulation","ribed below, in accordance with 21 CFR 10.30(e), we are denying your petition. Requests for Action In your petition, you specifically request that FDA do the following: ""[U]n-register [Nada-Chair] and de-list all [Nada-Chair] products from those requiring registration or regulation under the statutes and provisions of the FDA. . . . To be fair and equitable, the Commissioner must either free [Nada-Chair] from the need for yearly registration and listing of its products or greatly expand [FDA's] regulatory reach to include a large industry and universe of products that have historically escaped FDA supervision and regulation.""1 11. Rationale for Decision Your request appears to ask that your firm and its products be excluded from FDA regulation, including annual registration and listing requirements. You further allege that your firm ""is being singled out and unfairly regulated by the FDA causing undue burden in the conduct of its business.""2 Under section 510(b)(2) of the Federal Food, Drug, and Cosmetic Act (FD&C Act) (",https://www.regulations.gov/document/FDA-2014-P-0112-0004
FDA-2016-P-1171-0017,FDA-2016-P-1171,Final Response Letter from FDA CFSAN to Earthjusti,FDA CFSAN to Earthjusti,CFSAN,Denied,Other Denial Reason,low,,"n: This letter responds to your petition for reconsideration dated June 21, 2022 (Petition for Reconsideration submitted by Katherine K. O’Brien, Earthjustice, et al., to the Division of Dockets Management, Food and Drug Administration (“Reconsideration Petition”)). The Reconsideration Petition requests that the Food and Drug Administration (FDA or we) reconsider our May 12, 2022, response denying a citizen petition submitted by you and others to FDA on April 16, 2016 (“Original Petition”). The Original Petition requested that FDA prohibit the use of eight ortho-phthalates in food and revoke the prior-sanctioned uses for five ortho-phthalates in food. Specifically, the Original Petition asked us to: A) Add a new section to Part 189 of Title 21 prohibiting the use of eight ortho-phthalates as food contact substances that the Consumer Products Safety Commission’s (CPSC) Chronic Health Advisory Panel on Phthalates (CHAP) concluded are unsafe or the evidence indicates developmental health effects are likely. These phtha",https://www.regulations.gov/document/FDA-2016-P-1171-0017
FDA-2016-P-3968-0137,FDA-2016-P-3968,Citizen Petition Response to the International Pro,the International Pro,,Denied,Procedural - Administrative Deficiency,medium,"regulation, enforcement discretion","2-3. In accordance with 21 C.F.R. § 10.30(e)(3), after careful review and consideration of the Petition, we are denying the specific request to amend the dietary supplement labeling regulations to require probiotic ingredients to be declared in terms of CFUs. We are denying the specific request because, as explained in more detail below, we do not think those actions are appropriate at this time. We have, however, issued a draft guidance for industry titled ""Policy Regarding Quantitative Labeling of Dietary Supplements Containing Live Microbials: Guidance for Industry,"" which explains FDA's intent to exercise enforcement discretion with respect to declaration of live microbial quantity in CFUs in addition to the quantitative amount by weight within the Supplement Facts label of dietary supplements containing live microbials, provided that certain specified conditions are met. I. Background Under section 403(q)(5)(F) and (s)(2)(A)(ii) of the Federal Food, Drug, and Cosmetic Act (the FD&C Act) (21 U.S.C. 343(q)(5)(F) and (s",https://www.regulations.gov/document/FDA-2016-P-3968-0137
FDA-2017-P-4575-0202,FDA-2017-P-4575,Response Letter to Unilever for a 1 year Extension,Unilever for a 1 year Extension,,Denied,Enforcement Discretion,high,"limited resources, priorities","ent due date (February 24, 2024) to complete our review of your health claim petition regarding vegetable oil and coronary heart disease risk. Although we have made good progress in evaluating your petition, we find it necessary to request this additional extension due to our limited resources and competing priorities, such as those emanating from the recent White House Conference on Hunger, Nutrition, and Health. However, responding to your petition also remains a high priority for us. With this 1-year extension, we will notify you by February 24, 2025, that a proposed rule to provide use of the health claim will be published in the Federal Register, or that your petition is denied. Unless an extension for reaching a decision about the petition is mutually agreed upon between FDA and the petitioner, the petition would be deemed denied. Please reply to this letter (email is acceptable) and let me know if Unilever agrees to the 1-year extension we are requesting. Thank you again for your continuing patience and considerat",https://www.regulations.gov/document/FDA-2017-P-4575-0202
FDA-2017-P-4575-0198,FDA-2017-P-4575,Response Letter to Unilever for a 1 year Extension,Unilever for a 1 year Extension,,Denied,Enforcement Discretion,high,"limited resources, priorities","ent due date (February 24, 2022) to complete our review of your health claim petition. Although we have made significant progress in evaluating your petition during the past year, we find it necessary to request this additional extension due to our limited resources and competing priorities. However, I assure you that responding to your petition is also a high priority for us. With this 1-year extension, we will notify you by February 24, 2023 that a proposed rule to provide use of the health claim will be published in the Federal Register, or that your petition is denied. Unless an extension for reaching a decision about the petition is mutually agreed upon between FDA and the petitioner, the petition would be deemed denied. Please reply to this letter (email is acceptable) and let me know if Unilever agrees to the 1-year extension we are requesting. Thank you again for your continuing patience and consideration. If you have any questions concerning the petition, please contact me at 240-402-2082. Sincerely, Mark A. Kan",https://www.regulations.gov/document/FDA-2017-P-4575-0198
FDA-2017-P-4575-0196,FDA-2017-P-4575,Response Letter to Unilever for a 1 year Extension,Unilever for a 1 year Extension,,Denied,Enforcement Discretion,high,"limited resources, priorities","ate (February 24, 2021) in order to complete our review of your health claim petition. Although we have made good progress on your petition during the past year, we find it necessary to request this additional extension due to our limited resources and competing priorities. We have been engaged in many activities related to COVID, but please be assured that responding to your petition is a priority for us. With this 1-year extension, we will notify you by February 24, 2022 that a proposed rule to provide use of the health claim will be published in the Federal Register, or that your petition is denied. Unless an extension for reaching a decision about the petition is mutually agreed upon between FDA and the petitioner, the petition would be deemed denied. Please reply to this letter (email is acceptable) and let me know if Unilever agrees to the 1-year extension we are requesting. Thank you for your patience and consideration. If you have any questions concerning the petition, please contact me at 240-402-2082.",https://www.regulations.gov/document/FDA-2017-P-4575-0196
FDA-2017-P-4575-0200,FDA-2017-P-4575,Response Letter to Unilever for a 1 year Extension,Unilever for a 1 year Extension,,Denied,Enforcement Discretion,medium,limited resources,"ent due date (February 24, 2023) to complete our review of your health claim petition. We are continuing to work on responding to your petition in addition to our other high priority work. As you are aware, we have limited resources, and many of them have been devoted to responding to the nationwide infant formula shortage in recent months. With this 1-year extension, we would inform you of our decision by February 24, 2024 that a proposed rule to provide use of the health claim will be published in the Federal Register, or that your petition is denied. Unless an extension for reaching a decision about the petition is mutually agreed upon between FDA and the petitioner, the petition would be deemed denied. Please reply to this letter (email is acceptable) and let me know if Unilever agrees to the 1-year extension we are requesting. Thank you again for your continuing patience and consideration. If you have any questions concerning the petition, please contact me at 240-402-2082. Sincerely, Mark A. Kantor, Ph.D. Divi",https://www.regulations.gov/document/FDA-2017-P-4575-0200
FDA-2019-P-5394-0004,FDA-2019-P-5394,Response Letter from FDA CFSAN to Consumer Healthc,FDA CFSAN to Consumer Healthc,CFSAN,Denied,Procedural - Administrative Deficiency,high,"regulation, format","Shalala, 221 F.3d 1151, 1158 (10th Cir. 2000). A careful review of the history of Page 3 – Mr. Spangler and Ms. Murphy As part of this new framework for dietary supplement regulation, DSHEA also amended the FD&C Act by adding section 413 (21 U.S.C. 350b), which defines the term “new dietary ingredient” (NDI). Section 413(a)(2) of the FD&C Act (21 U.S.C. 350b(a)(2)) requires the manufacturer or distributor of an NDI, or of the dietary supplement that contains the NDI, to submit a premarket notification to FDA (an NDI notification, or NDIN) that contains information that is the basis on which the manufacturer or distributor has concluded that a dietary supplement containing the NDI will reasonably be expected to be safe, unless the exception set forth under section 413(a)(1) of the FD&C Act (21 U.S.C. 350b(a)(1)) applies. The manufacturer or distributor of an NDI, or of the dietary supplement that contains the NDI, must submit the NDIN pursuant to 21 CFR 190.6 (§ 190.6).4 FDA reviews an NDIN to determine whether",https://www.regulations.gov/document/FDA-2019-P-5394-0004
FDA-2020-P-2289-0005,FDA-2020-P-2289,Response Letter from FDA CDRH to James N  Czaban  ,FDA CDRH to James N  Czaban,CDRH,Denied,Procedural - Administrative Deficiency,medium,regulation,"he garment.”1 In responding to this petition, FDA reviewed the petition, the facts presented, and the comments received to the docket (FDA-2020-P-2289-0001). In accordance with 21 CFR § 10.30(e), and for the reasons described below, we are denying your Petition. I. Request for Action In your petition, you request that FDA publish a new or amended regulation, Guidance document, and/or in the interim an Advisory Opinion, setting forth the following policies: 1) That garments described and referred to herein as “Daily-Wear Uniform Scrubs,” which are marketed to and worn by workers in healthcare facilities and settings, including physicians, nurses, medical technicians, orderlies, and other staff members, are not medical “devices” within the meaning of the FDCA and FDA regulations and are not regulated by the FDA when the following circumstances are applicable: 1Citizen Petition, Consolidated Citizen Petition and Request for Advisory Opinion, Confirmation of Non- Device Status of Daily-Wear Uniform Scrubs and Antimicrobial Daily-W",https://www.regulations.gov/document/FDA-2020-P-2289-0005
FDA-2004-P-0418-0003,FDA-2004-P-0418,"FDA/CDER to Olsson,Frank and Weeda, P.C. - Petition Denial","Olsson,Frank and Weeda, P.C",CDER,Denied,Procedural - Administrative Deficiency,medium,"regulation, disagree","propose for the reasons below. This petition was reviewed pursuant to Section 505(j)(2)(C) of the Act. Under Section 505(j)(2)(C)(i) of the Act and implementing regulations (21 CFR 314.93), such a petition will be approved unless the Food and Drug Administration (FDA) finds that investigations must be conducted to show the safety and effectiveness of the proposed strength which differs from the reference listed drug product. The FDA has determined that your proposed change in strength raises questions of safety and effectiveness, and has concluded that clinical trials are required for this specific proposed drug product. The approved labeling for Zofran ( ondansetron hydrochloride) Injection has two indications, post operative nausea and vomiting (PONV) and chemotherapy induced nausea and vomiting (CINV), each with different dosing recommendations. FDA believes that the availability of this new strength in a pre-filled syringe would likely lead to an increase in the risk 1 The FDA disagrees with the comments of Hyman, Phel",
FDA-2005-P-0059-0080,FDA-2005-P-0059,FDA/CDER to Williams & Connolly LLP ( American College of Gastroenterology) - Petition Denial,American College Of Gastroenterology,CDER,Denied,Procedural - Administrative Deficiency,medium,regulation,"reasons given below. This decision is based on a review of the Petition including the scientific and medical literature accompanying the Petition, the comments submitted on the petition,3 and the experience and judgment of the Agency. I This citizen petition was originally assigned docket number 2005P-0267/CPI, The number was changed to FDA-2005-P-0059 as a result of FDA's transition to its new docketing system (Regulations.gov) in January 2008. 2 The labeling for a generic drug product approved under an abbreviated new drug application (ANDA) is required to be the same as the labeling for the reference listed drug, with certain permissible differences not relevant here. See 21 U.S.C. 355U)(2)(A)(v), 21 CFR 314.94(a)(8)(iv); see also 21 CFR 314.127(a)(7). Therefore, removal of the warning quoted above from the labeling for Diprivan would require removal of the warning from the labeling for all generic versions ofthe drug approved under an ANDA as well. ) More than 300 comments were submitted on this Petition. A majority of",
FDA-2005-P-0206-0003,FDA-2005-P-0206,Petition Denial Letter,Morton Grove Pharmaceuticals,CDER,Denied,Other Denial Reason,low,,"ection 505G)(2)(C) of the Act. This petition was reviewed pursuant to Section 505G)(2)(C) of the Federal Food, Drug, and Cosmetic Act (Act). Under Sections 505G)(2)(C)(i) of the Act such a petition will be approved unless the Food and Drug Administration (FDA) finds that investigations must be conducted to show the safety and effectiveness of the dosage form or strength which differ from the listed drug product. This petition was evaluated with respect to the ""Pediatric Research Equity Act of2003"" (PREA) that was signed into law December 3, 2003. PREA requires that all applications for new active ingredients, new indications, new dosage forms, or new routes of administration include an assessment of the safety and effectiveness of the drug for the claimed indication in all relevant pediatric subpopulations unless the requirement is waived or deferred. Your ANDA suitability petition is affected by this Act beca~e it is a petition for a change in dosage form. Your petition is denied because it has been determined, under PREA",
FDA-2007-P-0064-0004,FDA-2007-P-0064,Citizen Petition Denial Letter from FDA CDER to Center for Dermatology and Laser Surgery,"Emil A. Tanghetti, M.D.",CDER,Denied,Procedural - Administrative Deficiency,medium,format,"other data and evidence available to the Agency. Based on our review of these materials, for the reasons set forth below, both Petitions are denied. However, as with all FDA-approved products, we will continue to monitor and review available safety information related to Ziana and take action as appropriate. I. BACKGROUND Antibacterial and other antimicrobial drugs have been used in human and veterinary medicine for more than 70 years, with tremendous benefits to both human and animal health. Many infections that once were fatal, or left individuals with severe disabilities, are now treatable or preventable. However, as your Petitions point out, the proliferation of drug-resistant bacterial and other microbial infections (sometimes called antimicrobial or antibiotic resistance)3 is a serious and growing health problem in the United States and worldwide. FDA is responding to the problem of antimicrobial resistance on many fronts. FDA has been a key participant in federal initiatives including the National Strategy to Comba",
FDA-2007-P-0171-0006,FDA-2007-P-0171,FDA to Warner Chilcott Inc. - Petition Denial,Warner Chilcott Inc.,CDER,Denied,Procedural - Administrative Deficiency,high,"regulation, compliance","o Ovcon 35 chewable tablets.) We have carefully reviewed the arguments set forth in your Petition. For the reasons stated below, we are denying each of your requests. I. BACKGROUND A. Ovcon 35 Chewable Tablets Ovcon 35 chewable tablets are a combination honnonal oral contraceptive product. This drug product provides a continuous 21-day regimen of active tablets followed by 7 placebo tablets. Each active chewable tablet contains 0.4 mg ofNE (a progc::stin) and 35 llg ofEE (an estrogen). Each placebo chewable tablet contains only inactive ingredients. I The Petition also includes a summary request ""that the Commissioner stay final approval and/or effective date of final approval of any 0.4 mg NE and 35 Ilg EE chewable tablets ANDAs unless there is phannaceutical equivalence and compliance with the applicable bioequivalence regulations, specifically, 21 C.F.R. § 320, and, as amended Section 5050)(8) ofthe Federal Food, Drug, and Cosmetic Act (""FDCA"")."" To the extent that this request simply asks FDA to follow the law and",
FDA-2007-P-0180-0021,FDA-2007-P-0180,FDA/CDER to Covington & Burling - Petition Denial,The Alliance Against Alveolar Soft Part Sarcoma And The Sarcoma Foundation Of America,CDER,Denied,Other Denial Reason,low,,"logics for the treatment ofrare cancers. Although we have determined that a guidance specific to development ofrare cancers is not warranted, we will be developing a guidance in the future regarding rare diseases. In a recent public law, FDA has been directed to establish a committee of FDA employees to recommend to the Commissioner of Food and Drugs appropriate preclinical, trial design, and regulatory paradigms and optimal solutions for the prevention; diagnosis, and treatment ofrare diseases.4 FDA is required to issue guidance based on the committee's recommendations for articles for use in the prevention, diagnosis, and treatment ofrare diseases (rare diseases guidance).5 While this guidance is not specific to rare cancers, we anticipate that it will address broad issues pertaining to all rare diseases, including rare cancers. We encourage you to participate in FDA's process for developing recommendations for the rare diseases guidance. As a first step, we announced in the Federal Register ofApril 30,2010, 75 FR 22819,",
FDA-2007-P-0401-0005,FDA-2007-P-0401,FDA/CDER to  Public Citizen's  Health Research Group- Petition Denial,Public Citizen Health Research Group,CDER,Denied,Procedural - Administrative Deficiency,medium,"regulation, outside","e an oral scientific presentation on the products reviewed, including a thorough safety and efficacy assessment, at all of FDA's Center for Drug Evaluation and Research (CDER) advisory committee meetings discussing a specific drug product.' We have carefully reviewed the arguments set forth in your petition. Although CDER generally provides an oral scientific presentation, for the reasons stated below, your petition is denied. I. BACKGROUND CDER uses advisory committees composed of experts from outside the Agency to provide the Center with independent advice and recommendations on scientific and technical matters related to the development and evaluation of regulated drug products. FDA establishes, selects members for, and directs the operation of its advisory committees in accordance with the Federal Advisory Committee Act (FACA) (5 U.S.c. App. 2) and FDA regulations at 21 CFR part 14. CDER requests advice from advisory committees on a variety of matters, including various aspects of clinical investigations and applica",
FDA-2007-P-0483-0006,FDA-2007-P-0483,"Denial Response Letter from FDA CDER to Matrix Laboratories, Inc.","Matrix Laboratories, Inc.",CDER,Denied,Procedural - Administrative Deficiency,high,"21 cfr 10, cfr 10, format","93(e)(1)(vi). Therefore, FDA denies your petition because a drug product is approved in an NDA for the change described in the petition (Norvir® (Ritonavir) 100 mg Tablets, approved under NDA 022417, held by Abbvie, Inc.) If you disagree with our determination concerning the approvability of your petition as originally submitted, you may seek a reconsideration of the decision not to approve your petition following the procedures set forth in 21 CFR 10.33. Requests for reconsideration must be based solely on the information contained in your original petition and must be submitted in accordance with 21 CFR 10.20, in the format outlined in § 10.33 and no later than 30 days after the date of the decision involved. Petitions for reconsideration should be filed with the Dockets Management Branch at the address listed below. If there is additional information not included as part of your original submission that you would like the Agency to consider, you should submit a new petition including all the necessary information to",
FDA-2007-P-0497-0004,FDA-2007-P-0497,"FDA Response to Norbrook, Inc. - Petition Denial",Norbrook Inc.,CVM,Denied,Procedural - Administrative Deficiency,high,"cfr 10, format, submission","tition as originally submitted, you may seek a reconsideration of the denial following the procedures set forth in 2 1 CFR 10.33. kequests for reconsideration must be based solely on the information contained in your original petition and must be submitted in accordance with 2 1 CFR Section 10.20, in the format outlined in Section 10.33 and no later than 30 days after the date of the decision involved. Petitions for reconsideration should be filed with the Dockets Management Branch at the address listed below. If there is additional information, not included as part of your original submission that you would like the FDA to consider, you should submit a new petition including all the necessary information to the Dockets Management Branch. A copy of this letter denying your petition will be placed on public display in the Division of Dockets Management, Mail Stop HFA-305, Food and Drug Administration, 5630 Fishers Lane, Room 106 1, Rockville, MD 20852. If you have any questions, please contact Dr. John K. Harshman, Team Le",
FDA-2000-P-0183-0001,FDA-2000-P-0183,Petition Denial from FDA OC to Robert Cohen,FDA OC to Robert Cohen,ORA,Denied,Procedural - Administrative Deficiency,medium,"regulation, previously, disagree","You disagree with this determination, presumably because of your assertion that new evidence suggests that “freak amino acids” are produced when the bovine growth hormone is recombined with E. coli bacteria. You also maintain that FDA has developed a “substantial equivalence” policy that eases the burden on applicants for approval of genetically modified organisms, but you argue that the policy should not apply to Upjohn’s application. For these reasons, you contend that Upjohn has the burden of conducting the same testing and research that was required of Monsanto in its application for approval of its rbGH product, PosilacB. We are denying your petition. Under our regulations, 21 C.F.R. $5 14.1 I(b), we cannot disclose the existence of a New Animal Drug Application (NADA) unless such existence has previously been publicly disclosed or acknowledged by a sponsor. We are not aware that the existence or nonexistence of an NADA has been previously disclosed or acknowledged. Obviously, we could not grant your petition when our",https://www.regulations.gov/document/FDA-2000-P-0183-0001
FDA-2002-P-0007-0013,FDA-2002-P-0007,FDA CDER Response to The Weinberg Group Inc Denial,The Weinberg Group Inc Denial,CDER,Denied,Other Denial Reason,low,,"sher: This is in response to your petition for reconsideration filed on June 1, 2004, requesting that the Food and Drug Administration (FDA) reconsider its denial, in a letter dated April 29, 2004, of your petition filed on September 16, 2002, which sought permission to file an Abbreviated New Drug Application (ANDA) for the following drug products: Cefuroxime Axetil Tablets for Oral Suspension, 125 mg and 250 mg. The listed drug products to which you refer in your petitions are Ceftin® (cefuroxime axetil) Powder for Oral Suspension, 125 mg/5 mL and 250 mg/5 mL, approved under NDA 050672 held by GlaxoSmithKline. Your request involves a change in dosage form from the listed drug product (i.e., from powder for oral suspension to tablets for oral suspension). The change that you request is the type of change that is authorized under Section 505(j)(2)(C) of the Federal Food, Drug, and Cosmetic Act (Act). However, for the reasons explained below, the Agency denies your request. This petition was reviewed pursuant to Section 505",https://www.regulations.gov/document/FDA-2002-P-0007-0013
FDA-2002-P-0007-0003,FDA-2002-P-0007,Petition Denial from FDA CDER to The Weinberg Grou,FDA CDER to The Weinberg Grou,CDER,Denied,Procedural - Administrative Deficiency,medium,"format, adequate","0-672 held by GlaxoSmithKline. This petition was reviewed pursuant to Section 505(j)(2)(C) of the Federal Food, Drug, and Cosmetic Act. (Act). Under Sections 505@(2)(C)(i) and (ii) of the Act such a petition will be approved unless the Food and Drug Administration (FDA) finds that investigations must be conducted to show the safet.y and effectiveness of the proposed drug product, or of any of its active ingredients, the route of administration., the dosage form, or strength which differ from the listed drug product; or that any drug product with a different active ingredient may not be adequately evaluated for approval as safe and effective on the basis of the information required to be submitted in an abbreviated application. Your request involves a change in dosage form from that of the listed drug product (i.e., from powder for oral suspension to tablets for oral suspension). The change that you request is the type of change that is authorized under Section 505(i)(2)(C) of the Act. The FDA has determined that your propo",https://www.regulations.gov/document/FDA-2002-P-0007-0003
FDA-2003-P-0179-0002,FDA-2003-P-0179,Petition Denial from FDA CDER to Hogan   Hartson  ,FDA CDER to Hogan   Hartson,CDER,Denied,Procedural - Administrative Deficiency,medium,"format, current","us and Streptococcus pyogenes. In December 2002, we approved Clay-Park’s NDA for mupirocin (NDA 50-788) under section 505(b)(2) of the Act. FDA allowed Clay-Park to duplicate certain sections of the approved labeling for Bactroban for use in treating impetigo. However, the Clay-Park labeling does not duplicate Bactroban’s full Microbiology labeling. Clay-Park chose to delete the methicillin-resistant Staphylococcus aweus (MRSA) information rather than provide additional data requested by FDA. ’ Your petition cites 21 CFR 320.24(b)(2), but we assume that this was a typographical error. 2 1 CFR 320.24(b)(2) refers to a urmary excretion study. 2 I CFX 320.24(b)(4) refers to well-controlled clinical trials. Docket No. 03P-014O/CPl II. Discussion A. ANDAs Submitted Under .505(j) of the Act and NDAs Submitted Under 505(b)(2) of the Act The Drug Price Competition andPatent Term Restoration Act of 1984 (the Hatch- Waxman Amendments) created section 505(j) of the Act, which established the current ANDA approval process. An AND",https://www.regulations.gov/document/FDA-2003-P-0179-0002
FDA-2003-P-0126-0002,FDA-2003-P-0126,Petition Denial from FDA CDER to HRA Pharma,FDA CDER to HRA Pharma,CDER,Denied,Substantive - FDA Disagrees,medium,not support,"ction 505(j)(2)(C) of the Act. This petition was reviewed pursuant to Section 505(j)(2)(C) of the Federal Food, Drug, and Cosmetic Act (Act). Under Section 505@(2)(C)(i) of the Act, such a petition will be approved unless the Food and Drug Administration (FDA) finds that investigations must be conducted to show the safety and effectiveness of the strength for the proposed drug product which differs from the strength of the -listed drug product. The FDA has determined that your proposed changes in strength and dosing regimen raise questions of safety and effectiveness, and has concluded that clinical trials are required for this specific drug product. FDA has efficacy concerns regarding the one tune only dosing regimen. Furthermore, this change in strength and dosing regimen is not supported by the approved labeling for theilisted drug. Therefore, FDA is denying the petition under Section 505(i)(2)(C)(i) because investigations are necessary to show the safety and effectiveness of the proposed drug product and because a chan",https://www.regulations.gov/document/FDA-2003-P-0126-0002
FDA-2005-P-0005-0004,FDA-2005-P-0005,Petition Denial from FDA CDER to ISTA Pharmaceutic,FDA CDER to ISTA Pharmaceutic,CDER,Denied,Procedural - Premature/Pending,medium,"before, format, previously","eives 5-year marketing exclusivity. Accordingly, the Agency has concluded that 5-year marketing exclusivity should also apply to products about which the Agency has insufficient information to know whether they contain a previously approved active moiety. Therefore, the Agency has decided under the circumstances before us (1) to apply a presumption for purposes of marketing exclusivity that a product does not contain a previously approved active moiety if the Agency has insufficient information to know if, in fact, it contains one, and (2) to grant 5-year marketing exclusivity to Vitrase in accordance with this presumption. The regulatory status of Vitrase, and other hyaluronidase products approved for the same uses, is unusual. The hyaluronidase in these products is not fully characterized (and thus the Agency does not know whether these products, in fact, contain any previously approved active moieties). Consequently, FDA granted Vitrase 5-year marketing exclusivity in accordance with the ’ Section 5105(i)(S)(F) of the A",https://www.regulations.gov/document/FDA-2005-P-0005-0004
FDA-2005-P-0067-0004,FDA-2005-P-0067,Petition Denial from FDA CDRH to Zuckerman Spaeder,FDA CDRH to Zuckerman Spaeder,CDRH,Denied,Procedural - Administrative Deficiency,medium,"regulation, unpersuasive","nied. FDA has approved the Mentor and Inamed PMAs because the data considered in support of each PMA meet the statutory standard for approval. Under the FDC Act and FDA's regulations, the agency may approve a PMA where the data in support of the approval, taken as a whole, provide reasonable assurance that the device is safe and effective for its conditions of use. We are denying your requests because we find your argument that a reasonable assurance of safety and effectiveness was not established for these devices unpersuasive and contrary to the law. Section I of this rcsponse su~nrnarizes the regulatory history of breast implants, discusses certain clinical findings about silicone gel-filled breast implants, and sets forth the regulatory history of the Mentor and Inanled PMAs. Section I1 discusses the agency's review and analysis of your Petition and its supplements. Section I11 sets forth the agency's summary conclusion. PDN 1 Page 2 - Mr. William B. Schultz I. HISTORY OF SILICONE GELFILLED BREAST IMPLANTS Breast im",https://www.regulations.gov/document/FDA-2005-P-0067-0004
FDA-2005-P-0261-0004,FDA-2005-P-0261,Petition Denial from FDA CDRH to International Myo,FDA CDRH to International Myo,CDRH,Denied,Procedural - Administrative Deficiency,high,"21 cfr 10, cfr 10, format","found at 21 CFR part 10.30. Nonetheless, we have reviewed the information in your submission and, in accordance with 21 CFR 10.30(e)(3), address your requests in this response . For the reasons explained below, we are denying your petition. I. Your Request for Enforcement Action and Legal Basis of the Petition . You request that ""[b]efore any child with initial myopia [or nearsightedness] is prescribed or provided with distance (minus) lenses, [a] written notification shall be given to a parent or other responsible adult,"" (Petition, page 3) . The written notification you suggest would declare that ""[d]istance (minus) tenses cause myopia to worsen progressively,"" and that ""[m]yopia may be reduced or prevented entirely if a child in the earliest stage of myopia uses prescribed reading glasses (plus lenses) for reading, viewing a computer monitor, or other prolonged close work,"" (Petition, page 3) . You assert that ""failure to advise consumers that myopia can be reduced or prevented by use of prescribed reading glasses"" is u",https://www.regulations.gov/document/FDA-2005-P-0261-0004
FDA-2008-P-0343-0009,FDA-2008-P-0343,FDA CDER to Novo Nordisk  Inc    Petition Denial,Novo Nordisk  Inc    Petition Denial,CDER,Denied,Procedural - Already Addressed/Moot,medium,current,"nproteeted conditions of use. We have carefully reviewed the arguments in the Novo Nordisk Petition. For the reasons stated below, we deny your request. We are also responding to a related citizen petition submitted to FDA by Winston and Strawn LLP on behalf of Caraco Pharmaceuticals Laboratories, Ltd. (Caraco), on July 14, 2008 (Caraco Petition). The Caraco Petition requests that FDA require any ANDAs for repaglinide that include only a section viii statement for the method-of-use claim of the U.S. Pat. No. 6,677,358 (the '358 patent) for combination therapy with metformin also include a paragraph IV certification to address the other claims ofthe '358 patent. We have carefully reviewed the Caraco Petition, and for thc reasons below, we grant your request. i. BACKGROUND A. Prandin On December 22, 1997, FDA approved the new dlllg application (NDA) held by Novo Nordisk for Prandin (repaglinide) (NDA 20-741). Prandin is currently indicated as an adjunct to diet and exercise to improve glycemic control in adults wit",https://www.regulations.gov/document/FDA-2008-P-0343-0009
FDA-2008-P-0319-0028,FDA-2008-P-0319,FDA to Lauranell H  Burch   Petition Denial,Lauranell H  Burch   Petition Denial,,Denied,Procedural - Administrative Deficiency,medium,format,"ition is denied. 1. Request tbat FDA Ban Lasers Because FDA is not aware of any data, and you did not provide any data, that would indicate refractive surgery lasers present an ""unreasonable and substantial risk"" of illness and injury, there is no basis to ban such devices and FDA is denying this request. The Federal Food, Drug, and Cosmetic Act authorizes FDA to ban a device only where, on the basis of all available data and information, FDA finds that the device ""presents substantial deception or an unreasonable and substantial risk of illness or injury"" and, where such deception or risk ""could be corrected or eliminated by labeling or change in labeling and with respect to which the Secretary provided written notice to the manufacturer specifying the deception or risk of illness or injury, the labeling or change in labeling to correct the deception or eliminate or reduce such risk, and the period within which such labeling or change in labeling was to be done, such labeling or change in labeling was not done within such",https://www.regulations.gov/document/FDA-2008-P-0319-0028
FDA-2008-P-0438-0003,FDA-2008-P-0438,Petition Denial Response,,,Denied,Substantive - Insufficient Evidence,medium,no evidence,"d below, the Agency denies your request. We have reviewed your petition under section 505G)(2)(C) of the Act. Under section 505(j)(2)(C)(i) of the Act, FDA will approve a petition seeking a strength that differs from that of the listed drug unless the Agency finds that investigations must be conducted to show the safety and effectiveness of the proposed drug product or of the differing strength. Serious questions regarding safety are raised by the proposed strength change, for there is no evidence of the safety for the 7.5 mg/325 mg and I 0 mg/325 mg combinations that will permit dosing of hydrocodone bitratrate that exceeds the amount of hydrocodone bitartrate permitted by the listed drug. Also, efficacy concerns are raised by the proposed 2.5 mg/325 mg and 5 mg/325 mg combinations. ln the case of the former, there is no evidence that prescribers can expect efficacy based on the listed drug. And with the latter, the 5 mg/325 mg combination reduces the aspirin exposure by approximately one-third and there is no evidence tha",https://www.regulations.gov/document/FDA-2008-P-0438-0003
FDA-2008-P-0291-0004,FDA-2008-P-0291,FDA CDER to PRN Publishing   Petition Denial,PRN Publishing   Petition Denial,CDER,Denied,Procedural - Administrative Deficiency,medium,format,"drug products were produced. 1 FDA has carefully reviewed the Petition. For the reasons described below, the Petition is denied. I. DISCUSSION You state that pharmacists rely upon the Orange Book when choosing appropriate drug products for dispensing to patients presenting prescriptions (Petition at 1). You note that, where substitution is not prohibited by a prescriber, pharmacists must ensure that only appropriate, therapeutically equivalent products are dispensed (Petition at 1). You claim that ""it has become more difficult for pharmacists to determine the status of the prescription drug products on their shelves and that, due in part to corporate mergers and acquisitions in the industry, the labels of many drug products no longer contain the information necessary for identification in the Orange Book (Petition at 1). In your petition, you propose that requiring the application number on each drug product's label would allow pharmacists ""to quickly and easily determine the equivalence status of any drug product by simply compari",https://www.regulations.gov/document/FDA-2008-P-0291-0004
FDA-2009-P-0122-0004,FDA-2009-P-0122,Citizen Petition Denial Response from FDA CBER,FDA CBER,CBER,Denied,Procedural - Premature/Pending,medium,"prior to, regulation, no evidence","ns based on the facts, the science, and the law. After careful review and consideration, we deny your petition for the reasons set forth below. Here is an outline of our response: 1. Petitioner's Request 11. The Statutory Standard for Recalling Vaccines III. Licensed Vaccines Are Safe A. Vaccines Are Shown to Be Safe Prior to Licensure 13. Vaccine Safety Continues to 13e Monitored Post-Licensure IV The Vaccines at lssue that Contain Thimerosal as a Preservative Were Shown to Be Safe Prior to Licensure A. Licensing Vaccines that Contain Thimerosal as a Preservative Is Consistent with FDA Regulations B. Although There Is No Evidence of a Safety Concern, FDA Has Taken Steps to Reduce Exposure to Thirnerosal C. Licensed Vaccines Containing Thimerosal as a Preservative Are Safe V. The Vaccines at Issue That Contain Aluminum as an Adjuvant Were Shown to Be Safe Prior to Licensure VI. Simian Virus 40 in Poliovirus Vaccines Does Not Present a Hazard to the Public Health V11. Reverse Transcriptase in Vaccines Manu",https://www.regulations.gov/document/FDA-2009-P-0122-0004
FDA-2010-P-0050-0006,FDA-2010-P-0050,Petition Denial Final Agency Response,,,Denied,Other Denial Reason,low,,"dditional relevant data identified by the Agency. Based on our review of these materials, and for the reasons described below, your petition is denied. I. BACKGROUND A. Savella (milnacipran hydrochloride) Cypress Bioscience, Inc., 1 holds approved new drug application (NDA) 22-256, for Savella 12.5-, 25-, 50-, and 1 00-milligram (mg) tablets. Sa vella is a selective serotonin and norepinephrine reuptake inhibitor (SNRI); it acts by preventing reabsorption of the neurotransmitters serotonin and norepinephrine, thus increasing the amounts of these chemicals that circulate in the body. FDA approved Savella on January 14, 2009, for the management offibromyalgia in adults.2 The Centers for Disease Control and Prevention (CDC) describes fibromyalgia as ""a condition that causes widespread pain, sleep problems, fatigue, and often psychological distress.""3 It typically strikes adults during middle age, and it affects more women than men.4 A diagnosis of fibromyalgia generally is made when a patient has a score of greater than 7 o",https://www.regulations.gov/document/FDA-2010-P-0050-0006
FDA-2010-P-0015-0006,FDA-2010-P-0015,Citizen Petition Denial Response from FDA CDER to ,FDA CDER to,CDER,Denied,Procedural - Premature/Pending,medium,"before, not support","g strength. FDA, therefore, denies your petition because your proposed strength is not supported by the listed drug labeling and would thus represent a new dosing regimen, which is not a petitionable change under Section 505G)(2)(C) of the Act and 21 CFR 314.93(a)(b). Please contact the division ofNeurology Products at (301) 796-2250 if you wish to pursue approval of your product under Section 505(b) ofthe Act. 1 The Dosage and Administration section of the Ambien approved product labeling (S-34; approved April 19, 2013) states: Use the lowest effective dose for the patient. The recommended initial dose is 5 mg for women and either 5 or 10 mg for men, taken only once per night immediately before bedtime with at least 7-8 hours remaining before the planned time of awakening. If the 5 mg dose is not effective, the dose can be increased to 10 mg. In some patients, the higher morning blood levels following use of the 10 mg dose increase the risk of next day impairment of driving and other activities that require full alertness",https://www.regulations.gov/document/FDA-2010-P-0015-0006
FDA-2011-P-0723-0788,FDA-2011-P-0723,Citizen Petition Denial Response from FDA CFSAN to,FDA CFSAN to,CFSAN,Denied,Procedural - Administrative Deficiency,high,"regulation, format","hange to a food at the molecular or genetic level because a significant share of consumers would find it relevant to their purchasing decisions""; and (2) FDA issue new regulations that require additional labeling for all foods produced using genetic engineering, including provisions defining the terms"" genetic engineering"" and ""genetically engineered food,"" that the nutrition facts panel include a listing of the genetically engineered ingredients, and that the label of the food provide notices specifying the food is genetically engineered or sourced from genetically engineered foods.2 Pet. at 2-3. 1 Statement of Policy: Foods Derived From New Plant Varieties, 57 FR 22984 (May 29, 1992). In this letter we refer to this document as ""the 1992 Policy."" 2 FDA interprets your citizen petition as requesting these actions for foods derived from genetically engineered plants based on the action requested and the scientific data and information cited in your petition. Your petition requests that FDA rescind its 1992 Policy, which onl",https://www.regulations.gov/document/FDA-2011-P-0723-0788
FDA-2011-P-0479-0004,FDA-2011-P-0479,Citizen Petition Denial Response Letter from FDA C,FDA C,,Denied,Procedural - Administrative Deficiency,medium,regulation,"eclassification. For the reasons discussed below, we are denying your request. A. Annuloplasty rings are implanted in the heart usually for a patient's entire lifetime The Federal Food, Drug, and Cosmetic Act (FD&C Act), as amended, establishes a comprehensive system for the regulation of medical devices intended for human use. Section 513 of the FD&C Act (21 U.5.C. 360c) established three categories (class.es) of devices, reflecting the regulatory controls needed to provide reasonable assurance of their safety and effectiveness. The three categories of devices are class I (general controls), class II (special controls), and class Ill (premarket approval). Section 513(a)(l) of the FD&C Act defines the three classes of devices. Class I devices are those devices for which the general controls of the FD&C Act (controls authorized by or under section 501, 502, 510, 516, 518, 519, or ?20 (21 U.5.C. 351, 352, 360, 360f, 360h, 360i, or 360j) or any combination of such sections) are sufficient to provide reasonable assurance of saf",https://www.regulations.gov/document/FDA-2011-P-0479-0004
FDA-2011-P-0537-0005,FDA-2011-P-0537,Denial Letter from CFSAN to EARTHJUSTICE,CFSAN to EARTHJUSTICE,CFSAN,Denied,Procedural - Administrative Deficiency,high,"regulation, format","da, Dr. Hightower, Mr. Bender, and Dr. Jacobson: After careful review of your petition, and for the reasons discussed below, we are denying the petition in accordance with Title 21 ofthe Code of Federal Regulations (CFR) 10.30(e)(3). In brief, FDA and the U.S. Environmental Protection Agency (the Agencies) have published new, joint fish consumption advice that reflects years of extensive scientific engagement and public processes. See ""Advice About Eating Fish, From the Environmental Protection Agency and Food and Drug Administration; Revised Fish Advice,"" available on the Internet at http://www.fda.gov/fishadvice, and the documents made available with that notice (hereinafter ""the 2017 advice""). 1 We are confident that the dissemination of the information in the 2017 advice and accompanying materials directly to the public and through voluntary placement at points-of-purchase and at the offices of health care providers will effectively communicate clear and useful federal seafood consumption advice for pregnant women, brea",https://www.regulations.gov/document/FDA-2011-P-0537-0005
FDA-2011-P-0022-0013,FDA-2011-P-0022,Reconsideration Denial letter from the FDA to Waxl,the FDA to Waxl,,Denied,Procedural - Administrative Deficiency,medium,"format, adequate",", WI 53726-4002 OCT 2 6 2016 Re: Petition for Reconsideration [Docket Number FDA-2011-P-0022/PRC] Dear Dr. Waxler: This letter responds to your petition for reconsideration received on July 31, 2014 (Reconsideration Petition). The Reconsideration Petition requests that the Food and Drug Administration (FDA or the Agency) reconsider its June 23, 2014 response (Citizen Petition Response) denying your citizen petition filed on January 7, 2011 (Citizen Petition). The Citizen Petition requested that the Commissioner of Food and Drugs: (1) withdraw premarket approval for all laser-assisted in situ keratomileusis (LASIK) excimer lasers, and (2) issue a Public Health Advisory with a voluntary recall of these LASIK devices. In the Reconsideration Petition, you argue that the Agency ""did not adequately consider the public record of industry pressure on the Agency, the MEDW ATCH reports, other sources of adverse event data, and conflation of patient satisfaction information with adverse event data."" You request that the Agency reco",https://www.regulations.gov/document/FDA-2011-P-0022-0013
FDA-2012-P-0072-0003,FDA-2012-P-0072,FDA CVM to Cook Animal Health   Petition Denial,Cook Animal Health   Petition Denial,CVM,Denied,Other Denial Reason,low,,"rella) haemolytica, P. multocida, and H. somnus. We are denying your petition for a generic florfenicol product under Section 512(n)(3) of the Federal Food, Drug and Cosmetic Act (the act) because: • The permissible differences that can be considered in the Suitability Petition process as described in the act are: route of administration, dosage form, strength (concentration), a change in one active ingredient in a combination drug, and a change in one Type A medicated article in a feed use combination. However, these changes do not include the elimination of a route of administration or class of animal as indicated in your request. • The FDA finds that the change in dosage form and formulation of your proposed drug product (florfenicol solution to a florfenicol suspension) raises questions regarding safety in animals to be treated with this drug product. The FDA concludes, therefore, that further safety investigations are necessary to determine if your proposed product can be used as intended. FDA-2012-P-0072-0001/CP",https://www.regulations.gov/document/FDA-2012-P-0072-0003
FDA-2012-P-0053-0005,FDA-2012-P-0053,Petition Denial Letter,,ORA,Denied,Other Denial Reason,low,,"d its principal therapeutic action is analgesia. Because of its high potential for abuse, morphine sulfate is a controlled substance in Schedule II of the Controlled Substances Act (CSA), 21 U.S.C. section 801 et seq. 1 We note that we agree with your statement on pages 14-15 of the Petition that '""grandfather' status does not mean a product is unregulated."" The 1938 grandfather clause applies only to the new drug provisions of the FD&C Act and not to the adulteration or misbranding provisions (sections 501 and 502 of the FD&C Act (21 U.S.C. 351 and 352)). Thus, the grandfather provision does not prevent the Agency from ensuring that any drug product, even one that might be ""grandfathered,"" is not adulterated or misbranded. U.S. Food & Drug Admnistration 10903 New Hampshire Avenue Silver Spring, MD 20993 w ww.fda.gov Docket No. FDA-2012-P-0053 B. Statutory Framework In 1938, Congress enacted the FD&C Act, under which manufacturers of ""new drugs"" were required to obtain premarket approval by submitting reports of safety",https://www.regulations.gov/document/FDA-2012-P-0053-0005
FDA-2012-P-0826-0003,FDA-2012-P-0826,Petition Denial Response Letter,,,Denied,Procedural - Already Addressed/Moot,medium,already,"below, the Agency denies your request. We have reviewed your petition under section 505(j)(2)(C) of the Act. Under section 505(j)(2)(C)(i), FDA will deny a petition seeking a strength that differs from the strength of the listed drug product if the Agency finds that investigations must be conducted to show the safety and effectiveness of the proposed drug product or of the differing strength. We have determined that your proposed change in strength raises questions of effectiveness, and the Agency has concluded that investigations are necessary for this proposed drug product. The proposed strength represents a new combination ratio and clinical data would be needed to determine whether dose titration made possible by the availability of the proposed strength would provide any added efficacy to the titration schemes that are achieved with the already available strengths of the drug product. FDA, therefore, denies your petition because your proposed product, Sitagliptin and Metformin Hydrochloride Extended-releas",https://www.regulations.gov/document/FDA-2012-P-0826-0003
FDA-2012-P-1170-0003,FDA-2012-P-1170,FDA CVM to Cephazone Pharma LLC   Petition Denial,Cephazone Pharma LLC   Petition Denial,CVM,Denied,Procedural - Administrative Deficiency,high,"21 cfr 10, cfr 10, format","new animal drug. Therefore, we deny the petition because the request is not a permissible change, as defined under section 512(n)(3)(C) of the act. In your petition, it was unclear which approved product is the RLNAD for your proposed generic product. EXCENEL RTU Sterile Suspension and EXCENEL RTU EZ Sterile Suspension differ in formulation and administration route. For future reference, please clearly identify one RLNAD for your proposed generic product. If you disagree with our determination concerning the acceptability of your petition as originally submitted, you may seek a reconsideration of the denial following the procedures set forth in 21 CFR 10.33. Requests for reconsideration are based solely on the information contained in your original petition and must be submitted in accordance with 21 CFR Section 10.20, in the format outlined in Section 10.33 and no later than 30 days after the date of the decision involved. If there is additional information that you would like the FDA to consider, submit a new petition",https://www.regulations.gov/document/FDA-2012-P-1170-0003
FDA-2012-P-1058-0004,FDA-2012-P-1058,Petition Denial Letter from CDER to Lachman Consul,CDER to Lachman Consul,CDER,Denied,Procedural - Administrative Deficiency,medium,regulation,"below, the Agency denies your request. We have reviewed your petition under section 505(j)(2)(C) of the Act and FDA’s implementing regulations at 21 CFR 314.93. FDA regulations provide that the Agency will approve a petition properly submitted under 21 CFR 314.93 unless FDA finds, among other grounds for denying such a petition, that any of the proposed changes from the listed drug would jeopardize the safe or effective use of the product so as to necessitate significant labeling changes to address the newly introduced safety or effectiveness problem. 21 CFR 314.93(e)(1)(iv). The labeling for mefenamic acid describes only one dosage regimen: 250 mg every 6 hours after an initial dose of 500 mg.1 Moreover, adverse events associated with non-steroidal anti-inflammatory drug products (NSAIDs), such as mefenamic acid, are dose-related, and mefenamic acid has a particular risk for seizures in overdose. Given that it is unlikely a prescriber would prescribe one 500 mg capsule and then an additional week’s worth of 250 m",https://www.regulations.gov/document/FDA-2012-P-1058-0004
FDA-2012-P-1112-0006,FDA-2012-P-1112,Citizen Petition Denial Response Letter from CDER ,CDER,CDER,Denied,Procedural - Already Addressed/Moot,medium,current,"below, the Agency denies your request. We have reviewed your petition under section 505G)(2)(C) of the Act. Under section 505G)(2)(C)(i) of the Act, FDA will approve a petition seeking a dosage form that differs from that of the listed drug unless the Agency finds that investigations must be conducted to show the safety and effectiveness of the proposed drug product or of the differing dosage form. The Agency has determined that your proposed change in dosage form raises questions of safety and has concluded that investigations are required for the specific drug product. There are no currently approved ibuprofen orally disintegrating tablets. Therefore, there are no safety data especially regarding local (oral) safety and tolerability for this formulation that remains in prolonged contact with the buccal mucosa. Thus, additional safety evaluation would be needed to support this proposed product. Therefore, FDA is denying the petition under section 505G)(2)(C)(i) because investigations are necessary to show the safety and",https://www.regulations.gov/document/FDA-2012-P-1112-0006
FDA-2013-P-0058-0009,FDA-2013-P-0058,Citizen Petition Denial Response from FDA CDER to ,FDA CDER to,CDER,Denied,Procedural - Already Addressed/Moot,medium,previously,"his is a combined response to two petitions for reconsideration (Reconsideration Petitions) dated March 21, 2014, received by the Food and Drug Administration (FDA or the Agency), submitted by Hogan Lovells US LLP, on behalf of petitioner Gilead Sciences, Inc. (Gilead) (Gilead Reconsideration Petition, FDA-20!3-P-0058), 1 and by Buchanan Ingersoll & Rooney PC, on behalf ofF erring Pharmaceuticals, Inc. (Ferring) (Ferring Reconsideration Petition, FDA- 20!3-P-0119).2 In 20!3, Gilead had originally petitioned FDA to recognize 5-year new chemical entity (NCE) exclusivity for Stribild (new drug application (NDA) 2031 00) because Stribild is a fixed-dose combination drug product (fixed-combination) that contains cobicistat and elvitegravir, both of which were previously unapproved active moieties (new active moieties) at the time of Stribild 's approval. 3 After Gilead's petition was filed, Ferring put forth a similar contention for its fixed-combination Prepopik (NDA 202535), that contains picosulfate, which was a new active moi",https://www.regulations.gov/document/FDA-2013-P-0058-0009
FDA-2014-P-0908-0005,FDA-2014-P-0908,Denial Response Letter from FDA CDRH to Mothers Ag,FDA CDRH to Mothers Ag,CDRH,Denied,Procedural - Administrative Deficiency,high,"21 cfr 10, cfr 10, format","The petition was converted from a petition for reconsideration that was originally submitted on September 3, 2009 and supplemented with additional information in a submission on March 7, 2013. 1 The agency provided an interim response to your original petition on June 10,2010. FDA has now completed its review and is denying your petition under 21 CFR 10.30(e)(3). As discussed further below in the sections on genetic polymorphism and risk assessment, FDA is continuing to evaluate available information and will consider what actions, if any, might be warranted. Below, we summarize the background on dental amalgam, your petition and its requests, and the reasons for FDA's decision. A. BACKGROUND How best to regulate dental amalgam is a complex question of risk and benefit. Dental amalgam has several advantages as a restorative material. It has a broad range of applicability in clinical situations, is easy to use, and is relatively insensitive to variations in handling technique and oral conditions. It also provides high stre",https://www.regulations.gov/document/FDA-2014-P-0908-0005
FDA-2014-P-0878-0006,FDA-2014-P-0878,Denial Petition Response Letter from FDA CDER  to ,FDA CDER  to,CDER,Denied,Other Denial Reason,low,,"sule rupture comparability."" 3 We have carefully reviewed the Petition. For the reasons stated below, we deny Amarin's requests. I. BACKGROUND A. Icosapent Ethyl FDA approved NDA 202057 for Vascepa on July 26,2012, as an adjunct to diet to reduce triglyceride (TG) levels in adult patients with severe (2': 500 milligrams/deciliter (mg/dl)) hypertriglyceridemia. 4 The active ingredient in Vascepa is icosapent ethyl, an ethyl ester of the omega-3 fatty acid eicosapentaenoic acid (EPA), which is derived from fish oil. There is one approved strength for Vascepa, I gram (g), with a recommended dose of 4 g per day taken as two capsules twice daily. 5 V ascepa' s formulation contains tocopherol as an antioxidant. 6 B. Icosapent Ethyl Draft Guidance In 2013, FDA issued the first Icosafent Ethyl Draft Guidance for ANDAs on establishing bioequivalence for icosapent ethyl. A revised version of the draft guidance was issued in 2014 with minor changes compared to the earlier version.8 To establish bioequivalence for icosapent ethyl,",https://www.regulations.gov/document/FDA-2014-P-0878-0006
FDA-2014-P-0206-0005,FDA-2014-P-0206,Citizen Petition Denial Response from FDA CDER to ,FDA CDER to,CDER,Denied,Procedural - Administrative Deficiency,medium,format,"ith nausea and sensitivity to light and/or sound. Because migraine is a complex disorder that is not only characterized by headache but also several associated symptoms (i.e., nausea, photophobia, and phonophobia), a drug effect on headache pain alone is not considered sufficient to grant a claim for the acute treatment of migraine. In the past two decades, FDA has approved a number of acute migraine treatments. Generally, to obtain FDA approval, the sponsors of acute migraine treatments have shown that their drug products have an effect on four co-primary endpoints: pain, nausea, photophobia, and phonophobia? Typically, for the first of these endpoints, pain, sponsors have provided FDA with data on pain relief to support their applications. To date, Sumavel DosePro (needle-free 1 FDA draft guidance for industry, Migraine: Developing Drugs for Acute Treatment (Migraine Guidance), available at http://www. fda.gov/Drugs/GuidanceCompl ianceRegulatoryl n formation/Gu idances/default.htm. 2 More recently, approval based on an ef",https://www.regulations.gov/document/FDA-2014-P-0206-0005
FDA-2014-P-1353-0003,FDA-2014-P-1353,Denial Response from FDA CFSAN to the Internationa,FDA CFSAN to the Internationa,CFSAN,Denied,Procedural - Administrative Deficiency,high,"21 cfr 10, cfr 10, regulation","Drug Administration (FDA, the Agency, or we) has reviewed your citizen petition dated September 5, 2014, and supplement dated September 12, 2014, concerning FDA's requirement in Title 21 ofthe Code of Federal Regulations (21 CFR), section 106.91 (b )(2), for stability testing of infant formula. In your petition you request that FDA reconsider the requirement established in the final rule, Current Good Manufacturing Practices, Quality Control Procedures, Quality Factors, Notification Requirements, and Records and Reports, for Infant Formula (79 FR 33057, June 10, 2014), under 21 CFR 106.91 (b )(2), to the extent the provision requires that manufacturers of infant formula perform end of shelflife testing on every subsequent production aggregate, by (1) staying implementation of 21 CFR 106.91 (b )(2) until the Agency responds to your petition; (2) in place of complying with the routine stability testing requirements of21 CFR 106.91(b)(2), requiring manufacturers subject to the rule to continue to comply with the infant formul",https://www.regulations.gov/document/FDA-2014-P-1353-0003
FDA-2014-P-1562-0004,FDA-2014-P-1562,Petition Denial Letter from FDA CDER to the Instit,FDA CDER to the Instit,CDER,Denied,Procedural - Premature/Pending,medium,ongoing,"etin, Early Communication About an Ongoing Safety Review of Varenic/ine (marketed as Chantix), available as archived content on FDA's Web site (http:! www.fda.gO\ ). 2 Docket No. FDA-2014-P-1562 hydrochloride (HCI)), respectively; Zyban is another smoking cessation drug product. FDA required Pfizer and GSK to conduct a placebo-controlled postmarket safety outcome trial to further characterize the risk of neuropsychiatric adverse events and to evaluate whether a prior history of psychiatric illness was a risk modifier.2 Because patients with a history of psychiatric illness did not participate in the initial clinical efficacy trials that supported approval of the NDA, finding out whether the medications were effective in these patients was also important, to understand the balance of risks and benefits. An active comparator oftransdermal nicotine was included in the clinical trial design to determine whether nicotine replacement, another pharmacologic option for treating tobacco dependence, offers any advantage or disadvan",https://www.regulations.gov/document/FDA-2014-P-1562-0004
FDA-2014-P-0263-0022,FDA-2014-P-0263,Petition Denial Letter from FDA CFSAN to Ferrero U,FDA CFSAN to Ferrero U,CFSAN,Denied,Procedural - Administrative Deficiency,medium,"regulation, current","). In accordance with 21 CFR § I 0 .30( e )(3 ), we are denying your petition for the reasons stated below. I The Petition 's Requested Action Specifically, the Petition asks that we: (1) issue guidance recognizing that nut cocoa based spreads should fall within the ""Honey, jams, jellies, fruit butter, molasses"" category for the purpose of RACC determination or (2) amend 21 C.F.R. 101.12(b), Table 2, to establish a new category for ''Nut Cocoa Based Spreads"" such as Nutella® with a 1 tbsp RACC. Petition at page 1. The Petition states: Nut cocoa based spreads such as Nutella® are currently not specifically listed in the regulation. FDA concluded, in the preamble of the final rule [""Food Labeling; Serving Sizes'' (58 FR 2229, January 6, 1993)], that the products belonged to the ""Other dessert toppings"" category under ""Dessert Toppings and Fillings"" of21 C.F.R., 101.12(b) with a RACC of2 tablespoon [sic] (tbps). U.S. Food and Drug Administration Center for Food Safety & Applied Nutrition 5001 Campus Drive College Park,",https://www.regulations.gov/document/FDA-2014-P-0263-0022
FDA-2014-P-2140-0008,FDA-2014-P-2140,Denial letter from FDA CDER to Lachman Consultant ,FDA CDER to Lachman Consultant,CDER,Denied,Procedural - Administrative Deficiency,high,"21 cfr 10, cfr 10, format","93(e)(1)(vi). Therefore, FDA denies your petition because a drug product is approved in an NDA for the change described in the petition (Tepadina® [Thiotepa] for Injection, 100 mg/vial, approved under NDA 208264, held by Adienne SA). If you disagree with our determination concerning the approvability of your petition as originally submitted, you may seek a reconsideration of the decision not to approve your petition following the procedures set forth in 21 CFR 10.33. Requests for reconsideration must be based solely on the information contained in your original petition and must be submitted in accordance with 21 CFR 10.20, in the format outlined in § 10.33 and no later than 30 days after the date of the decision involved. Petitions for reconsideration should be filed with the Dockets Management Branch at the address listed below. If there is additional information not included as part of your original submission that you would like the Agency to consider, you should submit a new petition including all the necessary in",https://www.regulations.gov/document/FDA-2014-P-2140-0008
FDA-2015-P-2626-0004,FDA-2015-P-2626,Final Response Letter from FDA CDER to US WorldMed,FDA CDER to US WorldMed,CDER,Denied,Procedural - Already Addressed/Moot,medium,current,"etition at 1-2. For the reasons described below, we are denying the actions requested in your Petition. I. BACKGROUND A. Apokyn Currently, the only approved drug-device combination product containing apomorphine and intended for use in the advanced Parkinson's disease population is Apokyn (apomorphine hydrochloride injection), new drug application (NDA) 021264, held by US WorldMeds LLC. FDA approved Apokyn on April 20, 2004 for the acute, intermittent treatment ofhypomobility, ""off' episodes (""end-of-dose wearing off' and unpredictable ""on/off' episodes) associated with advanced Parkinson's disease. Apokyn is supplied in prefilled glass cartridges and is labeled for use only with a pen injector called the Apokyn Pen, which is itself labeled for use only with Apokyn cartridges. The ""DOSAGE AND ADMINISTRATION"" section of Apokyn's current FDA-approved labeling 1 instructs healthcare providers to perform the initial dose and dose titrations, and states that ""[a] caregiver or patient may administer Apokyn if a health care p",https://www.regulations.gov/document/FDA-2015-P-2626-0004
FDA-2015-P-4237-0006,FDA-2015-P-4237,Petition Response Letter from FDA CDER to Gland Ph,FDA CDER to Gland Ph,CDER,Denied,Procedural - Administrative Deficiency,medium,regulation,"below, the Agency denies your request. We have reviewed your petition under section 505(j)(2)(C) of the Act and FDA’s implementing regulations at 21 CFR 314.93. FDA will approve a petition properly submitted under § 314.93 unless FDA finds, among other grounds for denying such a petition, any of the proposed changes from the listed drug would jeopardize the safe or effective use of the drug product so as to necessitate significant labeling changes to address the newly introduced safety or effectiveness problem. See section 505(j)(2)(C) of the Act; 21 CFR 314.93(e)(1)(iv). The Agency has determined that your proposed change in strength raises questions of safety. The petition seeks a change in strength (concentration) and presentation from the listed drug product, Mesnex Injection, a concentrated solution of 1000 mg/10 mL (100 mg/mL) multi-dose vial, to the proposed Mesna Injection in a 1000 mg/50 mL (20 mg/mL) ready-to-use IV infusion bag. We are denying this petition because the proposed change necessitates signific",https://www.regulations.gov/document/FDA-2015-P-4237-0006
FDA-2015-P-2375-0006,FDA-2015-P-2375,Public Citizen Seprafilm Final Response,,,Denied,Procedural - Administrative Deficiency,high,"21 cfr 10, cfr 10","cribed below, in accordance with 21 CFR 10.30(e) we are denying your request. We note, however, that in response to the concerns raised in this Petition, additional warnings and labeling changes have been implemented, as discussed in more detail below in various sections of this letter. In addition, we note that Seprafilm remains the only approved product in the US market indicated to reduce adhesion in the abdominal cavity. When used according to the approved Indications for Use, Seprafilm provides surgeons with an important clinical tool for use under the incision in patients who have a high likelihood of requiring reoperation through the same incision. A. Factual Background FDA approved the Seprafilm PMA (P950034) on August 12, 1996. Seprafilm is a sterile bioresorbable membrane (adhesion) barrier composed of two chemically modified polymers, i.e., sodium hyaluronate (HA) and carboxymethylcellulose (CMC). Seprafilm is indicated for use in patients undergoing abdominal or pelvic laparotomy as an adjunct intended to",https://www.regulations.gov/document/FDA-2015-P-2375-0006
FDA-2016-P-4388-0013,FDA-2016-P-4388,Response Letter from FDA CDER to Dr  S  Varghese,FDA CDER to Dr  S  Varghese,CDER,Denied,Other Denial Reason,low,,"26 3 a drug intended for use by man which ─ (A) because of its toxicity or other potentiality for harmful effect, or the method of its use, or the collateral measures necessary to its use, is not safe for use except under the supervision of a practitioner licensed by law to administer such drug; or (B) is limited by an approved application under section 505 to use under the professional supervision of a practitioner licensed by law to administer such drug . . . . Under section 503(b)(1) of the FD&C Act, a drug that meets either of these criteria must be dispensed by prescription only. Drugs that do not meet the criteria set forth in section 503(b)(1) may be marketed as nonprescription drugs. To be approved as a nonprescription product, FDA must determine the drug is safe and effective for use without the supervision of a licensed healthcare practitioner.9 A drug product can be made available without a prescription pursuant to an approved new drug application (NDA) or abbreviated new drug application (ANDA) under",https://www.regulations.gov/document/FDA-2016-P-4388-0013
FDA-2016-P-0159-0006,FDA-2016-P-0159,Denial letter from the FDA CDRH to Biorex Labs LLC,the FDA CDRH to Biorex Labs LLC,CDRH,Denied,Procedural - Administrative Deficiency,high,"regulation, format","irza: The Food and Drug Administration (FDA) has reviewed the above referenced petition for exemption from premarket notification (510(k)) pursuant to section 510(m)(2) of the Federal Food, Drug and Cosmetic Act (FD&C Act) (21 U.S.C. 360(m)(2)). This petition seeks exemption frotn the premarket notification requirements for ""method, metallic reduction, glucose (urinary, non-quantitative)"" devices that are in a reagent tablet format, and are classified as class II devices under 21 CFR 862.1340, urinary glucose (nonquantitative) test system (hereinafter referred to as ""copper reduction tablet test""). FDA identifies this generic type of device as a device intended to measure glucosuria (glucose in urine). Urinary glucose (nonquantitative) measurements are used in the diagnosis and treatment of carbohydrate metabolism disorders including diabetes mellitus, hypoglycetnia, and hyperglycemia. Devices under this classification regulation require premarket notification under section 510(k) of the FD&C Act (21 U.S.C. 360(k)). On Ma",https://www.regulations.gov/document/FDA-2016-P-0159-0006
FDA-2017-P-6663-0014,FDA-2017-P-6663,Letter of Denial from FDA CDRH to Dr   Albert Edwa,FDA CDRH to Dr   Albert Edwa,CDRH,Denied,Procedural - Administrative Deficiency,high,"submission, compliance","s.” You also state that the Commissioner should review and inspect the Edwards “400+ page JTF File’” to “assist in determining whether the model 5100 ring has 40 different characteristics or is just the ‘same technology and materials’.”1 Your Petition makes several of the same arguments included in a previous citizen petition you submitted in June 2011 (“2011 Petition”).2, 3 We have carefully considered your Petition and Edwards’ comment on your Petition dated May 29, 2018. For the reasons discussed below, we are denying your Petition. We interpret your request to investigate Edwards’ marketing of the dETlogix annuloplasty ring, formerly known as the Myxo ETlogix annuloplasty ring (“Myxo ETlogix”) from 2007 to 2009, including the contents of Edwards’ patent filings for the Myxo ETlogix and patent filings related to future 510(k) or PMA submissions, to be a request for FDA to render an opinion on whether Edwards’ actions were in compliance with the law and take enforcement action as appropriate. As explained in o",https://www.regulations.gov/document/FDA-2017-P-6663-0014
FDA-2017-P-0867-0107,FDA-2017-P-0867,Final Response Letter from FDA CBER to Public Citi,FDA CBER to Public Citi,CBER,Denied,Procedural - Administrative Deficiency,medium,format,"oxyethyl starch (HES) intravenous (IV) solutions” because you believe that “the solutions’ risks outweigh their limited benefits” and “there are a number of other, safer alternative IV solutions for the uses for which HES solutions are approved.” Petition at 1. FDA sent you an interim response to the Petition on July 25, 2017. This letter responds to the Petition in full. In this letter, we first review HES products and their recent regulatory history. We then present the applicable legal and regulatory framework, including the authorities under which FDA may require safety labeling changes for approved prescription drug products. We next discuss FDA’s approach to assessing the clinical studies and other data and information relevant to the Petition. We describe our determination that, to reflect new safety information, changes to the labeling of all HES products are warranted. We consider the grounds presented in the Petition for the action you are requesting in light of these safety labeling changes and the legal",https://www.regulations.gov/document/FDA-2017-P-0867-0107
FDA-2018-P-4832-0005,FDA-2018-P-4832,Final Response Letter from FDA CDER to Goodwin Pro,FDA CDER to Goodwin Pro,CDER,Denied,Procedural - Administrative Deficiency,medium,submission,"lp distinguish strengths.2 FDA has carefully reviewed the Petition and the submissions to docket FDA-2018-P-4832.3 For 1 See Petition at 1. 2 Id. 3 Provell Pharmaceuticals submitted a comment dated February 20, 2019, arguing that FDA should deny the Petition. Specifically, the comment argues that color coding may be ineffective for some patients. The comment notes that, in this context, Euthyrox’s dose strength imprints can assist color blind patients in safely differentiating between tablet strengths. Additionally, the comment notes that braille on Euthyrox containers can assist blind or visually impaired patients. According to the comment, these packaging improvements combined with the color coding of each blister pack are more likely to reduce, rather than increase, the risk of look-alike errors. The comment also argues that the overall risk of look-alike error is minimal because patient access is limited to what is prescribed by their physicians, and most patients will only have access to a single strength of Eut",https://www.regulations.gov/document/FDA-2018-P-4832-0005
FDA-2018-P-1532-0007,FDA-2018-P-1532,Petition Denial Letter from FDA CDER to King   Spa,FDA CDER to King   Spa,CDER,Denied,Procedural - Administrative Deficiency,high,"21 cfr 10, cfr 10, format","93(e)(1)(vi). Therefore, FDA denies your petition because a drug product is approved in an NDA for the change described in the petition (Ephedrine Sulfate Injection, 50 mg/10 mL (5 mg/mL), approved under NDA 213994, held by Endo Ventures Ltd.) If you disagree with our determination concerning the approvability of your petition as originally submitted, you may seek a reconsideration of the decision not to approve your petition following the procedures set forth in 21 CFR 10.33. Requests for reconsideration must be based solely on the information contained in your original petition and must be submitted in accordance with 21 CFR 10.20, in the format outlined in § 10.33 and no later than 30 days after the date of the decision involved. Petitions for reconsideration should be filed with the Dockets Management Branch at the address listed below. If there is additional information not included as part of your original submission that you would like the Agency to consider, you should submit a new petition including all the",https://www.regulations.gov/document/FDA-2018-P-1532-0007
FDA-2018-P-3742-0005,FDA-2018-P-3742,Final Response from FDA CDER to Pharmacmechanics,FDA CDER to Pharmacmechanics,CDER,Denied,Procedural - Already Addressed/Moot,medium,adequate,"d method are appropriately qualified. Therefore, because the dissolution methods are validated as described in more detail below, and qualified dissolution testers are used as part of these validated methods, we are confident that lawfully marketed drug products undergo adequate dissolution testing.11 You acknowledge in the Petition that USP General Chapter <711> includes the specifications and instructions to follow for the use of dissolution apparatus.12 The International Council for Harmonisation of Technical Requirements for Pharmaceuticals for Human Use (ICH) regards USP General Chapter <711> Dissolution as interchangeable13 under the ICH guideline Q4B Evaluation and Recommendation of Pharmacopoeial Texts for Use in the ICH Regions (November 2007) under certain conditions, indicating the international regulatory community views the dissolution apparatus and methods in that chapter as reliable.14 The ICH guidance for industry Q4B Evaluation and Recommendation of Pharmacopoeial Texts for Use in the ICH Regions An",https://www.regulations.gov/document/FDA-2018-P-3742-0005
FDA-2018-P-0884-0005,FDA-2018-P-0884,Response Letter from FDA CDER to Buchanan Ingersol,FDA CDER to Buchanan Ingersol,CDER,Denied,Procedural - Administrative Deficiency,medium,format,"r CIC patients. AE information is included here because the 290 mcg dosage strength is commercially available for another therapeutic use. Only the 145 mcg and 72 mcg dosage strengths are recommended for CIC”; (3) Add an additional paragraph to the Adverse Reactions Leading to Discontinuations sections that states: “Subjects were allowed to stop taking study drug for up to 3 days should an intolerable AE occur. Those intolerable AEs are not included in this Section. As such, the percentages presented here represent only a subset of all adverse reactions that led to discontinuation”; and (4) Add an asterisk to Tables 1 and 2, as well as the additional Table that [the petition proposed] to reflect AEs in Trial 5, to state: “Each event at a minimum must have met a threshold of being an ‘annoyance’ to the patient to be listed as an adverse event in this Table. This approach incorporates an additional subjective threshold for AE collection, which deviates from standardized NCI Common Terminology Criteria for Adverse Even",https://www.regulations.gov/document/FDA-2018-P-0884-0005
FDA-2018-P-1531-0008,FDA-2018-P-1531,Denial Letter from CDER to King   Spalding LLP,CDER to King   Spalding LLP,CDER,Denied,Procedural - Administrative Deficiency,high,"21 cfr 10, cfr 10, format","93(e)(1)(vi). Therefore, FDA denies your petition because a drug product is approved in an NDA for the change described in the petition (Akovaz (ephedrine sulfate injection, USP), 25 mg/5 mL (5 mg/mL), approved under NDA 208289, held by Exela Pharma Sciences LLC). If you disagree with our determination concerning the approvability of your petition as originally submitted, you may seek a reconsideration of the decision not to approve your petition following the procedures set forth in 21 CFR 10.33. Requests for reconsideration must be based solely on the information contained in your original petition and must be submitted in accordance with 21 CFR 10.20, in the format outlined in § 10.33 and no later than 30 days after the date of the decision involved. Petitions for reconsideration should be filed with the Dockets Management Branch at the address listed below. If there is additional information not included as part of your original submission that you would like the Agency to consider, you should submit a new petitio",https://www.regulations.gov/document/FDA-2018-P-1531-0008
FDA-2019-P-2124-0022,FDA-2019-P-2124,Denial letter for Petition for Reconsideration fro,,,Denied,Procedural - Administrative Deficiency,medium,administrative,"cle Lebanon, Indiana 46052 Re: Petition for Reconsideration; Docket Nos. FDA-2019-P-2124 and FDA-2020-P-1220 Dear Dr. Srinivasan, This letter responds to your “Petition[s] for Administrative Reconsideration under §10.33” (hereinafter Petition), filed on April 28, 2019 and March 27, 2020, respectively.1 Pursuant to authority delegated by the Commissioner of Food and Drugs (the Commissioner) and for the reasons set forth below, I deny your petition. On September 19, 2017, the Center for Devices and Radiological Health (CDRH) received your De Novo request pertaining to the classification of Srilas 7, Low Intensity Laser Ablation (LILA) System (Srilas 7).2 On April 3, 2019, CDRH denied C Laser’s De Novo request for classification and found that, based on Srilas 7’s indications, the Srilas 7 did not meet the criteria under section 513(a)(1) of the Federal Food, Drug, and Cosmetic Act (FD&C Act) for classification into class I or II and that, therefore, the device would remain in class III.3 CDRH stated that C Laser",https://www.regulations.gov/document/FDA-2019-P-2124-0022
FDA-2020-P-1859-0006,FDA-2020-P-1859,Denial Letter Final response for Suitability Petit,,,Denied,Procedural - Administrative Deficiency,high,"21 cfr 10, cfr 10, format","93(e)(1)(vi). Therefore, FDA denies your petition because a drug product is approved in an NDA for the change described in the petition: Doxercalciferol Injection 10 mcg/5 mL (2mcg/mL), approved under NDA 208614, held by Hospira Inc.1 If you disagree with our determination concerning the approvability of your petition as originally submitted, you may seek a reconsideration of the decision not to approve your petition following the procedures set forth in 21 CFR 10.33. Requests for reconsideration must be based solely on the information contained in your original petition and must be submitted in accordance with 21 CFR 10.20, in the format outlined in § 10.33 and no later than 30 days after the date of the decision involved. Petitions for reconsideration should be filed with the Dockets Management Branch at the address listed below. If there is additional information not included as part of your original submission that you would like the Agency to consider, you should submit a new petition including all the necessary i",https://www.regulations.gov/document/FDA-2020-P-1859-0006
FDA-2020-P-1601-0069,FDA-2020-P-1601,Denial Letter from FDA CBER to Siri   Glimstad LLP,FDA CBER to Siri   Glimstad LLP,CBER,Denied,Procedural - Administrative Deficiency,medium,format,"and the Amended PSA in full. We have carefully reviewed the Petitions, comments submitted to the docket, and other information available to the Agency. Based on our review of these materials and for the reasons described 2 Development and Licensure of Vaccines to Prevent COVID-19; Guidance for Industry, June 2020, https://www.fda.gov/media/139638/download. 3 below, we conclude that the Petitions do not contain facts demonstrating any reasonable grounds for the requested action. In accordance with 21 CFR § 10.30(e)(3) and 10.35(e), and for the reasons stated below, FDA is denying the Petitions. Here is an outline of our response: I. Background II. Vaccines That Are FDA-Licensed or Receive an Emergency Use Authorization Meet Relevant Statutory Requirements A. Licensed Vaccines Are Safe 1. Vaccines Are Shown to Be Safe at the Time of Licensure 2. Vaccine Safety Continues to Be Monitored Post-Licensure B. An Emergency Use Authorization for a COVID-1",https://www.regulations.gov/document/FDA-2020-P-1601-0069
FDA-2021-P-0529-1077,FDA-2021-P-0529,Response Letter to Citizen Petition from FDA CBER ,FDA CBER,CBER,Denied,Procedural - Administrative Deficiency,medium,"format, current","to the CP and the PSA in full. FDA has carefully reviewed the Petitions and other relevant information. Based on our review of these materials and for the reasons described below, we conclude that the Petitions do not contain facts demonstrating any reasonable grounds for the requested action. In accordance with 21 CFR §§ 10.30(e)(3) and 10.35(e), and for the reasons stated below, FDA is denying the Petitions. I. Background There is currently a pandemic of respiratory disease, Coronavirus Disease 2019 (COVID-19), caused by a novel coronavirus, SARS-CoV-2. The COVID-19 pandemic presents an extraordinary challenge to global health. On January 31, 2020, the Department of Health and Human Services (HHS) issued a declaration of a public health emergency related to COVID-19.2 On February 4, 2020, pursuant to section 564 of the FD&C Act, the Secretary of HHS determined that there is a public health emergency that has a significant potential to affect national security or the health and security of U.S. citizens living abroa",https://www.regulations.gov/document/FDA-2021-P-0529-1077
FDA-2022-P-0095-0004,FDA-2022-P-0095,Final Response from FDA CVM to HARRY DUTY Redacted,FDA CVM to HARRY DUTY Redacted,CVM,Denied,Procedural - Administrative Deficiency,high,"21 cfr 10, cfr 10, addressed","se statements are not addressed in this response because they are not relevant to the action requested in the petition. For the reasons stated above and in accordance with 21 CFR 10.30(e)(3), we are denying your petition. Sincerely, Steven M. Solomon, DVM, MPH Director, Center for Veterinary Medicine Steven Solomon -S Digitally signed by Steven Solomon -S Date: 2022.07.15 08:07:44 -04'00'",https://www.regulations.gov/document/FDA-2022-P-0095-0004
FDA-2022-P-1667-0003,FDA-2022-P-1667,Response Letter from FDA CDER to Chem IQ FZCO,FDA CDER to Chem IQ FZCO,CDER,Denied,Procedural - Administrative Deficiency,medium,format,"a notice in the Federal Register announcing that the Agency has determined that NDA 017814 was not discontinued or withdrawn from sale for safety or effectiveness reasons. 8 For purposes of this response, the term generic drug refers to a new drug product for which approval is sought in an ANDA submitted under section 505(j) of the FD&C Act. 9 A reference listed drug or RLD is “the listed drug identified by FDA as the drug product upon which an applicant relies in seeking approval of its ANDA” (§ 314.3(b) (21 CFR 314.3(b))). RLDs are identified in FDA’s list of Approved Drug Products with Therapeutic Equivalence Evaluations, generally known as the Orange Book, available at https://www.accessdata.fda.gov/scripts/cder/ob/. 10 See section 505(j)(2)(A)(iv) of the FD&C Act (requiring “information to show that the new drug is bioequivalent to the listed drug”); § 314.94(a)(7) (21 CFR 314.94(a)(7)) (requiring, as part of ANDA content and format, information to show that the drug product is bioequivalent to the RLD); and 21 CFR 314",https://www.regulations.gov/document/FDA-2022-P-1667-0003
FDA-2022-P-1444-0006,FDA-2022-P-1444,Response Letter from FDA CBER to National Hemophil,FDA CBER to National Hemophil,CBER,Denied,Procedural - Administrative Deficiency,high,"regulation, format, do not agree","etranacogene dezaparvovec. We have carefully reviewed the Petition, comments to the docket, and other information available to the Agency. Based on our review of these materials, and for the reasons described below, we do not agree that the approval of etranacogene dezaparvovec requires a REMS or that it would be appropriate to include the complete eligibility criteria utilized in the clinical trials in its prescribing information. In accordance with Title 21 Code of Federal Regulations (CFR) 10.30(e)(3), and for the reasons stated below, FDA is denying the Petition in part and will respond to the remainder of the Petition at a later date. 1 Petition at 2. 2 I. BACKGROUND CSL Behring submitted a biologics license application (BLA) under section 351(a) of the Public Health Service Act (PHS Act) (42 U.S.C. 262(a)) seeking approval of etranacogene dezaparvovec, an adeno-associated virus vector-based gene therapy,2 for the treatment of adults with hemophilia B. Hemophilia B, also known as Christmas",https://www.regulations.gov/document/FDA-2022-P-1444-0006
FDA-2022-P-1444-0007,FDA-2022-P-1444,Response Letter from FDA CBER to National Hemophil,FDA CBER to National Hemophil,CBER,Denied,Procedural - Administrative Deficiency,high,"regulation, format, do not agree","aloctocogene roxaparvovec.2 We have carefully reviewed the Petition, comments to the docket, and other information available to the Agency. Based on our review of these materials, and for the reasons described below, we do not agree that the approval of valoctocogene roxaparvovec requires a REMS or that it would be appropriate to include the complete eligibility criteria utilized in the clinical trials in its prescribing information. In accordance with Title 21 Code of Federal Regulations (CFR) 10.30(e)(3), and for the reasons stated below, FDA is denying the Petition. 1 Petition at 2. 2 On November 22, 2022, we responded in part to your petition with respect to etranacogene dezaparvovec; denying your request that a REMS is required as a condition of approving etranacogene dezaparvovec and denying your request to include the eligibility (inclusion and exclusion) criteria utilized in the clinical trials in the product labeling. 2 I. BACKGROUND BioMarin submitted a biologics license application (BLA) u",https://www.regulations.gov/document/FDA-2022-P-1444-0007
FDA-2024-P-2326-0009,FDA-2024-P-2326,Response Letter from FDA CDER to Hyman  Phelps   M,FDA CDER to Hyman  Phelps   M,CDER,Denied,Procedural - Administrative Deficiency,high,"format, compliance, previously","etition at 17). The Petition further asserts that because CGMP compliance is a statutory requirement for approval, neither tentative nor full approval of an NDA may be “awarded or maintained where any aspect of the applicant’s supply chain is noncompliant or in doubt,” and requests that FDA rescind its previously granted tentative approval of Yutrepia due to the violations of CGMP requirements that FDA had found at LGM’s facility (Petition at 17-19). Based on our review of Liquidia’s manufacturers and suppliers and comprehensive evaluation of relevant information11 available to the Agency regarding the manufacturing, processing, packing, and holding of Yutrepia, we do not agree that recission of the tentative approval of the Yutrepia NDA is warranted. The Petition identifies LGM as the “sole” supplier of the API, treprostinil sodium, for Liquidia (Petition at 1). However, Liquidia has informed FDA that YS Life Science Company, Limited (Yonsung), formerly Yonsung Fine Chemicals Company, Limited, is Liquidia’s sole trepr",https://www.regulations.gov/document/FDA-2024-P-2326-0009
FDA-2024-P-2085-0007,FDA-2024-P-2085,Final Response Letter from FDA CDER to Hospira Inc,FDA CDER to Hospira Inc,CDER,Denied,Substantive - FDA Disagrees,high,"submission, disagree, not support","be appropriate, as it would not be accepted for review.”3 This argument does not support approval of your petition. As explained above, FDA will not approve a suitability petition if a drug product is approved in an NDA for the change described in the petition. Instead, “[i]f a 1 Suitability Petition, at 4. 2 Id. at 5. 3 Id. U.S. Food & Drug Administration 10903 New Hampshire Avenue Silver Spring, MD 20993 www.fda.gov pharmaceutically equivalent drug product has been approved in an NDA, the ANDA applicant should refer to the approved pharmaceutical equivalent designated by the Agency as the RLD as its basis for ANDA submission.” 4 In this case, FDA has approved Vancomycin Hydrochloride for Injection, 1.25 g base/vial, under NDA 209481 – a drug product that is pharmaceutically equivalent to the drug product proposed in your suitability petition.5 Thus, your petition is denied under 21 CFR 314.93(e)(1)(vi). If you disagree with our determinat",https://www.regulations.gov/document/FDA-2024-P-2085-0007
FDA-2001-P-0123-0029,FDA-2001-P-0123,FDA Response to The Center for Reproductive Law & Policy - Petition Denial,The Center for Reproductive Law & Policy,CDER,Denied,Procedural - Premature/Pending,medium,"pending, format","the thousands of comments to it that we received, we are denying your petition for the reasons discussed below. It should be immediately noted, however, that FDA's denial of your citizen petition has no bearing on Barr's Supplemental New Drug Application (SNDA) seeking an Rx to OTC switch for Plan B . The SNDA is still pending. FDA has not made a final decision whether emergency contraception will be switched to OTC status and, if an OTC switch occurs, which age groups would be involved . Soon after your petition was filed, we made a preliminary determination that your petition and its supporting information did not provide sufficient data to satisfy the statutory requirements to approve an OTC switch for emergency contraceptives, as documented in memoranda dated February 28, 2001 and April 12, 2001 . However, as we have done on other occasions, we deferred responding to your petition because we anticipated that the then-sponsor of Plan B (Barr's predecessor) would submit additional ~ Hereafter, we discuss your petition r",
FDA-2004-P-0001-0004,FDA-2004-P-0001,FDA/CBER Response to Coalition for Mercury-free Drugs (CoMeD) - Petition Denial,Coalition for Mercury-free Drugs (CoMeD),CBER,Denied,Substantive - Insufficient Evidence,medium,"lack, not support","ize for the delay in responding to the petition . After review and consideration, we deny the petition for the reasons stated below in this response . We first address the underlying basis far all the actions you request : your contention that all licensed and approved products containing thimerosal are unsafe . The first part of our discussion explains how FDA came to the conclusion that those licensed and approved products are safe . The second part explains why the studies on which you rely do not support your contention. Following that science-based discussion on safety, we address your legal arguments. We reiterate that for the scientific reasons explained above, none of the legal actions or remedies you seek are warranted. We then explain why your claims that the government has violated people's rights lack merit and do not support your petition . Here is an outline of our response : I. LICENSED AND APPROVED PRODUCTS ARE SAFE A. Exposure to Mercury through Vaccines is Minimal Thinzerosal in routinely recommended p",
FDA-2004-P-0009-0004,FDA-2004-P-0009,FDA/CDER to Public Citizen - Petition Denial,Public Citizen,CDER,Denied,Procedural - Premature/Pending,medium,ongoing,"ailure or kidney damage occur. We have carefully reviewed your petition and the supplements you submitted on May 18 and October 29,2004, and March 10,2005. We also reviewed comments on the petition submitted by AstraZeneca on July 20, August 16, and November 5,2004, as well as comments submitted by John Blenkinsopp, M.D., on August 11,2004, For the reasons stated below, your request that we immediately remove Crestor from the market is denied. To address certain concerns related to the use of Crestor, AstraZeneca has agreed to revise Crestor’s labeling and to issue a Dear Healthcare Professional letter describing these changes. We will continue to closely monitor ongoing clinical trials and adverse event reports involving Crestor, and we will take further action if needed to protect patients. I. BACKGROUND A. Rosuvastatin Rosuvastatin is a lipid-altering drug in the class of drugs known as statins. As a class, statins have been shown to lower cholesterol, which can further reduce the risk of cardiovascular mortality a",
FDA-2004-P-0014-0002,FDA-2004-P-0014,"FDA Response to Pfizer Inc., (Wiley Rein & Fielding LLP) - Petition Denial",Pfizer Inc. - [Wiley Rein & Fielding Llp],CDER,Denied,Procedural - Premature/Pending,medium,before,"or of an applicant eligible for the exclusivity). Because exclusivity can be triggered by a court decision or by the commercial marketing of another applicant who shares exclusivity, it may begin to run before an eligible ANDA applicant can market its own product.3 Section 505(j)(5)(B)(iv) of the Act states: If the application contains a certification described in subclause (IV) of paragraph (2)(A)(vii) and is for a drug for which a previous application has been submitted under this subsection [containing] such a certification, the application shall be made effective not earlier than one hundred and eighty days after- (I) the date the Secretary receives notice from the applicant under the previous application of the first commercial marketing of the drug under the previous application, or (II) the date of a decision of a court. ..holding the patent which is the subject of the certification to be invalid or not infringed, whichever is earlier.4 (emphasis added) 321 V.S.C. 355(j)(5)(B)(iv); 21 C.F.R. 3l4.l07(c). Multiple ANDA applicant",
FDA-2004-P-0274-0003,FDA-2004-P-0274,FDA/Center for Drug Evaluation and Research to ALZA Corporation - Petition Denial,Alza Corporation,CDER,Denied,Other Denial Reason,low,,"stated below, the petitions are denied. Although we are denying the petitions, we intend to continue to monitor incidents of abuse, misuse, and diversion associated with all fentanyl transderrnal systems. Based on this evaluation, we may also consider whether to request a voluntary risk management plan (RMP) for both the innovator and generic fentanyl transderrnal systems and encourage manufacturers to consider the advisability of developing and implementing an RMP for these products. I 2004P-O506/CPl ""Alza Petition,"" 2004P-0472/CPl & SUPl ""BrookoffPetition,"" 2004P-O540/CPl ""Mead Petition,"" and 2004P-O340/CPl ""Shafer Petition."" I. BACKGROUND The fentanyl transdennal system is a fotent opioid analgesic classified in Schedule n under the Controlled Substances Act. The fentanyl transdennal system is indicated for the management of chronic pain in patients who require continuous opioid analgesia. Alza Corporation (Alza) is the sponsor of Duragesic, a fentanyl transdennal system (NDA 19-813).3 Duragesic, approved by FDA in 1990, is a tra",
FDA-2007-P-0009-0010,FDA-2007-P-0009,FDA/CDER Response to National Center on Addiction and Substance Abuse at Columbia University - Denial of Petition,The National Center On Addiction And Substance Abuse At Columbia University (Casa),CDER,Denied,Other Denial Reason,low,,"to craft particularized responses that take into consideration the risks and benefits presented by individual controlled prescription drugs or, where we determine that a multi-product approach is appropriate, classes of such drugs. Accordingly, we do not think a rule requiring a REMS for all opioids is appropriate or warranted at this time, and we note that the Federal Food, Drug, and Cosmetic Act (FD&C Act or Act) does not require that FDA promulgate such a rule. 3 Similarly, we do not think it appropriate at this time to promulgate a rule requiring that each opioid REMS contain each of the elements you request, and we note that such a rule is not required to be promulgated under the Act. Finally, while we will continue to encourage sponsors to develop abuse-deterrent formulations of drugs with abuse potential and we will take appropriate regulatory action regarding such products on a case-by-case basis, we do not think it appropriate at this time to require sponsors to certify that drugs have been formulated to minimiz",
FDA-2007-P-0051-0003,FDA-2007-P-0051,FDA/OC to Sidelines National Support Network  - Petition Denial,Sidelines National Support Network,OC,Denied,Other Denial Reason,low,,"the agency received a request from the sponsor to review the proposed proprietary name, Makena, with the goal of replacing the product name, Gestiva. On December 20, 2010, the agency advised the sponsor that the proposed name change was acceptable. On January 25, 2007, FDA granted Adeza Biomedical of Sunnyvale, California (Adeza) an orphan-drug designation for 1 7-HPC in the prevention of pre-term birth in singleton pregnancies. 2 On April 2, 2007, Adeza was acquired by Cytyc Corporation and, as part of the acquisition, ownership of the orphan-drug designation for 1 7-HPC was transferred to Cytyc Corporation (Cytyc). Then, in October 2007, Cytyc was acquired by Hologic Inc., (Hologic) and, as part of the acquisition, ownership of the orphan designation of 17- HPC, for the prevention of preterm birth in singleton pregnancies, was transferred to Hologic. II. Statutory and Regulatory Standards The Office of Orphan Products Development (OOPD) implements certain provisions of the Orphan Drug Act (ODA) at sections 525 to 528 of",
FDA-2007-P-0055-0007,FDA-2007-P-0055,"Denial Letter from FDA CDER to Therapeutic Proteins International, LLC",Pharmaceutical Scientist Inc.,CDER,Denied,Procedural - Administrative Deficiency,medium,regulation,"biological product under the BPCI Act. (See id.) Because applicants must demonstrate biosimilarity, and not bioequivalence, for proposed biosimilar biological products, we are not addressing the discussion in your Petition regarding the applicability of risk-based bioequivalence testing to biological products (Petition at 3). 2 FDA-2007-P-ooss The determination of bioequivalence of drug products whose primary mechanism of action depends on systemic absorption (e.g., many solid oral dosage forms) generally rests on a comparison of drug and/or metabolite concentrations in an accessible biologic fluid, such as blood or urine, after administration of a single dose or multiple doses of each drug product to healthy volunteers. When this methodology is not appropriate, FDA may, as described in the applicable provisions of the FD&C Act and part 320 (21 CFR part 320 ), rely on other in vivo and/ or in vitro methods to assess bioequivalence. FDA regulations describe these methods in general descending order of accuracy, sensitivity",
FDA-2007-P-0123-0009,FDA-2007-P-0123,"FDA Response to Mutual Pharmaceutical Company, Inc. - Petition Denial","United Research Laboratories, Inc., Mutual Pharmaceutical Company, Inc.",CDER,Denied,Procedural - Administrative Deficiency,high,"administrative, format, submission","ement is dated April 2, 2008 (2007P-0488/SUP2) . Because neither of these supplements contain the verification required by section 505(q)(1)(1) of the Federal Food, Drug, and Cosmetic Act (the Act), FDA may not accept for review this supplemental information. Therefore, we have not reviewed these protocol designs for this response . We believe that protocols for clinical studies are more appropriately submitted to the review divisions within the Office of New Drugs in accordance FDA's draft guidance for industry entitled Drug Interaction Studies-Study Design, Data Analysis, and Implications for Dosing and Labeling (see footnote 7) because these submissions are seeking Agency input and advice rather than requesting specific administrative action . See 21 CFR ]0.25. (Plendil) sponsored by AstraZeneca Pharmaceuticals LP (AsfraZeneca) (New Drug Application (NDA) 19-834). In 2004, FDA approved Mutual's abbreviated new drug application (ANDA) (ANDA 75-896), referencing Plendil as its reference listed drug (RLD). The Drug Price",
FDA-2007-P-0130-0020,FDA-2007-P-0130,Denial Letter Response to National Toxic Encephalopathy from CFSAN,National Toxic Encephalopathy Foundation,CFSAN,Denied,Procedural - Administrative Deficiency,high,"administrative, 21 cfr 10, cfr 10","he importation of the product Angel. After a full review of your petition and as discussed below, in accordance with Title 21 of the Code of Federal Regulations Part 10.30(e)(3) (hereafter abbreviated 21 CFR 10.30(e)(3)), FDA is denying your petition. I. Insufficiency of Action Requested · Your petition does not identify the specific administrative action you are requesting that FDA take, as required by 21 CFR 10.30(b), and appears instead to be a request for FDA to take enforcement action against the product Angel. FDA has no policy. procedure. or provision by which it ''designates"" or ""declares"" a product adulterated or misbranded. 21 CFR 1 0.30(k) provides that the citizen petition process '·does not apply to the referral of a matter to a United · States Attorney for the initiation of court enforcement action."" The referral of such matters to a United States Attorney is within the exclusive discretion of the Commissioner. To the extent that this petition is a request for FDA to take certain enforcement action against th",
FDA-2007-P-0183-0005,FDA-2007-P-0183,"FDA Letter to Purdue Pharma L.P. & Rhodes Technologies, Inc. - Petition Denial",Purdue Pharma L.P. and Rhodes Technologies,CDER,Denied,Procedural - Administrative Deficiency,medium,format,"roved. Technical contents of a DMF are ordinarily reviewed in connection with the review of an application such as an NDA or ANDA. D W s are generally created to allow a party other than the holder of the DMF to reference material without disclosing to that party the contents of the file. See FDA's Guideline for Drug Master Files (September 1989), available at http://www.fda.gov/cder/guidance/dmf.htm. A DMF may contain information about a drug substance, such as oxycodone HCl API, and the materials and controls used in its preparation. In cases in which a DMF holder is manufacturing the oxycodone HCl API, the relevant information about the API is contained in the DMF. 11. DISCUSSION You state in the Petition that when Purdue sought approval from FDA in 2004 of a supplement to use oxycodone HC1 API manufactured by Rhodes in its manufacture of Purdue's approved oxycodone HC1 drug products, both companies were informed that approval of the supplement to substitute Rhodes API would be contingent on successfully addressing th",
FDA-2007-P-0234-0006,FDA-2007-P-0234,"FDA/CDER Response Letter to Terence J. Mix, Esq. - Petition Denial","Terence J. Mix, Esq.",CDER,Denied,Procedural - Already Addressed/Moot,medium,current,"rom using clomiphene citrate. We have carefully reviewed your Petition. For the reasons set forth below, the Petition is denied. I. BACKGROUND Sanofi Aventis is the holder ofnew drug application (NDA) 16-131 for Clomid (clomiphene citrate) oral tablets in SO-milligram (mg) strength. FDA approved Clomid on February 1, 1967. On March 22, 1982, the Agency approved Serophene (clomiphene citrate) (NDA 18-361) oral tablets in 50-mg strength. Since then, FDA has approved two abbreviated new drug applications (ANDAs) for clomiphene citrate drug products (ANDA 72-196, approved December 20,1988, and ANDA 75-528, approved August 30,1999). Clomiphene citrate is a selective estrogen-receptor modulator (SERM) that is indicated for the treatment of ovulatory dysfunction in women desiring pregnancy. In current practice, and consistent with the dosage and administration section ofthe approved labeling, treatment with 1 The Petition was originally assigned docket nwnber 2007P-0470lCPl. The number was changed to FDA­ 2007-P-0234 as a resul",
FDA-2007-P-0234-0014,FDA-2007-P-0234,"FDA/OC to Terence J. Mix, Esq. - Denial of Petition for Reconsideration","Terence J. Mix, Esq.",CDER,Denied,Procedural - Administrative Deficiency,medium,"format, current","Mix: This letter responds to your petition for reconsideration received on October 5, 2009 (Reconsideration Petition). The Reconsideration Petition requests that the Food and Drug Administration (FDA or Agency) reconsider its September 8, 2009, response (Original Petition Response) denying your original citizen petition received on November 29, 2007 (Original Petition). The Original Petition requested that FDA require certain changes to the labeling for Clomid (clomiphene citrate) and that FDA require risk evaluation and mitigation strategies (REMS) and postmarket studies and/or clinical trials for these drug products. FDA has considered the information submitted in the Reconsideration Petition and other relevant data available to the Agency. For the reasons described below, FDA denies the Reconsideration Petition. I. BACKGROUND The Original Petition requested that FDA: 1. Order changes to the labeling, including the package insert, for Clomid (clomiphene citrate) and its currently marketed generics, setting forth reaso",
FDA-2007-P-0243-0006,FDA-2007-P-0243,Final Response Letter to Michael J. Dochniak,Michael J. Dochniak,CFSAN,Denied,Procedural - Administrative Deficiency,high,"21 cfr 10, cfr 10","ge 4). In accordance with 21 CFR 10.30(e)(3), we are denying your petition for the reasons stated below. The basis for your request is presented in Exhibits A-F. Exhibits A and B present evidence that latex allergens may cross-react with certain plant-derived food allergens. As such, individuals sensitized or allergic to latex may experience allergic reactions when they consume these plant- derived food allergens. In some cases, hypersensitivities to the plant-derived food allergens may precede latex sensitization (Exhibit A). Your petition states that although “latex allergy” Page 2 – Mr. Dochniak 2 continues to be a serious health issue, the threshold of sensitivity to the Hevea-b antigenic proteins in Hevea brasiliensis natural-rubber-latex is unknown (Petition at page 4). Exhibit C presents U.S. Patent No. 6,784,281, which describes a method of preparing a low allergic natural rubber latex, and Exhibit D contains the ASTM D1076-06 standard specification for rubber- concentrated, ammonia preserved, crea",
FDA-2010-P-0081-0009,FDA-2010-P-0081,Citizen Petition Denial Response from FDA CFSAN to,FDA CFSAN to,CFSAN,Denied,Procedural - Administrative Deficiency,medium,format,"in this letter.' Your petition requests that FDA review its position regarding the labeling offoods derived from genetically engineered (GE)2 plants as articulated in the 1992 Statement of Policy: Foods Derived from New Plant Varieties (1992 Policy), which states that FDA is not aware of any information showing that foods derived from new methods of genetic modification(~, recombinant DNA (rONA) techniques and cell fusion) differ from other foods in any meaningful or uniform way, or that, as a class, foods developed by the new techniques present any different or greater safety concerns than foods developed by traditional plant breeding (FDA, 1992). Your citizen petition asserts that recent evidence supports revising these conclusions and that such revision ""would initiate [mandatory] labeling"" for foods derived from GE plants (Pet. at 1). Specifically, you assert that foods derived from GE plants differ from other foods, particularly in comparison to foods derived from plants developed through traditional breeding techniques",https://www.regulations.gov/document/FDA-2010-P-0081-0009
FDA-2011-P-0448-0004,FDA-2011-P-0448,Citizen Petition Denial Response from FDA CVM to E,FDA CVM to E,CVM,Denied,Procedural - Premature/Pending,medium,"ongoing, disagree","The term ""significantly as used in NEPA requires considerations of both context and intensity."" 40 CFR § 1508.27. "" [I]ntensity . .. refers to the severity of impact."" 40 CFR § 1508.27 lists I 0 considerations for an agency to evaluate in determining the intensity of an action. You assert that the considerations listed in subparts (b)(4), (5), and (6) ""weigh heavily in favor of the preparation of an EIS."" CP at 5. We disagree. The first of the considerations upon which you rely is ""[t]he degree to which the effects on the quality of the human environment are likely to be highly controversial."" 40 CFR § 1508.27(b)(4). You assert that ""uncertainties associated with ABT's application have generated ongoing controversy among a broad-range of experts, lawmakers, and consumer health and environmental advocates, both within the United States and abroad,"" and cite to several letters, an email, and proposed federal, state and Canadian legislation. CP at 5 & n.J. These letters, email, and proposed legislation, however, reflect only",https://www.regulations.gov/document/FDA-2011-P-0448-0004
FDA-2011-P-0064-0042,FDA-2011-P-0064,FDA CDER to Barbara L  Maw  P C    Petition Denial,Barbara L  Maw  P C    Petition Denial,CDER,Denied,Procedural - Administrative Deficiency,high,"regulation, format","duals wiling to sign a waiver.3 We have carefully reviewed the Petition, Petition Supplement, and supporting comments submitted by members of the public, and have found no basis for reversing our request that PPX Products be withdrawn from the market. Accordingly, your petition is denied. Our reasons for denying the Petition are discussed in section II of this letter, following a review of pertinent regulatory authorities and background information. i The Petition was received by the Food and Drug Administration (FDA) on January 28, 201 1. The Petition Supplement was received on April 26, 20 11, and fied as FDA-20 II-P-0064/SUP. These documents and public comments on the Petition can be viewed electronically at http://www.regulations.gov/ in docket number FDA-20 1 i -P-0064. 2 Petition at 1. The Petition generally uses the term ""recall"" or ""requested recall"" to describe FDA's request for PPX Products to be removed from the market. However, in the drug regulatory context, ""recall"" has a different meaning (i.e., the physical recovery of",https://www.regulations.gov/document/FDA-2011-P-0064-0042
FDA-2011-P-0573-0059,FDA-2011-P-0573,Citizen Petition Denial Response from FDA CTP to R,FDA CTP to R,,Denied,Procedural - Already Addressed/Moot,medium,current,"sers). That docket closed April 1, 2013. FDA has reviewed the comments to that docket, along with comments submitted to the docket for the citizen petition and other available current scientific evidence, to evaluate whether there is Page 2- Martin L. Holton III, R.J. Reynolds Tobacco Company sufficient evidence to support a finding that changes to the smokeless tobacco product warnings would promote greater public understanding of the risks associated with the use of smokeless tobacco products. Based on its review, FDA does not intend to propose any changes to the smokeless tobacco warnings at this time. However, new developments in research may be pivotal in determining whether changes to warning statements should be made. FDA intends to monitor the warning statements on smokeless tobacco products for effectiveness and may propose changes to the smokeless tobacco warnings if there is evidence to show that such changes would promote greater public understanding of the risks associated with smokeless tobacco products. I.",https://www.regulations.gov/document/FDA-2011-P-0573-0059
FDA-2012-P-1158-0004,FDA-2012-P-1158,Petition Denial August 5  2016,,,Denied,Other Denial Reason,low,,"opposition to GE mosquitoes or GE technology. 2 Because the field trial is planned for Key Haven rather than Key West, we do not address your points that concern impacts on Key West specifically. B. Risk Associated With Saliva From Mosquito Bites Your petition cites a possible risk ""of releasing biting females, including possible increased risk of allergic reactions if people are bitten."" Petition, p. 2. FDA examined the potential of any risk associated with . bites from Oxitec mosquitoes and determined that that it is highly unlikely that humans or animals bitten by an Oxitec mosquito would be exposed to the proteins engineered in these mosquitoes (tTAV and DsRed2 proteins). First, almost all of the OX513A mosquitoes released for the investigational field trial will be male, and male mosquitoes do not bite humans or other animals. They are, therefore, not expected to have any direct impacts on human or animal health. FONSI, p. 3. Furthermore, even if a female Oxitec mosquito bit a human or animal, the human or animal woul",https://www.regulations.gov/document/FDA-2012-P-1158-0004
FDA-2013-P-0048-0009,FDA-2013-P-0048,Citizen Petition Denial Response from FDA CDER to ,FDA CDER to,CDER,Denied,Procedural - Administrative Deficiency,medium,submission,"on the Petition was a typographical error. Also, because the Petition is not page- numbered and includes a cover page, for purposes of this response we consider the cover page to be part of the Petition, and refer to the Petition page numbers accordingly (i.e., the cover page is considered page 1 of the Petition). 2 Anonymous submissions in support of the Petition were received on September 3, September 24, and October 29,2013, and on January 23, April14, and September 26, 2014. A signed submission opposing the Petition was received on January 27, 2014. Signed submissions in support ofthe Petition were received on February 2, February 9, March 6, April20, April27, and October 5, 2015. Docket No. FDA-2013-P-0048 We have carefully considered the Petition and submissions to the docket. The Petition's requests are denied for the reasons described below. I. BACKGROUND A. Ondansetron Indications and Unapproved Use 1. Approved Indications Ondansetron is a type three 5-hydroxytryptamine receptor antagonist indicated for use i",https://www.regulations.gov/document/FDA-2013-P-0048-0009
FDA-2014-P-1593-0004,FDA-2014-P-1593,Petition Denial Response,,,Denied,Other Denial Reason,low,,"es on bioavailability is evaluated as part of the review of an ANDA application. If FDA waives a requirement for in vivo bioequivalence studies for a proposed generic version ofPrepopik when the conditions set forth above are met, FDA will not require clinical efficacy endpoint studies or in vitro dissolution testing to demonstrate bioequivalence. 14 This request in your Petition is therefore denied. B. FDA Will Not Require Clinical Efficacy Endpoints to Demonstrate Bioequivalence to Prepopik You claim that comparative clinical efficacy endpoint studies are necessary to demonstrate the bioequivalence of a proposed generic form ofPrepopik for several reasons (Petition at 16-30). As discussed above in section II.A, FDA will not require clinical efficacy endpoint studies to establish bioequivalence to Prepopik because it may be appropriate to waive the requirement to submit bioequivalence data for proposed generics of this oral solution. Nonetheless, we address below each argument set forth in your Petition. You argue that n",https://www.regulations.gov/document/FDA-2014-P-1593-0004
FDA-2014-P-2193-0014,FDA-2014-P-2193,Citizen Petition Denial Response Letter from FDA C,FDA C,,Denied,Procedural - Already Addressed/Moot,medium,"adequate, inadequate","Ampyra is a narrow therapeutic index (NTI) drug because it has exhibited a dose-dependent seizure risk, which increases significantly with even modest increases in dose. Acorda asserts that the Food and Drug Administration (FDA or Agency) should treat Ampyra as an NTI drug and require more stringent bioequivalence criteria for generic products referencing Ampyra than are recommended in the March 2012 draft bioequivalence guidance for dalfampridine (Draft Dalfampridine BE Guidance). In particular, Acorda contends that the recommended study design and acceptance criteria are inadequate to ensure the safety, effectiveness, and therapeutic equivalence of any generic dalfampridine product. Acorda thus requests that FDA take the following actions: (1) Require that the pharmacokinetic (PK) parameters fall within a 90 to 111 percent acceptance interval; (2) Require the bioequivalence study to use a fully replicated, four-way crossover study design; and (3) Require a partial area under the curve (AUC) bioavailability parameter wi",https://www.regulations.gov/document/FDA-2014-P-2193-0014
FDA-2015-P-3410-0004,FDA-2015-P-3410,Response Letter from FDA CDER to Dr  David K  Cund,FDA CDER to Dr  David K  Cund,CDER,Denied,Procedural - Already Addressed/Moot,high,"format, current, adequate","ulant drugs for patients with VTE, CVT. and NVAF. because there is inadequate clinical evidence from placebo-controlled randomized clinical trials (RCTs) to support their satbty and effectiveness for each indication and because available evidence (including evidence from observational studies) suggests that these drugs cause significant hamr in the fbrm of nrajor bleeding and other adverse events.l We have carefully considered the evidence and arguments presented vvith respect to the VTE. CVT, and NVAF indications in the Petitions and comments submitted to the VTE Petition docket as well as other pertinent information in the current medical literature. For the reasons described below. we are denying all three Petitions. I. BACKGROUND VTE and embolic stroke in people with NVAF are typically caused by a thrombus (a blood clot that forms in a vein or the heart) that travels to the lungs or the brain where it can block blood I VTE Petition at 8-91 CVT Petition at l9: NVAF Petition at 8. U.S. Food & Drug Adninistration 10903 t€w Fhrpshire",https://www.regulations.gov/document/FDA-2015-P-3410-0004
FDA-2015-P-2373-0008,FDA-2015-P-2373,Response Letter from FDA CDER to Dr  David K  Cund,FDA CDER to Dr  David K  Cund,CDER,Denied,Procedural - Already Addressed/Moot,high,"format, current, adequate","ulant drugs for patients with VTE, CVT. and NVAF. because there is inadequate clinical evidence from placebo-controlled randomized clinical trials (RCTs) to support their satbty and effectiveness for each indication and because available evidence (including evidence from observational studies) suggests that these drugs cause significant hamr in the fbrm of nrajor bleeding and other adverse events.l We have carefully considered the evidence and arguments presented vvith respect to the VTE. CVT, and NVAF indications in the Petitions and comments submitted to the VTE Petition docket as well as other pertinent information in the current medical literature. For the reasons described below. we are denying all three Petitions. I. BACKGROUND VTE and embolic stroke in people with NVAF are typically caused by a thrombus (a blood clot that forms in a vein or the heart) that travels to the lungs or the brain where it can block blood I VTE Petition at 8-91 CVT Petition at l9: NVAF Petition at 8. U.S. Food & Drug Adninistration 10903 t€w Fhrpshire",https://www.regulations.gov/document/FDA-2015-P-2373-0008
FDA-2015-P-3408-0006,FDA-2015-P-3408,Response Letter from FDA CDER to Dr  David K  Cund,FDA CDER to Dr  David K  Cund,CDER,Denied,Procedural - Already Addressed/Moot,high,"format, current, adequate","ulant drugs for patients with VTE, CVT. and NVAF. because there is inadequate clinical evidence from placebo-controlled randomized clinical trials (RCTs) to support their satbty and effectiveness for each indication and because available evidence (including evidence from observational studies) suggests that these drugs cause significant hamr in the fbrm of nrajor bleeding and other adverse events.l We have carefully considered the evidence and arguments presented vvith respect to the VTE. CVT, and NVAF indications in the Petitions and comments submitted to the VTE Petition docket as well as other pertinent information in the current medical literature. For the reasons described below. we are denying all three Petitions. I. BACKGROUND VTE and embolic stroke in people with NVAF are typically caused by a thrombus (a blood clot that forms in a vein or the heart) that travels to the lungs or the brain where it can block blood I VTE Petition at 8-91 CVT Petition at l9: NVAF Petition at 8. U.S. Food & Drug Adninistration 10903 t€w Fhrpshire",https://www.regulations.gov/document/FDA-2015-P-3408-0006
FDA-2015-P-0876-0008,FDA-2015-P-0876,Response Letter from FDA CDER to Escher Fund for A,FDA CDER to Escher Fund for A,CDER,Denied,Procedural - Administrative Deficiency,medium,format,"ious impacts to the fetal germline. We have also reviewed the comments submitted by you to the docket, dated May 5, 2016, February 13, 2017, May 25, 2017, and February 5, 2018. FDA has considered the information submitted in the Petition, the subsequent comments, and other relevant data. Based on our review of this information and for the reasons described below, the Petition is denied. I. BACKGROUND A. 17-alpha Hydroxyprogesterone Caproate In 1956, 17 -HPC was first approved as Delalutin (hydroxyprogesterone caproate) injection under new drug application (NDA) 010347, with labeling stating that the drug ""appears to be useful in conditions generally responding to progestogens."" In light of the statutory requirements for approval in place at the time, this approval was based solely on a finding of safety. Delalutin was later reviewed under the Drug Efficacy Study Implementation program, and certain indications were found to be effective (36 FR 18115, September 9, 1971; 38 FR 27947, October 10, 1973). In 1972, an indicat",https://www.regulations.gov/document/FDA-2015-P-0876-0008
FDA-2015-P-1553-0015,FDA-2015-P-1553,Citizen Petition Denial Response Letter from FDA C,FDA C,,Denied,Procedural - Administrative Deficiency,medium,"regulation, jurisdiction","a drug, the Agency center charged with premarket review of drugs (i.e., the Center for Drug Evaluation and Research (CDER)) will have primary jurisdiction. Section 503(g)( 4)(H) further specifies that ""nothing in this paragraph shall be construed to limit the regulatory authority of any [A]gency center."" Section 563 of the FD&C Act (21 U.S.C. 360bbb-2) establishes a procedure whereby applicants may request a determination respecting the classification of a product as a drug, biological product, device, or a combination product. The Agency has adopted regulations implementing sections 503(g) and 563 of the FD&C Act, codified in part 3 (21 CFR part 3). Under the 8 Petitioned AND As will not be therapeutically equivalent to the RLD that serves as the basis for the fetition. See the Orange Book, 35th ed., at vii. 10 Orange Book, 35th ed., at viii. 11 The Secretary has delegated this authority to the Commissioner of Food and Drugs. Docket No. FDA-2015-P-1553 Page 5 operation of these provisions, a product consisting of a dr",https://www.regulations.gov/document/FDA-2015-P-1553-0015
FDA-2015-P-1433-0081,FDA-2015-P-1433,Petition Denial August 5  2016,,,Denied,Other Denial Reason,low,,"committee of key experts and local residents to review the proposal from Oxitec; and (3) convene a public meeting in the Florida Keys for the public review of the proposal with the committee members present. 1 For the reasons explained below, FDA is denying your requests under 21 CFR § 10.30(e)(3). In this response, we explain why FDA's issuance of a final environmental assessment (EA) and finding of no significant impact (FONSI) for the proposed trial in Key Haven does not require FDA to complete an EIS under the National Environmental Policy Act of 1969 (NEPA). We further explain why, in light of FDA's consultation with experts at other federal agencies and the agency's participation in a public meeting in Key West, Florida, FDA declines to convene a committee or hold a public meeting as you propose. I. NEPA does not require FDA to prepare an EIS with respect to the field trial of Oxitec's GE mosquito in Key Haven, Florida NEPA requires federal agencies to consider the environmental consequences of ""major federal actio",https://www.regulations.gov/document/FDA-2015-P-1433-0081
FDA-2016-P-2654-0008,FDA-2016-P-2654,Petition Denial Letter,,,Denied,Procedural - Administrative Deficiency,medium,"format, scope","innovator drug must submit an NOA to the FDA for review. ND As are approved under section 505(c) of the Federal Food, Drug, and Cosmetic Act (FD&C Act) (21 U.S.C. 355(c)). Generally, FDA will approve an NOA if the information and data provided by the applicant demonstrate that the drug product is safe and effective for the conditions prescribed, recommended, or suggested in the proposed labeling. 8 The Drug Price Competition and Patent Term Restoration Act of 1984 (Hatch-Waxman Amendments)9 amended the FD&C Act to add sections 505(b)(2) and 505(j), as well as other conforming amendments. The Hatch-Waxman Amendments reflect Congress's efforts to balance the need to ""make available more low cost generic drugs by establishing a generic drug approval procedure"" with new incentives for drug development in the form of exclusivity and 7 The Orange Book is available at http:/ www.accessdata.fda.gov/scripts/cder/ob/. The scope of exclusivity is determined by the nature of the clinical studies done to gain approval of the application",https://www.regulations.gov/document/FDA-2016-P-2654-0008
FDA-2016-P-3823-0003,FDA-2016-P-3823,Agency Response Letter from FDA CFSAN to Jennifer ,FDA CFSAN to Jennifer,CFSAN,Denied,Other Denial Reason,low,,"sphorous is rising among U.S. consumers, in part, because more inorganic phosphates are being added to packaged foods as anti-caking agents, stabilizers, leavening agents, and acidifiers (Petition at pages 1 through 2). According to the petition, ""Ioln average, according to [National Health and Nutrition Examination Survey (NHANES)] data, over one third of Americans take in more than 1400 [milligrams] of phosphorus per day,"" and asserts that this level ""is twice the recommended amounr (Petition at page I). Although you did not provide any references in your petition or submit any supporting materials, it appears that you are referring to an analysis of NHANES III (1988 — 1994) data that was presented in the following study: Chang R, Lazo M, et al. High dietary phosphorous intake is associated with all-cause mortality: results from NHANES III. American Journal of Clinical Nutrition 2014;99:320-327 (Chang, Lazo, Appel, et al. (2013)). The petition also states that ""a recent study by the Journal of Renal Nutrition showed that 44%",https://www.regulations.gov/document/FDA-2016-P-3823-0003
FDA-2017-P-6922-0009,FDA-2017-P-6922,Petition Denial Letter from FDA CDER,FDA CDER,CDER,Denied,Procedural - Administrative Deficiency,medium,"format, insufficient","abolite. For some of these drug products, FDA can review data from PD effect studies to assess bioequivalent to the RLD); § 314. 127(a)(6)(i) (providing that FDA will refuse to approve an ANDA if information submitted is insufficient to show that the drug product is bioequivalent to the RLD referred to in the ANDA). 10 See also 21 CFR 314.3(b) and 320.23(b). 11 § 320.24(b). Whereas a PK study measures the rate and the extent to which the drug is delivered to biological fluids (generally the bloodstream), a PD study measures effects associated with the delivery of the active ingredient to the site of action. 3 Docket Nos. FDA-2017-P-6922, FDA-2018-P-131 0 bioequivalence. 12 For others, FDA often relies on data from ""appropriately designed comparative clinical trials"" or from in vitro studies to assess bioequivalence. 13 FDA has issued a draft guidance for industry recommending generally that when it is not possible to use in vivo PK studies, in vivo PD effect studies, or in vitro studies, well-controlled comparative clinical",https://www.regulations.gov/document/FDA-2017-P-6922-0009
FDA-2018-P-4490-0006,FDA-2018-P-4490,Citizen Petition Denial Response Letter from FDA C,FDA C,ORA,Denied,Other Denial Reason,low,,"ms of action are needed for patients with IBS-C. Because causes and clinical presentations vary among patients with IBS-C, treatment for this condition is individualized and focuses on symptom relief. Treatment may include dietary and lifestyle modification and/or pharmacologic agents (prescription or over-the-counter). The available treatment options do not completely meet the needs of patients with IBS-C; the FDA-approved prescription drug products have modest benefit over placebo, and over-the-counter and nondrug therapies are not specifically approved for IBS-C.3 B. Zelnorm Today, FDA approved sNDA 015 under new drug application (NDA) 021200 for Zelnonn submitted by Sloan Pharma S.a.r.l, Bertrange, Cham Branch (Sloan) through its U.S. agent US WorldMeds, LLC (collectively, Applicant) for the treatment of adult women less than 65 years of age with IBS-C. The relevant regulatory history for this application is summarized below.4 I. Mechanism of Action Zelnorm is a serotonin type 4 (5-HT4) receptor agonist that binds",https://www.regulations.gov/document/FDA-2018-P-4490-0006
FDA-2018-P-3806-0004,FDA-2018-P-3806,Response letter from FDA CDER to Greg Grillo,FDA CDER to Greg Grillo,CDER,Denied,Substantive - Insufficient Evidence,high,"format, insufficient, insufficient evidence","lated to assure their safety.”5 We have carefully reviewed your Petition and other information available to the Agency. For the reasons explained below, your Petition is denied. In the Petition, you raise concerns about the low pH associated with some oral moisturizer products in the marketplace. Our review of the information in your Petition as well as other available information leads us to conclude that there is insufficient evidence that use of oral moisturizers with a pH below a certain threshold is likely to result in oral pathologies such as increased caries or soft tissue damage. Although you have provided information in the Petition stating that some of the products you have identified are acidic, and that a sufficiently acidic environment in the mouth is known to lead to increased dental caries/disease, you have not provided data to demonstrate that use of these products increases the incidence or prevalence of 1 Petition at 1. 2 Id. 3 Id. 4 Petition at 2. See also Delgado, AJ and VG Olafsson, 2017, Acidic Or",https://www.regulations.gov/document/FDA-2018-P-3806-0004
FDA-2018-P-1880-0005,FDA-2018-P-1880,Response Letter from FDA CDER to Louis Morris Aled,FDA CDER to Louis Morris Aled,CDER,Denied,Procedural - Premature/Pending,medium,"prior to, regulation","organs. The Agency conducted an extensive safety review prior to the approval of BLA 761083 after Hemophilia A patients with FVIII inhibitors receiving emicizumab developed TMA events. All three patients who developed TMA received multiple doses of activated prothrombin complex concentrate (aPCC) 3 See id. See section 351(a)(2)(C) of the PHS Act. 5 You request that we ""reverse the licensing for Hemlibra."" Section 351(a)(2)(C) of the PHS Act refers to regulations for ""approval, suspension, and revocation of biologics licenses."" Accordingly, consistent with the language in the PHS Act, we will refer to your request as a request to revoke the licensing of Hemlibra. 2 Docket No. FDA-2018-P-1441 in response to breakthrough bleeding events. You note that two of the three patients received recombinant factor VIIa (rFVIIa) in addition to aPCC, and you suggest that rEVIIa could have caused or contributed to the three cases of TMA (Petition at 1). However, a review of these events found that the cases of TMA occurred when patien",https://www.regulations.gov/document/FDA-2018-P-1880-0005
FDA-2018-P-1014-0014,FDA-2018-P-1014,Petition Response Letter from FDA CDER to Haynes a,FDA CDER to Haynes a,CDER,Denied,Procedural - Administrative Deficiency,medium,"format, reject","in the Petition and other relevant information. Based on our review of this information, and for the reasons described below, the Petition is denied. U.S. Food & Drug Administration 10903 New Hampshire Avenue Silver Spring, MD 20993 w ww.fda.gov Docket No. FDA-2018-P-1014 I. BACKGROUND A. Mycophenolate Mofetil Oral Suspension Mycophenolate mofetil is the parent drug of mycophenolic acid, an immunosuppressive agent indicated for the prophylaxis of organ rejection in patients receiving allogenic renal, cardiac, or hepatic transplants.' Mycophenolate mofetil is administered orally through capsules, tablets, or powder for oral suspension, or via intravenous infusion.2 When constituted, the oral suspension contains 200 milligrams (mg)/milliliter (mL) mycophenolate mofetil.3 Following administration, mycophenolate mofetil undergoes metabolism to mycophenolic acid, the active metabolite.4 Oral absorption of the drug is rapid and essentially complete.5 Mycophenolic acid is the active form of the drug and is responsib",https://www.regulations.gov/document/FDA-2018-P-1014-0014
FDA-2018-P-1310-0044,FDA-2018-P-1310,Petition Denial Letter from FDA CDER,FDA CDER,CDER,Denied,Procedural - Administrative Deficiency,medium,"format, insufficient","abolite. For some of these drug products, FDA can review data from PD effect studies to assess bioequivalent to the RLD); § 314. 127(a)(6)(i) (providing that FDA will refuse to approve an ANDA if information submitted is insufficient to show that the drug product is bioequivalent to the RLD referred to in the ANDA). 10 See also 21 CFR 314.3(b) and 320.23(b). 11 § 320.24(b). Whereas a PK study measures the rate and the extent to which the drug is delivered to biological fluids (generally the bloodstream), a PD study measures effects associated with the delivery of the active ingredient to the site of action. 3 Docket Nos. FDA-2017-P-6922, FDA-2018-P-131 0 bioequivalence. 12 For others, FDA often relies on data from ""appropriately designed comparative clinical trials"" or from in vitro studies to assess bioequivalence. 13 FDA has issued a draft guidance for industry recommending generally that when it is not possible to use in vivo PK studies, in vivo PD effect studies, or in vitro studies, well-controlled comparative clinical",https://www.regulations.gov/document/FDA-2018-P-1310-0044
FDA-2019-P-1640-0010,FDA-2019-P-1640,Final Response Letter from FDA CFSAN to Top Health,FDA CFSAN to Top Health,CFSAN,Denied,Procedural - Administrative Deficiency,high,"21 cfr 10, cfr 10","R 10.30.4 In accordance with 21 CFR 10.30(e)(3), we are denying your petition. This letter sets out the basis for our determination that the strength of the evidence does not show that the consumption of IMO has a physiological effect that is beneficial to human health. I. FD A's Consideration of the Scientific Evidence Your petition requests that FDA add IMO to the list of dietary fibers in 21 CFR 101.9(c)(6)(i) on the grounds that ""IMO fits squarely within the statutory definition [ of dietary fiber]"" (Petition at page 2). You also state that ""IMO helps improve laxation and lower [sic] blood cholesterol"" and that it has ""a prebiotic effect, exhibiting the properties of retaining moisture, and producing a bulking effect"" (Petition at page 1 ). In the Federal Register of March 2, 2018 (83 FR 8997), we announced the availability of a final guidance document entitled, ""Scientific Evaluation of the Evidence on the Beneficial Physiological Effects oflsolated or Synthetic Non-digestible Carbohydrates Submitted as a Citizen Pet",https://www.regulations.gov/document/FDA-2019-P-1640-0010
FDA-2019-P-2239-0009,FDA-2019-P-2239,Final Response Letter from FDA to BioNeutra North ,FDA to BioNeutra North,,Denied,Procedural - Administrative Deficiency,high,"21 cfr 10, cfr 10","R 10.30.4 In accordance with 21 CFR 10.30(e)(3), we are denying your petition. This letter sets out the basis for our determination that the strength of the evidence does not show that the consumption of IMO has a physiological effect that is beneficial to human health. I. FD A's Consideration of the Scientific Evidence Your petition requests that FDA add IMO to the list of dietary fibers in 21 CFR 101.9(c)(6)(i) on the grounds that IMO has physiological effects that are beneficial to human health based on evidence you submitted that ""evaluated the relationship between IMO consumption and laxation and/or blood cholesterol"" (Petition at page 3). In the Federal Register of March 2, 2018 (83 FR 8997), we announced the availability of a 1. final guidance document entitled ""Scientific Evaluation of the Evidence on the Beneficial Physiological Effects of Isolated or Synthetic Non-digestible Carbohydrates Submitted as a Citizen Petition (21 CFR 10.30)"" (""final guidance""). This final guidance describes our views on the scientific",https://www.regulations.gov/document/FDA-2019-P-2239-0009
FDA-2019-P-1893-0010,FDA-2019-P-1893,Final Response Letter from FDA CDER to Novartis Ph,FDA CDER to Novartis Ph,CDER,Denied,Other Denial Reason,low,,"salt complex . . . In an addendum to the Quality review, [the office of Pharmaceutical Quality (OPQ)] noted that both descriptions correctly represent the chemical nature of the active ingredient [sic] and are scientifically valid. The structural X-ray diffraction data submitted demonstrate that the active ingredient [sic] meets the criteria delineated in FDA Guidance Regulatory Classification of Pharmaceutical Co-Crystals (April 2013) for a co-crystal, based on orthogonal spectroscopic characterization data, evidence of dissociation in vivo, and the non-ionic interactions between the individual components. The active ingredient [sic] can also be considered a complex, however, based on the IUPAC Gold Book definition: a molecular entity formed by loose association involving two or more molecular entities (ionic or neutral); bonding is normally non-covalent. Docket No. FDA-2019-P-1893 3 anionic forms of sacubitril and valsartan, sodium cations, and water molecules in the molar ratio of 1:1:3:2.5, respectively.”8 The labe",https://www.regulations.gov/document/FDA-2019-P-1893-0010
FDA-2020-P-0599-0004,FDA-2020-P-0599,Response letter from FDA CDER to Romark Laboratori,FDA CDER to Romark Laboratori,CDER,Denied,Procedural - Administrative Deficiency,medium,"format, current","ria requested in the Petition. We have carefully reviewed the information in the Petition as well as other relevant information. For the reasons set forth below, your Petition is denied.1 I. BACKGROUND A. Alinia (nitazoxanide) Alinia (nitazoxanide) was approved on November 22, 2002 (NDA 021498), and July 21, 2004 (NDA 021497). Romark Laboratories, L.C. is the application holder for Alinia. Alinia is an antiprotozoal currently indicated for the treatment of diarrhea caused by Giardia lamblia (G. lamblia) or Cryptosporidium parvum (C. parvum) and is approved in two dosage forms: tablets (NDA 021497) and oral suspension (NDA 021498). The oral suspension is approved in patients 1 Today FDA is approving ANDA 213820 for nitazoxanide oral tablets, 500 mg. November 27, 2020 Docket No. FDA-2020-P-0599 2 one year of age and older. The tablets are approved for patients 12 years of age and older. Nitazoxanide is a poorly soluble drug substance that acts locally in the gastrointestinal (GI) tract. Nitazoxanide is believe",https://www.regulations.gov/document/FDA-2020-P-0599-0004
FDA-2020-P-0763-0005,FDA-2020-P-0763,Response Letter from FDA CDER to Clark Anderson,FDA CDER to Clark Anderson,CDER,Denied,Procedural - Administrative Deficiency,medium,format,"ase (ADPKD)” (Petition at 1). We have carefully reviewed your Petition, the letter to the editor that you submitted with the Petition, and other information available to the Agency. For the reasons set forth below, your Petition is denied. I. BACKGROUND A. Approval of Jynarque for Autosomal Dominant Polycystic Kidney Disease On April 23, 2018, FDA approved Jynarque (tolvaptan) tablets, 15, 30, 45, 60, and 90 mg,1 under new drug application (NDA) 204441. Jynarque is indicated to slow kidney function decline in adults at risk of rapidly progressing ADPKD. ADPKD is a genetic disease characterized by the presence of numerous fluid-filled kidney cysts.2 The development and growth of these cysts over time is thought to lead to progressive loss of renal function, including kidney failure, as well as other complications. The disease has been reported to affect 300,000 to 600,000 patients in the United States; however, the clinical course of disease is variable, and the prevalence of symptomatic disease is not well understo",https://www.regulations.gov/document/FDA-2020-P-0763-0005
FDA-2020-P-0421-0008,FDA-2020-P-0421,Response Letter from FDA CDER to Cooley s Anemia F,FDA CDER to Cooley s Anemia F,CDER,Denied,Procedural - Administrative Deficiency,high,"format, compliance, beyond","ed the drug with restrictions to ensure safe use because FDA the drug can be safely used only if distribution or use is restricted. See 21 CFR 201.57(c)(1) and FDA’s Guidance for Industry Warnings and Precautions, Contraindications, and Boxed Warning Sections of Labeling for Human Prescription Drug and Biological Products – Content and Format (October 2011). We update guidances periodically. For the most recent version of a guidance, check the FDA guidance web page at https://www.fda.gov/drugs/guidance-compliance-regulatory-information/guidances-drugs. April 28, 2021 Docket No. FDA-2020-P-0421 2 to report immediately any signs of infection.2 B. REMS Section 505-1 of the Federal Food, Drug, and Cosmetic Act (FD&C Act) (21 U.S.C. 355-1) authorizes FDA to require a Risk Evaluation and Mitigation Strategy (REMS) if FDA determines that it is necessary to ensure that the benefits of the drug outweigh its risks. A REMS is a required risk management strategy that employs tools beyond prescribing information to ensu",https://www.regulations.gov/document/FDA-2020-P-0421-0008
FDA-2020-P-1540-0005,FDA-2020-P-1540,Final Response Letter from FDA CDER to Alliance fo,FDA CDER to Alliance fo,CDER,Denied,Other Denial Reason,low,,"o the Agency, and relevant published literature. Based on our review of these materials, and for the reasons stated below, your Petition is denied. I. BACKGROUND A. PPIs PPIs1 are a class of drugs that treat conditions of the upper gastrointestinal (GI) tract by specifically inhibiting gastric acid secretion. PPIs are among the most commonly prescribed medications and are also some of the most utilized nonprescription drugs in the U.S. market. Prescription PPIs are approved for several indications, including: • Short-term treatment of active duodenal ulcer 1 The Petition requests that the warning language apply to “all makers of Proton Pump Inhibitor medications.” Accordingly, we considered all approved drug products in the class, including combination products: Prilosec, Prilosec OTC, Prevacid, Protonix, Aciphex, Nexium, Dexilant, Vimovo (combination product), Talicia (combination product), Zegerid (combination product), and Yosprala (combination product). U.S. Food & Drug Administration 10903 New Hampsh",https://www.regulations.gov/document/FDA-2020-P-1540-0005
FDA-2022-P-0896-0005,FDA-2022-P-0896,Final Response from FDA CDER to Greenberg Traurig,FDA CDER to Greenberg Traurig,CDER,Denied,Procedural - Administrative Deficiency,medium,regulation,"). However, this request cannot be granted by FDA because it is inconsistent with the provisions of section 505G of the FD&C Act governing deemed final orders. The Coronavirus Aid Relief and Economic Security (CARES Act)2 added section 505G of the FD&C Act, which revised the framework for the regulation of OTC monograph drug products. Among other things, section 505G of the FD&C Act provides as a baseline status that, as of the date of enactment of the CARES Act, drugs that satisfy requirements described in section 505G(a)(1) or (2) are deemed to be GRASE under section 201(p)(1) of the FD&C Act (21 U.S.C. 321), not a new drug under section 201(p) of the FD&C Act, and not subject to section 503(b)(1) of the FD&C Act (21 U.S.C. 353). Complementary to the requirements described in section 505G(a)(1) and (2) of the FD&C Act, Congress, under section 505G(b)(8) of the FD&C Act, set the content of the initial OTC monograph final orders by providing that a final monograph or tentative final monograph that establishes conditions",https://www.regulations.gov/document/FDA-2022-P-0896-0005
FDA-2024-P-3563-0005,FDA-2024-P-3563,Final Response Letter from FDA CDER to Hyman  Phel,FDA CDER to Hyman  Phel,CDER,Denied,Other Denial Reason,low,,"l as other relevant data available to the Agency. Based on our review of these materials and for the reasons described below, the Petition is denied as to your first request. Regarding your second request, FDA has conducted the requested investigation; the results of that investigation are described in section II.B below. I. BACKGROUND A. Factual Background Neurelis, Inc. (Neurelis) is the sponsor of a new drug application (NDA) under section 505(b)(2) of the Federal Food, Drug, and Cosmetic Act (FD&C Act)2 for an intranasal form of diazepam: 1 Neurelis, Inc. submitted a comment dated September 20, 2024 (Neurelis Comment), arguing, among other things, that FDA should summarily deny the Petition under FD&C Act section 505(q)(1)(E), or alternatively find that the Petition shall not block or delay approval of its supplemental new drug application for Valtoco. Neurelis also requests that FDA report Aquestive to the Federal Trade Commission. Neurelis, Inc., Sept 20, 2024 (FDA-2024-P- 3563-0004). 2 21 U.S.C. 355(b)(2).",https://www.regulations.gov/document/FDA-2024-P-3563-0005
FDA-2024-P-3479-0003,FDA-2024-P-3479,Final Response Letter from FDA CDER to Jingwei Pha,FDA CDER to Jingwei Pha,CDER,Denied,Procedural - Administrative Deficiency,high,"format, compliance, current","aluates relevant test methods during its quality review of all drug product applications, including those that have sitagliptin as an API, irrespective of the type of manufacturing process used. In general, FDA disagrees with the premise that sitagliptin API manufactured using a biocatalytic process categorically poses higher risk than sitagliptin API manufactured using a chemical synthetic process. Biocatalysis is a common tool in organic synthesis that uses enzymes, or natural substances, to perform chemical reactions. In the case of sitagliptin, an enzyme is usually used to introduce a chiral amine group in the synthesis of the starting material or intermediate for the API. The information needed to establish that a 6 Orange Book, 44th Ed., at viii. FDA classifies as therapeutically equivalent, and thus substitutable, those products that are (1) approved as safe and effective, (2) pharmaceutically equivalent, (3) bioequivalent, (4) adequately labeled, and (5) manufactured in compliance with Current Good Manufacturing P",https://www.regulations.gov/document/FDA-2024-P-3479-0003
FDA-2001-P-0123-0188,FDA-2001-P-0123,"Citizen Petition Denial Response from FDA CDER to Pharmacists Planning Service, Inc.",The Center for Reproductive Law & Policy,CDER,Denied,Other Denial Reason,low,,"with mandatory consultation and patient history review."" 1 For the reasons explained below, we deny your petition. There are two categories of drugs under the Federal Food, Drug, and Cosmetic Act (FD&C Act): prescription drugs and nonprescription drugs. As set forth in section 503(b )(1) of the FD&C Act (2 1 U.S.C. 353(b)( l)), a prescription drug is: a drug intended for use by man which (a) because of its toxicity or other potentiality for harmful effect. or the method of its use, or the collateral measures necessary to its use. i nor safe for use except under the supervision of a practitioner I icensed by law ro administer such drug; or (b) is I irn ited by an approved application under section 505 to use under rhe professional supervision of a practitioner licensed by law to administer such drug . .. Drugs that do not meet the description set forth in section 503(b )( I) of the FD&C Act are nonprescription drugs. In order to be nonprescription, FDA must determine that a particular drug is safe and effective for use wi",
FDA-2005-P-0136-0003,FDA-2005-P-0136,"FDA/OC Commissioner for Policy, Planning and Budget Response to Public Citizen - Petition Denial",Public Citizen,CDRH,Denied,Procedural - Administrative Deficiency,medium,regulation,"lematic device."" For the reasons discussed below, we are denying the petition. The Federal Food, Drug, and Cosmetic Act (the Act) and FDA's implementing regulations contain a number ofprovisions that provide FDA with the tools it needs to prevent unsafe or ineffective medical devices that had been approved for use from remaining on the market. Section 515(e)(1) ofthe Act expressly addresses the withdrawal ofa premarket approval application (PMA). 21 U.S.c. 360e(e)(1). Specific criteria governing FDA withdrawal ofsuch approval are enumerated under this section. The implementing regulations incorporate these statutory as well as other bases for withdrawal. 21 CFR 814.46. One of the criteria for withdrawing approval of a PMA under section 515(e) of the Act is based on a finding by FDA that the device is unsafe or ineffective under the conditions ofuse prescribed, recommended, or suggested in the labeling. 21 U.S.C. 360e(e)(I)(A). There is no per se requirement under the statute for the agency to evaluate the safety of a device",
FDA-2007-P-0118-0030,FDA-2007-P-0118,FDA to Mrs. Rebecca Gilbert - Petition Denial,"Dwight G. Castle. Rebecca Gilbert, James Whalen, Thomas J. Quinn, Michael E. Masterman, Jeffrey P. Frontier, John W. Shaw, Michael F. Clark, Dave Wayne, John Gilbert, Robert E. Parks, Shawn Bryant",CDRH,Denied,Procedural - Administrative Deficiency,high,"21 cfr 10, cfr 10, regulation","uring that FDA will enforce medical device laws. We are denying all ofthe requests in your petition. As your request indicates, 21 USC 360hh et seq. give FDA authority over radiation-emitting electronic products, and FDA has promulgated several perfonnance standards for such products pursuant to this authority. The regulations with respect to which you seek enforcement action require manufacturers of certain electronic products to provide certain infonnation to assemblers and users ofthese products. 21 CFR 1020.30(g), (h), 1020.33(c), 1040.l0(h). You also request enforcement of 21 CFR 820.170, which requires manufacturers of devices requiring installation to provide certain infonnation to the persons installing the device. To help manufacturers understand and comply with some ofthese requirements, FDA issued a guidance document on September 5,2003, entitled ""Guidance for Industry and FDA Staff: Infonnation Disclosure by Manufacturers to Assemblers for Diagnostic X-ray Systems,"" available at http://www.fda.gov/ downloadslMe",
FDA-2007-P-0184-0005,FDA-2007-P-0184,FDA Response to Judy Slome Cohain - Citizen Petition Denial,Judy Slome Cohain,CDRH,Denied,Other Denial Reason,low,,".-,,$... , 
DEPARTMENT OF HEALTH & HI..:MAN SERVICES 
.. . .- .... . . ... . .. -
...... -
.. 
- - . .... 
Food and Dn10Adminictration 
AUG 8 2008 
Re 1>oekctNo. 2007P-0483 
l.)car Ms. Cohain: 
Th~sletter responds to your cltizcn petltion datcd Decenlbzr 2. 2007. requcstmg that the 
Food and Drug Adill~n~st~at~or~ 
b~rth trainer and 
(FDA) ""restore FDA approval LO I'ccsann E p ~ - ~ o  
remove adverse event repor: on 1-ecsana kpl-No from Ithe FDA! \vebs~tt.."" 
Your request that FI'IA ""resiore'' approval to the 'l'ecsana Epi-ho Birth I'rainer is based in 
a rnisunderstii~~ding
of the status of the device. A search of F'DA's official records does not reveal 
any valid premarket approval or clearance: or any exemption f?om applicable requirements of the 
Federal Food, Drug, and Cosmetic Act (the Act), as amended. for a device known as a I'ecsana 
Epi-No birth trainer. which you describe as a pelvic floor muscle exerciser intended fbr use in 
birth preparation. The statenlent in your petit",
FDA-2007-P-0292-0003,FDA-2007-P-0292,FDA/CFSAN Response to Prolacta Bioscience - Petition Denial,Prolacta Bioscience,CFSAN,Denied,Procedural - Administrative Deficiency,medium,regulation,"DEPARTMENT OF HEALTH AND HUMAN SERVICES 
Public Health Service 
c. 
Food and Drug Administration 
College Park, Maryland 20740 
0346 9 MAR 19 P3 :27 
MAR 1 2 2009 
Mr. Scott Elster - 
Prolacta Bioscience,Incorporated 
605 East Huntington Drive 
Suite 101 
Monrovia, California 91016 
Re: Docket No. 2007P-0416 
Dear Mr . Elster : 
This letter responds to the Citizen Petition dated October 26, 2007, that you submitted under 
Title 21 of the Code of Federal Regulations (21 CFR) section 10.30; requesting that the Food 
and Drug Administration (FDA) ""initiate notice and comment rulemaking in order to 
promulgate regulations to define human milk to be a food, and for the condition of neonatal 
prematurity, a medical food."" 
In accordance with 21 CFR section 10.30(e)(3), this letter is to advise you that FDA is 
denying your petition. 
The petition states that ""despite its obvious primary intended use as nutritional product, 
FDA's statutes, regulations and guidance documents do not expressly",
FDA-2007-P-0346-0023,FDA-2007-P-0346,FDA/CDER to Richard Sauerheber (Palomar College) - Petition Denial,"Richard Sauerheber, Palomar College",CDER,Denied,Other Denial Reason,low,,"the use of fluosilicic acid. We have carefully reviewed your petition as well as the supplements you submitted dated November 9, 2007, December 6 and 12, 2007, March 21, 2008, September 12 and 17, 2008, June 12,2009, May 27, 2010, August 20, 2010, and October 18 and 19,2010. For the reasons stated below, your petition is denied. I. DISCUSSION You maintain that the addition of fluosilicic acid to public water is a violation of the Federal Water Pollution Control Act because fluosilicic acid appears on all registries of toxic substances (Petition at 1-2). You further state the following: • Despite widespread use, artificial fluoride compounds are neither safe nor effective in preventing tooth decay, and may actually lead to more cavities (Petition at 2-3). • Artificial fluoridation results in greater accumulation offluorides in bones, with attendant adverse effects on bones and teeth, than occurs with naturally fluoridated water (Petition at 3-4). • The use of tluosilicic acid and other artificial fluoride compounds",
FDA-2007-P-0412-0005,FDA-2007-P-0412,Final Response Letter from FDA to Cary Smith,C Smith,CFSAN,Denied,Enforcement Discretion,medium,priorities,"Cary Smith 
 
 
U.S. FOOD & DRUG 
September 11, 201 7 
Re: Docket Number FDA-2007-P-0412 (formerly FDA-2007P-0129) 
Dear Mr. Smith: 
This responds to your citizen petition, dated January 9, 2007, which the Food and Drug 
Administration (FDA or we) received and filed on April 3, 2007. Your petition states that you 
served as Vice-President, Finance and Administration and later as President and CEO of Bella 
Cucina until you resigned. Your petition describes your safety concerns with Bella Cucina's 
operations (see Citizen Petition from Cary Smith, dated January 9, 2007, at pages 2 through 5). 
You requested that we ""revoke the Food Processing Permit granted to Bella Cucina Artful Food, 
Inc. (Bella Cucina), 1870 Murphy Avenue, Atlanta, Fulton County, Georgia 30310"" (ld. at page 
1). 
We regret that, due to other priorities, we have been unable to address your petition until now. 
We interpret your request, set forth above, to be a request for FDA to initiate enforcement action 
or a rel",
FDA-2015-P-5081-0080,FDA-2015-P-5081,Final Response Letter from FDA to Meghan O  Hara  ,FDA to Meghan O  Hara,,Denied,Procedural - Administrative Deficiency,medium,regulation,"celiac disease. For the reasons explained below, we are denying the specific request made in your 1 This use matches the definition in our food labeling regulations (21 CFR101.9l (a)(2)), which require that manufacturers wishing to voluntarily label foods as ""gluten-free"" must ensure that the foods meet certain criteria. If we were to grant your Petition, we would find your proposed definition of gluten difficult to work with because, when combined with your requested action, your definition would seem to require gluten labeling statements on drug products triggered, for example, by the presence of a wheat-derived ingredient (including one that was highly processed to remove gluten, such as distilled ethanol) if the ingredient is present in the finished drug product above 20 ppm, even if gluten is not present in the ingredient. We have, however, also considered your requested action as encompassing a labeling requirement triggered by the presence of gluten (as defined in § I 0 1.91 (a)(2)) above 20 ppm in a finished drug pro",https://www.regulations.gov/document/FDA-2015-P-5081-0080
FDA-2017-P-3196-0071,FDA-2017-P-3196,Response Letter from CFSAN to Philip Spiller  et  ,CFSAN to Philip Spiller  et,CFSAN,Denied,Procedural - Administrative Deficiency,medium,regulation,"age FDA finally issues."" (Italics in original.) After careful review of your petition, and for the reasons discussed below, we are denying the petition in accordance with Title 21 of the Code ofFederal Regulations (CFR) 10.30(e)(3). The fish consumption advice your petition takes issue with (hereinafter ""the 2017 seafood advice"") reflects the agencies' best effort to communicate to the public about how to gain the 1 https://www. fda.gov/food/foodborneillnesscontaminants/metals/ucm393070.htm. The 2017 seafood advice is also appended to this response. U.S. Food & Drug Administration Center for Food Safety & Applied Nutrition 5001 Campus Drive College Park, MD 20740",https://www.regulations.gov/document/FDA-2017-P-3196-0071
FDA-2017-P-3251-0031,FDA-2017-P-3251,Denial Letter from CDER to Petitioner   redacted R,CDER to Petitioner   redacted R,CDER,Denied,Substantive - FDA Disagrees,medium,reject,"patent tenn extension requested by the Applicant because Genzyme failed to act with due diligence during some or all ofthe regulatory review period. More specifically, your Petition asks that: ( 1) FDA conduct an investigation into the due diligence of applicant Genzyme regarding the drug marketed under the name Cerdelga; (2) FDA determine Genzyme failed to act with due diligence during all or part of the period between April 2002 and the approval date; (3) FDA determine Genzyme is not eligible for the entire period of patent [term] extension ... as requested by Genzyme; [and) (4) FDA recommend to the [United States] Patent and Trademark Office [USPTO] that Genzyme's patent [term] extension request be denied, rejected, and/or limited. (Petition at 1 ). We have carefully considered the Petition. FDA is committed to finding ways to ensure that patients are able to access safe and effective drug products. This includes expanding treatment options for rare diseases and other areas of unmet medical need. However, for the re",https://www.regulations.gov/document/FDA-2017-P-3251-0031
FDA-2017-P-2365-0006,FDA-2017-P-2365,Final Response Letter from FDA to The Office of Se,FDA to The Office of Se,ORA,Denied,Procedural - Administrative Deficiency,high,"21 cfr 10, cfr 10, regulation","ith 21 CFR 10.30(e), this letter advises you that we are denying your citizen petition for the reasons stated below, but are taking other actions with respect to 1,4-dioxane in cosmetics. While we appreciate, and are grateful for your interest in ensuring the safety of cosmetics, given the cun-ent data on levels of 1,4-dioxane as a contaminant in cosmetic products and the lack of data demonstrating that any detectable concentration of 1,4-dioxane would render a cosmetic injurious to users under its conditions of use, we do not believe the regulation you request is warranted. As your citizen petition notes, 1,4-dioxane is a potential human carcinogen' that is not used as a cosmetic ingredient; rather, it is a contaminant that can form as a byproduct during the manufacturing of certain cosmetic ingredients. Your petition recognizes that ""technologies exist 1 A 20 16 report by the Department of Health and Human Services National Toxicology Program (NTP) found that 1,4-dioxane is ""reasonably anticipated to be a human carcinogen",https://www.regulations.gov/document/FDA-2017-P-2365-0006
FDA-2020-P-1674-0022,FDA-2020-P-1674,Response Letter from FDA CDER to Putting Rare Dise,FDA CDER to Putting Rare Dise,CDER,Denied,Other Denial Reason,low,,"he US, to the Neglected Tropical Disease Priority Review Voucher List. • [A]djust the title of the list so that it is more in line with the WHO List; the WHO list does not include the word Infectious. • Alternatively, [… to] create a new Priority Review List for diseases like Sickle Cell Disease that impact patients from predominantly under-served, and marginalized populations. (Petition at 1). We have considered your Petition and attachment carefully, and for the reasons explained below, your Petition is denied. BACKGROUND The Federal Food, Drug, and Cosmetic Act (FD&C Act), section 524 (21 U.S.C. 360n) authorizes FDA to award priority review vouchers (PRVs) to sponsors of approved tropical disease product applications that meet certain criteria. Among other requirements, the application in question must be for the treatment or prevention of a “tropical disease,” defined in section 524(a)(3) of the FD&C Act as any of the following: (A) Tuberculosis. (B) Malaria. Septemeber 17, 2021 Docket No.",https://www.regulations.gov/document/FDA-2020-P-1674-0022
FDA-2022-P-0126-0003,FDA-2022-P-0126,Final Response Letter from FDA CVM to Harry Duty R,FDA CVM to Harry Duty R,CVM,Denied,Procedural - Administrative Deficiency,high,"21 cfr 10, cfr 10","above and in accordance with 21 CFR 10.30(e)(3), we are denying your petition. Sincerely, William T. Flynn, DVM, MS Deputy Center Director Center for Veterinary Medicine Attachment 2 https://www.aafco.org/resources/official-publication/op-chapter-6-public-access/ William T. Flynn -S Digitally signed by William T. Flynn -S Date: 2023.09.12 17:55:19 -04'00'",https://www.regulations.gov/document/FDA-2022-P-0126-0003
FDA-2022-P-0058-0003,FDA-2022-P-0058,Final Response from FDA CVM to  Donavan Melton Red,FDA CVM to  Donavan Melton Red,CVM,Denied,Procedural - Administrative Deficiency,high,"21 cfr 10, cfr 10","above and in accordance with 21 CFR 10.30(e)(3), we are denying your petition. Sincerely, Steven M. Solomon, DVM, MPH Director, Center for Veterinary Medicine Steven Solomon -S Digitally signed by Steven Solomon -S Date: 2022.07.01 09:54:32 -04'00'",https://www.regulations.gov/document/FDA-2022-P-0058-0003
FDA-2001-P-0153-0002,FDA-2001-P-0153,FDA/CFSAN Response to Heather Brodie Perry - Petition Denial,Heather Brodie Perry,CFSAN,Denied,Other Denial Reason,low,,"ods (2 1 CFR 74.705) and drugs (2 1 CFR 74.1 705) because FD&C Yellow No. 5 does not meet FDA's safety standards. In support Of YOlIf pctition, you cite a reaction by your son to eggnog which you attribute to FD&C Yellow No.5. and you assert that medical studies have shown adverse health effects slich as asthma, hives, and attention deficit- hyperactivity disorder, arc associated with this color additive. Further, you state that the rcquired labeling of food and drug products to speci fically declare the presence of the color additivc is not sufficient because somc consulllers are unaware they are allergic to FD&C Yellow No.5, it is difficult to avoid. and there have been recalls for products with undeclared FD&C Yellow No. 5. Finally, you assert that the approval of FD&C Yellow No. 5 for food and dmgs should be revoked because one of tile chemicals used in making the color additive is a carcinogen and FDA's color additive anticancer (Delaney) clause has a zero tolerance for carcinogenic color additi ves. In accordance with",
FDA-2004-P-0278-0004,FDA-2004-P-0278,FDA Office of Regulatory Affairs Response to the Center for Science in the Public Interest (CSPI) - Petition Denial,Center For Science In The Public Interest (Cspi),CFSAN,Denied,Procedural - Premature/Pending,medium,"under review, format, current","N 9... ~ The May 18 petition is currently under review with the agency . Page 2 - Michael F. Jacobson, Ph.D . You provide the following assertions as support for your request for FDA to announce enforcement action against restaurants that do not provide certain labeling related to the presence of trans fat in foods they serve . You assert that the term ""labeling"" as defined in section 201(m) of the Federal Food, Drug and Cosmetic Act (the act) (21 U.S.C . 321(m)) includes, within the meaning of that term, restaurant menus as well as signs, placards, and posters, (and cite to Public Citizen, Inc. v: Shalala, 932 F. Supp. 13 (D.D.C . 1996)) . You also assert that the presence of trans fat in restaurant food is material information, within the meaning of section 201(n) of the act (21 U.S.C . 321(n)) and that section 403(a) of the act (21 U.S.C . 343(a)) applies to the labeling of restaurant food . You explain that such information is material because the presence of trans fat is ""largely unknowable by the consumer and can h",
FDA-2005-P-0190-0004,FDA-2005-P-0190,"FDA/CDER Response to Sterne, Kessler, Goldstein & Fox, P.L.L.C. - Petition Denial","Sterne, Kessler, Goldstein & Fox, P.L.L.C.",CDER,Denied,Procedural - Administrative Deficiency,medium,regulation,"w, your petition is denied . I. BACKGROUND FDA reviews proprietary names as part of the NDA approval process. FDA's authority to review proprietary names derives from its statute and regulations. Specifically, section 502(a) of the Federal Food, Drug and Cosmetic Act (the Act) states that a drug shall be deemed to be misbranded ""if its labeling is false or misleading in any particular"" (21 U.S.C . 352(a)), Section 201 .10(c)(5) of FDA's regulations states that the labeling of a drug may be misleading by reason of ""[d]esignation of a drug or ingredient by a proprietary name that, because of similarity in spelling or pronunciation, may be confused with the proprietary name or the established name of a different drug or ingredient"" (21 CFR 201 .10(c)(5)) . Section 314.125(b) of the regulations lists the reasons for which FDA may refuse to approve an application, including if ""[t]he drug product's proposed labeling does not comply with the requirements for labels and labeling in part 201"" (21 CFR 314.125(b)(8)) . The Office",
FDA-2005-P-0192-0005,FDA-2005-P-0192,FDA/CDER  to Public Citzen's Health Research Group - Petition Denial,Public Citzen'S Health Research Group,CDER,Denied,Procedural - Administrative Deficiency,medium,regulation,"nces to support your position. We have carefully reviewed your petition including the references, and Pfizer's comments in response to the petition submitted on December 20, 2005. For the reasons discussed below, your petition is denied. I. BACKGROUND A. Optic Neuropathy Optic neuropathy is damage to the optic nerve due to a blockage of its blood supply, to nutritional deficiencies, or to toxins. Blockage ofthe blood supply to the optic nerve 1 This citizen petition was originally assigned docket number 2005P-0423/CP 1. The number changed to FDA-2005-P-0192 as a result ofFDA's transition to its new docketing system (Regulations.gov) in January 2008. 2 Although various terms are used in your petition and in the scientific literature to describe this condition, we use the term NAION throughout this response for consistency and ease of reference. Docket No. FDA-2005-P-0192 within the eye can lead to death or dysfunction of optic nerve cells and is called ischemic optic neuropathy. There are two types of ischemic optic ne",
FDA-2006-P-0326-0002,FDA-2006-P-0326,"FDA/CDER to Public Citizen Health Research Group, Case Western Reserve University - Petition Denial Letter",Public Citizen Health Research Group,CDER,Denied,Other Denial Reason,low,,"is based on data described in FDA's pharmacology review of the Xenical NDA' and a recent study in rats that reported an association between orlistat and an increased incidence of colonic aberrant crypt foci (ACF),~ which you describe as a precursor of colon cancer. Additionally, you contend that orlistat should not be permitted to ""remain on the marltet for the long-term treatment of a non-lethal condition when it combines so little efficacy coupled with a still unresolved potential to cause breast and colon cancer"" (Petition at 10). We have carefully reviewed your Petition and Supplement, as well as the comments on the Petition submitted by a private citizen on May 22,2006, and by Hoffman-La Roche Inc. (Roche) and GlaxoSmithKline Consumer Healthcare (GSK) on November 8,2006. For the reasons described in detail in this response, we deny your requests that FDA immediately remove Xenical from the market and that FDA not approve an OTC formulation of orlistat. However, as with all FDA-approved products, FDA will continue to m",
FDA-2006-P-0329-0008,FDA-2006-P-0329,"FDA/CDER to Mylan Laboratories, Inc. - Petition Denial",Mylan Laboratories Inc.,CDER,Denied,Procedural - Administrative Deficiency,high,"regulation, format","for fentanyl patches until FDA has concluded the review of Ortho-McNeil's supplemental new drug application (NDA) for labeling information on the use of an overlay system in connection with their fentanyl patch. We have I In addition, you sent Dr. Robert Temple, FDA, a letter dated November 20, 2006, requesting a meeting regarding the use of overlays with fentanyl patches. On March 22, 2007, Mylan and Johnson & JohnsoniOrtho-McNeil met with FDA staff. Minutes ofthis meeting have been placed in this docket. The Petition, Supplements, and PSA were originally assigned docket numbers 2006P-0123/CPl and SUPl, SUP2, SUP3, SUP4, and PSA. The number was changed to FDA-2006-P-0329 as a result of FDA's transition to its new docketing system (Regulations.gov) in January 2008. 2 We have also received citizen petitions raising issues related to (1) the safety of reservoir and matrix patches (Docket No. FDA-2005-P-0428, fonnerly 2005P-044I) and (2) a voluntary risk management plan for both the innovator and generic fentanyl patches (Dock",
FDA-2007-P-0003-0009,FDA-2007-P-0003,FDA-CDER Response to Purdue Pharma L.P. - Letter,Purdue Pharma L.P.,CDER,Denied,Procedural - Already Addressed/Moot,high,"current, adequate, lack","raction studies to fully inform the Agency in its review process and fully inform prescribing physicians when the products reach the marketplace (3) Institute a black box warning for all extended-release opioid drugs forbidding the concurrent consumption of alcohol due to the known pharmacodynamic interaction, and include in the ""clinical pharmacology"" section of the package insert a description of the nature and extent of that interaction based on the results of required in vitro and in vivo interaction studies (4) Consider whether the study results are adequate to support approval of the NDAandANDA (5) Consult the Advisory Committee for Pharmaceutical Science to develop guidance establishing standards for in vivo and in vitro testing, black box warning language, and risk evaluation and mitigation strategies (REMS) for situations in which interaction testing indicates that a dosing is sufficiently altered in the presence of alcohol, and determine in which circumstances these data and tools would be adequate to permit approval of the",
FDA-2007-P-0119-0007,FDA-2007-P-0119,Citizen Petition Denial Response from FDA CDER to the Cancer Prevention Coalition et al,"Cancer Prevention Coalition, Et Al",CVM,Denied,Procedural - Premature/Pending,medium,"prior to, adequate, inadequate","teated cows is inadequate~·.- FDA has thoroughly :reviewed ·the. issues raised in your petition. For the reasons discussed below; .your:petition.cis denied. · BACKGROUND: Prior to commercial.distr'ibution·ofany.new'animaldrugfor use in food-producing animals, a sponsor.must:Jprovide.evidence'.to':!istablishthat its product is safe and effective for its intended:uses. Sedion51.2of:the''·fe.<Hjrab'Food,!Drug, and Cosmetic Act (the Act), 21 U.S.C. 36flb; 2'1C:FR5•14.1(b)(8). The·safety,dderinination for new animal drugs takes into aceountamuniherof.factomirioluding tl;~e:likelihood that the dtug or a substance fi>Fmed •in·foocl-be.oause ofithe:drl)g wilLbe consumed by humans, the cumulative effects ofthe•dtug.on the ariinial.or humans consuming food products derived from that ariitna:l,safety.facto:rs thatexperts .. consider•appropriate for extrapolating from animal experimentation data, and whether the conditions of use suggested in the labeling are likely to be f0Uowed, .. Section 512(s\~(2~·()fthe Act, 21 U.S.C. 360b( d)(",
FDA-2007-P-0168-0047,FDA-2007-P-0168,FDA Repsonse to CareToLive - Petition Denial,Caretolive,CBER,Denied,Procedural - Already Addressed/Moot,high,"before, format, existing","arter of 2009.3 We are committed to expeditiously reviewing the new information as soon as it is submitted. FDA shares the goal of approving new products, such as Provenge, as soon as they are shown to be safe and effective. Before a product is approved, there are a number of ways in which individuals can obtain access to an investigational product. FDA has a long history of permitting access to investigational drugs to treat serious and immediately life-threatening diseases without adequate available therapies. Individuals can obtain access by enrolling in on-going clinical investigations ofsuch products, including any existing expanded access protocols. Such investigations can include protocols that provide for expanded access for patients with serious or life-threatening diseases who lack other therapeutic options. With regard to Provenge, Dendreon has stated that it will provide patients access to Provenge through its existing on-going clinical trial programs and that 1 We note that there has been previous correspondenc",
FDA-2007-P-0170-0009,FDA-2007-P-0170,FDA/CDER Response to Teva Pharmaceuticals USA - Petition Denial,Teva Pharmaceuticals Usa,CDER,Denied,Procedural - Premature/Pending,high,"pending, before","r 4,804,663 (the '663 patent). We have carefully reviewed your Petition and have concluded that the '952 patent was delisted before Teva submitted ANDA 76-228 to FDA. For the reasons described in further detail in this Response, we deny your request that FDA relist the '952 patent. As Teva's ANDA did not contain a paragraph IV certification for a listed patent, and Teva did not provide the required See Docket No. 2007P-03 16/CP1 and CRI. On January 4,2008. you submitted a ""revised certification pursuant to 21 U.S.C. 355(q)(l)(H)"" relating to your pending citizen petition. Section 505(q) of the Federal Food, h g , and Cosmetic Act (the Act) (21 U.S.C. 355(q)) was added by the Food and Drug Administration Amendments Act of 2007 (Public Law 110-85) (FDAAA) on September 27,2007. You have alleged that your Petition, received by FDA on August 6,2007, is subject to section 505(q)(l)(F) of the Act. It is FDA's view that the requirements, prohibitions, and benefits described in section 505(q) of the Act do not apply to requests subm",
FDA-2007-P-0179-0003,FDA-2007-P-0179,FDA Response to Pfizer Inc. - Petition Denial,Pfizer Inc.,CDER,Denied,Other Denial Reason,low,,"pproval of any supplemental NDA (sNDA) for Lotrel because such supplement would be subject to Pfizer's pediatric exclusivity for amlodipine . The PSA requests that FDA stay the approval of any supplements to the Lotrel NDA concerning the active ingredient amlodipine until after September 25, 2007, when Pfizer's pediatric exclusivity will expire . We have carefully considered the Petition and PSA, as well as the comments filed in the docket . For the reasons stated in this response, the Petition and PSA are denied . 1. BACKGROUND The drug at the center of this dispute is Lotrel, a fixed combination drug product containing the active ingredients amlodipine besylate and benazapril hydrochloride . The Agency approved NDA 20-364 for Lotrel 12 years ago, in March 1995 . The Lotrel NDA was submitted pursuant to section 505(b)(1) of the Federal Food, Drug, and Cosmetic Act (FDCA or the Act) (21 U .S .C. 355(b)(1)), as a ""stand alone"" NDA, in that the sponsor either had conducted all of the studies essential to approval of the application or h",
FDA-2007-P-0188-0006,FDA-2007-P-0188,Citizen Petition Denial Response Letter from FDA CDER to Beckloff Associates Inc,"Beckloff Associates, Inc.",CDER,Denied,Procedural - Already Addressed/Moot,medium,current,"ed to conduct a food-effect bioequivalence study because using standard clozapine tablets demonstrated no food effect.8 Instead, bioequivalence ofFazaClo ODTs to Clozaril was established in a randomized, open-label, multiple-dose, two-way crossover study using the highest dose of FazaClo ODTs and Clozaril (then 100 mg) in schizophrenic patients under steady-state conditions. A subsequent study in healthy volunteers showed that although Cmax decreased after a high-fat meal, AUC values did not change. The current approved labeling9 for FazaClo ODTs states: In a food-effect study, a single dose ofFazaClo® (clozapine, USP) orally disintegrating tablets 12.5 mg was administered to healthy volunteers under 3 Agranulocytosis is a condition in which the bone marrow ceases to make white blood cells, which are necessary to fight infection. If not diagnosed and treated early, agranulocytosis may result in death. 4 The labeling for FazaClo ODTs includes two pages of boxed warnings detailing risks including agranulocytosis, seizures,",
FDA-2007-P-0350-0003,FDA-2007-P-0350,"FDA/CDER/OGD to Pfizer, Inc. - PDN1",Pfizer Inc,CDER,Denied,Other Denial Reason,low,,"pproval of any supplemental NDA (sNDA) for Lotrel because such supplement would be subject to Pfizer's pediatric exclusivity for amlodipine. The PSA requests that FDA stay the approval of any supplements to the Lotrel NDA concerning the active ingredient amlodipine until after September 25, 2007, when Pfizer's pediatric exclusivity will expire. We have carefully considered the Petition and PSA, as well as the comments filed in the docket . For the reasons stated in this response, the Petition and PSA are denied . 1. BACKGROUND The drug at the center of this dispute is Lotrel, a fixed combination drug product containing the active ingredients amlodipine besylate and benazapril hydrochloride . The Agency approved NDA 20-364 for Lotrel 12 years ago, in March 1995 . The Lotrel NDA was submitted pursuant to section 505(b)(1) of the Federal Food, Drug, and Cosmetic Act (FDCA or the Act) (21 U .S .C. 355(b)(1)), as a ""stand alone"" NDA, in that the sponsor either had conducted all of the studies essential to approval of the application or had",
FDA-2007-P-0413-0007,FDA-2007-P-0413,"FDA/CDER Response to the Pharmacists Planning Service, Inc. - Denial of Petition","Pharmacists Planning Service, Inc.",CDER,Denied,Procedural - Administrative Deficiency,high,"regulation, format","erbal products 2 to enhance their readability. After careful consideration of your petition and submitted materials, we deny your request for the reasons discussed below. I. BACKGROUND Under the Federal Food, Drug, and Cosmetic Act 3 (FD&C Act), FDA is responsible for regulating the advertising of prescription drugs. As described below, since 1985 FDA has applied the FD&C Act and the prescription drug advertising regulations 4 to both professional and consumer-directed promotion. Although the FD&C Act does not distinguish between consumer and professional audiences in its requirement for disclosure of relevant risk information in prescription drug advertising, FDA recognizes and accounts for the differences between healthcare professionals and consumers as recipients of drug promotion, including differences in medical and pharmaceutical expertise, perception of pharmaceutical claims, and information processing. FDA This citizen petition was originally assigned docket number 2007P-0065/CP1. The number was changed to F",
FDA-2000-P-0126-0132,FDA-2000-P-0126,International Dairy Foods Association  Response to,,,Denied,Procedural - Administrative Deficiency,high,"before, administrative, regulation","ore the addition of bulky flavoring ingredients. We are denying IDFA’s request for a public hearing with respect to this objection and are issuing a final order to modify the final rule’s provision with respect to both pH and titratable acidity. DATES: This order is effective April 14, 2023. The administrative stay is lifted April 14, 2023. The compliance date is May 15, 2023. ADDRESSES: You may submit objections and requests for a hearing on new provisions added by this response to objections as follows. Please note that late, untimely filed objections will not be considered. The https:// www.regulations.gov electronic filing system will accept comments until 11:59 p.m. Eastern Time at the end of May 15, 2023. Objections received by mail/hand delivery/courier (for written/ paper submissions) will be considered timely if they are received on or before that date. Electronic Submissions Submit electronic objections in the following way: • Federal eRulemaking Portal: https://www.regulations.gov. Follow the in",https://www.regulations.gov/document/FDA-2000-P-0126-0132
FDA-2005-P-0070-0006,FDA-2005-P-0070,Neurological Devices  Denial of Request for Change,,ORA,Denied,Procedural - Administrative Deficiency,high,"regulation, format","1 to class I. The agency is denying the petition because the Scientific Laboratory Products LTD., failed to provide sufficient new information to establish that general controls would provide reasonable assurance of the safety and effectiveness of the devices. This document also summarizes the basis for the agency's decision. FOR FURTHER INFORMATION CONTACT: Heather S. Rosecrans, Center for Devices and Radiological Health (HFZ-404), Food and Drug Administration, 9200 Corporate Blvd., Rockville, MD 20850, 240-276-4021. SUPPLEMENTARY INFORMATION: I. Classification and Reclassification of Devices Under the Medical Device Amendments of 1976 (the 1976 Amendments) The Federal Food, Drug, and Cosmetic Act [the act) (21 U.S.C. 301 et seq.), as amended by the 1976 amendments (Public Law 94-295), the Safe Medical Devices Act of 1990 (SMDA) (Public Law 101-629), and the Food and Drug Administration Modernization Act of 1997 (Public Law 105-115) established 2 a comprehensive system for the regulation of medical devices intended fo",https://www.regulations.gov/document/FDA-2005-P-0070-0006
FDA-2008-P-0366-0007,FDA-2008-P-0366,FDA CDER to Purdue Pharma L P    Petition Denial,Purdue Pharma L P    Petition Denial,CDER,Denied,Procedural - Administrative Deficiency,medium,format,"ertifications to the patents listed for OxyContin because OxyContin is the only extended-release oxycodone drug product designated as a reference listed drug (RLD) (Petition at 4). In particular, you assert that the drug product most similar to Remoxy is OxyContin, and these two drug products are similar with respect to active ingredient, strength, extended-release characteristic (i.e., dosing regimen), and route of administration (Petition at 4). You also assert that Tylox (acetaminophen, oxycodone HC1) capsules cannot serve as the RLD and Remoxy cannot rely on Roxicodone SR for the reasons you describe on pages 4-6 of the Petition. You also request, if an application for Remoxy or any other extended-release oxycodone drug product were submitted as a 505(b)(1) application, that FDA ensure any such application contain full reports of investigations demonstrating that the drug is safe and effective (Petition at 6). You assert that based on publicly available information as described in the Petition, it does not appear that there is suf",https://www.regulations.gov/document/FDA-2008-P-0366-0007
FDA-2010-P-0091-0122,FDA-2010-P-0091,Citizen Petition Denial Response from FDA CDER to ,FDA CDER to,CDER,Denied,Procedural - Administrative Deficiency,medium,"format, current","and other relevant data identified by the Agency. Because FDA believes the current labeling for benzodiazepine products contains the essential scientific information needed for the safe and effective use of the drug, as discussed below in section II of this response, your requests are denied. 1 Petition at 3 and 3 8. Docket No. FDA-2010-P-0091 I. BACKGROUND A. Benzodiazepine products The first benzodiazepine was approved by FDA for marketing in the early 1960s.2 The precise mechanism of action for benzodiazepines is unknown, but the resulting activity in the brain is related to their anti-anxiety, sedative, hypnotic, and anticonvulsant properties. The most common use for benzodiazepines products is treatment of anxiety. Whereas other classes of psychotropic drugs can require weeks or months of use to effectively treat the symptoms of anxiety, benzodiazepines have a short onset of action and can provide a degree of immediate relief to patients with anxiety. 3 Benzodiazepines are classified, based on their elimination ha",https://www.regulations.gov/document/FDA-2010-P-0091-0122
FDA-2010-P-0087-0004,FDA-2010-P-0087,FDA CDER to Sandoz  Inc    Petition Denial,Sandoz  Inc    Petition Denial,CDER,Denied,Procedural - Administrative Deficiency,medium,regulation,"maining approved indications. We have carefully reviewed the arguments in your petition. For the reasons stated below, we deny your request. In accordance with the Federal Food, Drug, and Cosmetic Act (the Act), FDA regulations, and case law, the Agency may approve an ANDA for a pregabalin product whose labeling omits or carves out either the seizure indication or the pain-related indications for which the RLD is approved. I. BACKGROUND A. LYRICA On December 30, 2004, FDA approved two new drug applications (NDAs) (held by Pfizer Inc. and its wholly owned subsidiary, CP Pharmaceuticals International C.V.) for LYRICA (pregabalin) capsules (NDA 21-446 and 21-723). The NDAs were approved for management of neuropathic pain associated with diabetic peripheral neuropathy and management of postherpetic neuralgia, respectively. On June 10,2005, FDA approved a third NDA (21-724) for LYRICA capsules as adjunctive therapy for adult patients with partial onset seizures (seizure indication). On June 21,2007, FDA approved a Docket",https://www.regulations.gov/document/FDA-2010-P-0087-0004
FDA-2010-P-0069-0007,FDA-2010-P-0069,FDA CDER to Foley   Lardner LLP   Petition Denial,Foley   Lardner LLP   Petition Denial,CDER,Denied,Procedural - Already Addressed/Moot,high,"pending, regulation, compliance","ntamination are lacking. We note that FDA already reviews all pending applications, including 505(b)(1) NDAs and 505(b )(2) NDAs, ANDAs, and other applications, to ensure that a manufacturer has in place adequate controls to prevent and detect cross-contamination. Under existing regulations, FDA may refuse to approve any drug application for failure to comply with the CGMP regulations in parts 210 and 211.16 In addition, such oversight does not end with approval of an application because the Agency conducts postapproval inspections to ensure continued compliance with CGMPs. We do not believe additional Agency actions are necessary with respect to this request. 17 Next, the petition also requests that FDA issue a draft guidance on the manufacture of highly potent pharmaceutical products. is As stated previously, FDA's current thinking regarding cleaning level and validation expectations are already described in several guidance documents. We do not believe that more specific standards or guidance are absolutely necessary at this time.",https://www.regulations.gov/document/FDA-2010-P-0069-0007
FDA-2011-P-0702-0003,FDA-2011-P-0702,FDA CDER Final response to Warner Chilcott  US   L,Warner Chilcott  US   L,CDER,Denied,Procedural - Administrative Deficiency,medium,regulation,"and other relevant data available to the Agency. Based on our review of these materials and for the reasons described below, your petition is denied. Today we are approving a generic2 single-scored 150 mg doxycycline hyclate delayed-release product, with a postapproval requirement to comply with the new dual scoring configuration of the reference listed drug product (RLD) when it conducts its next manufacturingiun. J Warner Chilcott (Warner) is the U.S. agent for Mayne Pharmaceuticals International Pty. Ltd. (Mayne), the sponsor of Dory. 2 Generic is not defined in the Food, Drug, & Cosmetic Act (FD&C Act) or in FDA regulations. As used in this response, the term generic drug refers to a new drug product for which approval is sought in an ANDA submitted under section 5050) of the FD&C Act (21 U.S.C. 3550)). I. BACKGROUND A.Doryx Doryx is a tetracycline-class antimicrobial indicated for the treatment ofthe following: . Rickettsial infections . Sexually transmitted infections . Respiratory tract infections . Specific bacterial infect",https://www.regulations.gov/document/FDA-2011-P-0702-0003
FDA-2011-P-0840-0003,FDA-2011-P-0840,FDA CDER to Perrigo Company Petition Denial,Perrigo Company Petition Denial,CDER,Denied,Substantive - Insufficient Evidence,medium,lack,"rug Product List"" of the Orange Book as the RLD. Because the NDA holder conducted new clinical investigations essential to the Prevacid OTC approval, the NDA holder received 3-year exclusivity,2 which expires on May 18,2012.3 The 15-mg capsule formulations of Prevacid OTC and Prevacid Rx are the same except for differences in appearance.4 The two drug products differ only in that they have different colored capsules and OTC Prevacid capsules have a black, tamper-evident gelatin band. B. Applicable Statutory and Regulatory Framework The Drug Price Competition and Patent Term Restoration Act of 1984 (Public Law 98-417) (the Hatch-Waxman Amendments) created section 505(j) of the Food, Drug, and Cosmetic Act (FD&C Act), which established theANDA approval process for generic drugs. 5 To obtain approval, an ANDA applicant is not required to provide independent evidence of the safety and effectiveness of the proposed generic drug product. Instead, the applicant relies on FDA's previous finding that the RLD is safe and effective.6 The A",https://www.regulations.gov/document/FDA-2011-P-0840-0003
FDA-2011-P-0128-0004,FDA-2011-P-0128,FDA CDER to ISTA Pharmaceuticals   Petition Denial,ISTA Pharmaceuticals   Petition Denial,CDER,Denied,Other Denial Reason,low,,"in the normal course as part of the application review process. I. BACKGROUND A. Xibrom and Bromday Xibrom (bromfenac ophthalmic solution) 0.09%, new drug application (NDA) 21-664, was approved on March 24,2005. Bromday (bromfenac ophthalmic solution) 0.09% was approved under the same NDA in 2010. Xibrom is a topical ophthalmic solution approved for the treatment of postoperative inflammation and reduction of ocular pain in patients who have undergone cataract extraction. It is supplied as a sterile, aqueous eye drop. One drop of Xibrom ophthalmic solution is applied to the affected eye(s) twice daily for 2 weeks beginning 24 hours after surgery. The active ingredient in Xibrom is bromfenac sodium. Each mililter ofXibrom contains 1.035 miligrams ofbromfenac sodium, equivalent to 0.9 miligrams ofbromfenac free acid. Xibrom's mechanism of action is thought to be associated with its ability to block prostaglandin synthesis by inhibiting cylo-oxygenase (COX) 1 and 2. Bromday (bromfenac ophthalmic solution) 0.09% was approved through a s",https://www.regulations.gov/document/FDA-2011-P-0128-0004
FDA-2011-P-0087-0004,FDA-2011-P-0087,FDA CDER to Navinta LLC   Petition Denial,Navinta LLC   Petition Denial,CDER,Denied,Procedural - Administrative Deficiency,high,"premature, before, procedural","NDA for any iron sucrose injection drug product because it would be premature and inappropriate to do so at this time. Such an action could, in effect, render a decision on a specific aspect of an ANDA or NDA before the Agency has had an opportunity either to fully consider specific data and information in such an application or to provide the procedural rights that accompany FDA actions on applications? As described in section I.B of this response, section 505(q)(1)(F) ofthe Act requires FDA to take final Agency action on the Petition within 180 days ofsubmission. Therefore, we must take action on the Petition at this time. However, FDA has made no final determination with respect to whether, or on what basis, to approve or not approve any ANDAs or 505(b)(2) NDAs for an iron sucrose injection drug product. For complex scientific determinations, our consideration of applications necessarily will inform our decisions on the nature of the data and information necessary to support an approval, as consideration ofthe issues r",https://www.regulations.gov/document/FDA-2011-P-0087-0004
FDA-2011-P-0045-0006,FDA-2011-P-0045,FDA CDER to Perdue Pharma L P    Petition Denial,Perdue Pharma L P    Petition Denial,CDER,Denied,Procedural - Administrative Deficiency,medium,format,"he Orange Book for NDA 22-272. We have carefully reviewed your Petition along with other information available to the Agency. For the reasons stated below, your Petition is denied without comment on whether we will agree to undertake the actions that you request. l I Purdue submitted a similar citizen petition on lune 23, 2008, and a supplement thereto on October 15, 2008 (FDA 2008-P-0366) (First Petition) because Purdue learned that King had filed a 505(b)(2) application for Remoxy in lune 2008, and Purdue had not received notice under section 505(b)(3) of the FD&C Act that King had certified to Purdue's patents listed for OxyContin (oxycodone controlled-release) Tablets (NDA 20-553). King filed comments to the First Petition acknowledging that it had filed the Remoxy NDA under section 505(b)(2) ofthe FD&C Act, claiming that it was not necessary to certify to Purdue's patents because the NDA had referenced another approved oxycodone product as the listed drug relied on to support approval ofRemoxy. Purdue submitted a re",https://www.regulations.gov/document/FDA-2011-P-0045-0006
FDA-2011-P-0823-0003,FDA-2011-P-0823,FDA CDER Response to AstraZeneca Pharmaceuticals L,AstraZeneca Pharmaceuticals L,CDER,Denied,Procedural - Administrative Deficiency,high,"administrative, format","rio~"" (Petition at 4). The Petition asserts that, because of this exclusivity, ""an ANDA and 505(b )(2) applicant cannot include the protected JUPITER trial data associated with the diabetes related warning and adverse reaction information in any label until the associated marketing exclusivity period expires on February 8, 2013"" (Petition at 7). AstraZeneca further notes that ""if FDA were to permit a generic or 505(b)(2) drug product to omit (this diabetes related warning and adverse reaction J information from its labeling -after requiring its inclusion in the labeling for Crestor - the agency would run afoul of the Administrative Procedure Act's prohibition on arbitrary and capricious agency action"" (Petition at 7). Thus, the Petition requests that FDA not approve any ANDA or 505(b)(2) application referencing Crestor until after Crestor's 3-year exclusivity for the primary prevention indication expires (Petition at 1). We have carefully considered the information submitted in the Petition and other relevant data available to the",https://www.regulations.gov/document/FDA-2011-P-0823-0003
FDA-2012-P-0153-0004,FDA-2012-P-0153,Citizen Petition Denial Response Letter from FDA C,FDA C,ORA,Denied,Procedural - Administrative Deficiency,high,"before, administrative, 21 cfr 10","aula Wilkerson, RAC, CRA Sr. Staff Engineer, Sr. Reviewer – Medical Devices Program Manager – Intertek Third-party Program Intertek 2307 East Aurora Road, Unit B7 Twinsburg, OH 44087 Re: Citizen Petition – Docket Number FDA-2012-P-0153 Dear Ms. Wilkerson, This letter responds to your citizen petition, dated February 10, 2012. In your petition, you request that FDA “refrain from taking administrative action against Intertek by dismissing them as an Accredited Person for 510(k) Review under the FDA Modernization Act of 1997 without due process.” You specifically request that FDA provide “relief from this loss of their [Intertek’s] position as an Accredited Person and the resumption of their [Intertek’s] contracted responsibilities to BioPhotas, a Premarket Notification sponsor.”1 FDA has carefully considered the issues raised in your petition and other information before the Agency. In accordance with 21 CFR 10.30(e) and for the reasons described below, we are denying your request. I. Background On J",https://www.regulations.gov/document/FDA-2012-P-0153-0004
FDA-2012-P-1095-0004,FDA-2012-P-1095,Citizen Petition Denial Response from FDA CDER to ,FDA CDER to,CDER,Denied,Procedural - Administrative Deficiency,medium,format,"r Resveratrol Partners2 The Agency has carefully reviewed the information in your Petition. For the reasons set forth below, your Petition is denied. I. BACKGROUND A. Longevinex 1 FDA has not approved Avastin for the treatment of wet (neovascular) macular degeneration. 2 Petition at 9. Page2 Longevinex is available as a dietary supplement and has not been approved as a drug. The primary ingredient in Longevinex is resveratrol, a substance that occurs naturally in several plant species, including in grapevines and berries. According to the Petition, antibody anti-vascular endothelial growth factor (VEGF) drugs such as A vastin and Lucentis fail to treat macular degeneration in some patients, but resveratrol addresses the mechanism by which such anti- VEGF drugs fail. 3 The Petition claims that resveratrol restores functional vision and results in remission for people with wet macular degeneration who have not had success with anti-VEGF drugs.4 B. Statutory and Regulatory Background FDA regulates products based on the",https://www.regulations.gov/document/FDA-2012-P-1095-0004
FDA-2012-P-0695-0016,FDA-2012-P-0695,Reconsideration Petition Denial Response,,,Denied,Procedural - Administrative Deficiency,high,"administrative, submission","tion Silver Spring, MD 20993 Re: Petition for Reconsideration Docket No. FDA-2012-P-0695 Dear Dr. Ogden: This letter responds to the petition for reconsideration filed by Ronald S. Milstein on behalf of Lorillard Tobacco Company, Inc. received on November 13, 2013 (Reconsideration Petition). We are directing our response to your office, and Reynolds American Inc. generally, as successor in interest to Lorillard. We note that the petition is titled as a Petition for Reconsideration in its header, but identifies as the authority for the submission 21 C.F .R. § 10.35 (Administrative Stay of Action), rather than 21 C.P.R. § 10.33 (Administrative Reconsideration of Action). We presume for purposes of this response that 21 C.F.R. § 10.33 was intended. The Reconsideration Petition requests that the Food and Drug Administration (FDA or the Agency) reconsider its October 17, 2013, response denying the citizen petition that you submitted on June 26, 2012 (Citizen Petition). The Citizen Petition requested that the agency not enforce",https://www.regulations.gov/document/FDA-2012-P-0695-0016
FDA-2012-P-0189-0006,FDA-2012-P-0189,Citizen Petition Denial Response from FDA CDER to ,FDA CDER to,CDER,Denied,Other Denial Reason,low,,"nderscores the error of the petitioner's analysis because two drug products of different strength cannot both be identical in all aspects of composition and conditions of use to a single predicate drug product. For this reason, we use the plural term ""Lannett's Cocaine HCl Products"" throughout this response. 2 We note that we agree with your statement on page 15 of the Petition that '""grandfather' status does not mean a product is unregulated."" The 1938 grandfather clause applies only to the new drug provisions of the FD&C Act and not to the adulteration or misbranding provisions (sections 50 I and 502 of the FD&C Docket No. FDA-2012-P-0189 I. BACKGROUND A. Cocaine HCI Cocaine HCl is a local anesthetic. Because of its high potential for abuse, cocaine is a controlled substance in Schedule II ofthe Controlled Substances Act (CSA), 21 U.S.C. section 801 et seq. There are no approved new drug applications for drug products with cocaine as an active ingredient. B. Statutory Framework In 1938, Congress enacted the FD&C Ac",https://www.regulations.gov/document/FDA-2012-P-0189-0006
FDA-2013-P-0766-0006,FDA-2013-P-0766,Citizen Petition Denial Response from FDA CDER to ,FDA CDER to,CDER,Denied,Procedural - Administrative Deficiency,medium,regulation,"the listed drug ... except for changes required because of differences approved under a petition filed under [section 505(j)(2)(C) of the Act] or because the new drug and the listed drug are produced or distributed by different manufacturers.""14 Our regulations contain the following parallel requirement: Labeling (including the container label, package insert, and, if applicable, Medication Guide) proposed for the [generic] drug product must be the same as the labeling approved for the reference listed drug, except for changes required because of differences approved under a petition filed under§ 314.93 [21 CFR 314.93] or because the drug product and the reference listed drug are produced or distributed by different manufacturers. 15 Section 314.94(a)(8)(iv) of our regulations sets forth examples of permissible differences in labeling that may result because the generic drug product and the RLD are produced or distributed by different manufacturers. These permissible differences include the following: differences in expir",https://www.regulations.gov/document/FDA-2013-P-0766-0006
FDA-2014-P-2188-0025,FDA-2014-P-2188,Citizen Petition Denial Response Letter from FDA C,FDA C,,Denied,Other Denial Reason,low,,"of, pursuant to 21 C.F.R. §§ 3I4.IOI and 3I4.54, because Purdue's NDA should have been filed under section 5050) as an Abbreviated New Drug Application (""ANDA'') citing [OXA YDO] as the Reference Listed Drug (""RLD""); (2) If FDA determines that Purdue's abuse-deterrent IR oxycodone product was appropriately submitted under a 505(b )(2) NDA, refuse to accept the Purdue NDA for filing, or rescind any acceptance for filing thereof, pursuant to 21 C.F .R. § § 3I4 .I 0 I and 3I4.54 unless and until (i) Purdue includes in its NDA a designation of [OXA YDO] as a 3 See http://www .accessdata. fda. gov/drugsatfda docs/appletter/20 1512020800rig 1 s003ltr.pdf. 4 ""Dosing and Administration,"" OXA YDO labeling, available at http://www.accessdata.fda.gov/drugsatfda docs/label/2014/202080s002lbl.pdf. This statement has been present in the labeling since the product was initially approved on June 7, 2011. 5 Section 9.2: Abuse, OXA YDO labeling, available at http://www .accessdata. fda.gov/drugsatfda docs/label/20 14/202080s002lbl.pdf. 6",https://www.regulations.gov/document/FDA-2014-P-2188-0025
FDA-2014-P-1649-0005,FDA-2014-P-1649,Petition Denial Response Letter,,,Denied,Procedural - Administrative Deficiency,high,"regulation, format, existing","ions of use for which approval cannot be granted because of exclusivity or an existing patent may be omitted."" The Act also requires that an ANDA contain information to show that the labeling proposed for the new [generic] drug is the same as the labeling approved for the listed drug ... except for changes required because of differences approved under a petition filed under [section 505(j)(2)(C) of the Act] or because the new drug and the listed drug are produced or distributed by different manufacturers (section 505G)(2)(A)(v) ofthe Act); see also 21 CFR 314.94(a)(8)(iv)). A parallel provision appears in section 505G)(4)(G) ofthe Act. 14 Section 314.94(a)(8)(iv) of FDA's regulations sets forth examples of permissible differences in labeling that may result because the generic drug product and the RLD are produced or distributed by different manufacturers. These differences include the following: ... differences in expiration date, formulation, bioavailability, or pharmacokinetics, labeling revisions made to comply with",https://www.regulations.gov/document/FDA-2014-P-1649-0005
FDA-2014-P-1615-0004,FDA-2014-P-1615,Petition Denial Response Letter,,,Denied,Procedural - Administrative Deficiency,medium,format,"adyne (galantamine hydrobromide) ER (NDA 21-615), because of""the similarity in the underlying facts between Razadyne ER and Fusilev.""1 FDA has carefully considered the information submitted in your Petition, as well as additional relevant information available to the Agency. For the reasons set forth below, your requests are denied. I. BACKGROUND A. Fusilev (levoleucovorin) Regulatory History On March 7, 2008, FDA issued an approval letter to Spectrum for NDA 20-140 for the use of levoleucovorin for Injection, 50 milligram (mg)/10 milliliter (rnL) or 10 mg/rnL, (1) for rescue after high-dose methotrexate therapy in osteosarcoma and (2) to diminish the toxicity and counteract the effects of impaired methotrexate elimination and of inadvertent overdosage of folic acid antagonists. On this same date, NDA 20-140 received 7 years of orphan exclusivity for these same indications. On April 24, 2008, FDA received a supplemental NDA from Spectrum providing for the proprietary name2, Fusilev, and revised labeling to include the",https://www.regulations.gov/document/FDA-2014-P-1615-0004
FDA-2014-P-1354-0004,FDA-2014-P-1354,Petition Denial,,,Denied,Procedural - Already Addressed/Moot,high,"previously, adequate","(FDA or Agency) refuse to accept for substantive review a New Drug Application (NDA) submitted by Alkermes pic (Alkermes) ""seeking approval for a new active moiety not contained in any previously-approved drug product, because the single adequate and well-controlled clinical trial reported in the application cannot satisfy the substantial evidence of effectiveness re~uirement prescribed in Section 505(b)(1)(A) ofthe [Federal Food, Drug, and Cosmetic Act]."" You further request that if FDA accepts the Alkermes NDA for review, FDA not approve it for the same reasons the NDA should not be accepted. We have carefully considered the Petition. For the reasons stated below, the Petition is denied without comment on whether we will take the actions that you request. I. BACKGROUND A. Abilify and Abilify Maintena On November 15,2002, FDA approved Otsuka's NDA for Abilify (aripiprazole) tablets (NDA 021436), an atypical antipsychotic for the treatment of schizophrenia. Subsequently, Otsuka sought and received FDA approval for addi",https://www.regulations.gov/document/FDA-2014-P-1354-0004
FDA-2014-P-1773-0004,FDA-2014-P-1773,Citizen Petition Partial Denial Response Letter fr,,,Denied,Other Denial Reason,low,,"vant data) was provided in your petition for our review which is required under § I 0.30(b). 2 Kelley, K. E., Hemandez-Diaz, S., Chaplin, E. L., Hauser, R., Mitchell, A. A., ""Identification ofPhthalates in Medications and Dietary Supplement Formulations in the United States and Canada,"" Environmental Health Perspectives, 120:379-384, 2012. Page 2 - Frederick Mayer, R.Ph., M.P.H. from the definition of a food additive under the FD&C Act include those that are: (I) generally recognized as safe by qualified experts (GRAS), (2) a dietary ingredient in a dietary supplement, and (3) prior sanctioned. Section 201 (s) of the FD&C Act (21 U.S. C.§ 321(s)]. For the reasons explained below, the use of phthalates as excipients in dietary supplement would need to comply with the pre-market approval requirements for food additives. Further, there is no authorization for this use. The use of phthalates as excipients in dietary supplements is not exempt from the statutory definition of a food additive and therefore requires approval for u",https://www.regulations.gov/document/FDA-2014-P-1773-0004
FDA-2014-P-1771-0004,FDA-2014-P-1771,Citizen Petition Denial Response,,,Denied,Procedural - Premature/Pending,medium,"before, format","equests that before accepting an application for review under section 351(k) of the PHS Act, FDA should require the application to include a certification that the applicant will timely comply with section 351(1)(2)(A) ""by providing the reference product sponsor with a copy of the biosimilar application and information that describes the process( es) used to manufacture the biosimilar product that is the subject of that application.""1 The Petition urges that this certification should be required for all future section 35l(k) applications (biosimilar applications) that have not been accepted for review by FDA.2 We have considered the requests in the Petition, as well as a November 25, 2014, comment submitted to the docket by Momenta (Momenta Comment). For the reasons described below, the Petition is denied. I. BACKGROUND AND SUMMARY OF THE PETITION The Biologics Price Competition and Innovation Act (BPCI Act) amended section 35l(k) of the PHS Act to create an abbreviated licensure pathway for biological products shown to",https://www.regulations.gov/document/FDA-2014-P-1771-0004
FDA-2015-P-0840-0026,FDA-2015-P-0840,Response Letter from FDA CDER to Dr  Richard Sherm,FDA CDER to Dr  Richard Sherm,CDER,Denied,Other Denial Reason,low,,"Your Petition explains that this is problematic because it is important to regulate phosphorus intake in individuals with renal impairment, particularly those with hyperphosphatemia (Petition at 3). To examine the extent of uncertainty that dialysis patients may face regarding the amount of phosphorus in medications, you conducted a study in which you identified commonly prescribed drugs for patients on dialysis, reviewed the product labeling to identify drugs containing phosphate as a constituent of the inactive ingredients, obtained both generic and branded samples of the drugs, and sent samples to a laboratory for measurement of phosphorus content using the Association of Analytical Communities (AOAC) official method 984.27 (Petition at 1-2). Of the 200 drugs reviewed, you identified 23 (11.5 percent) that contained phosphorus (Petition at Attachment 1). The Petition sets forth the phosphorus/phosphate content for a selection of the medications tested. The Petition notes “the unpredictable nature of this problem” as t",https://www.regulations.gov/document/FDA-2015-P-0840-0026
FDA-2015-P-1721-0007,FDA-2015-P-1721,Citizen Petition Denial Response from FDA CDER to ,FDA CDER to,CDER,Denied,Procedural - Already Addressed/Moot,medium,adequate,"more acidic than Aloxi, raising safety concerns because parenteral products with low pH levels are known to increase the risk of clinically significant adverse events, including thrombophlebitis, pain, and skin irritation (Petition at 4-5). You state that the Cipla product has a pH that is less than or equal to 3.7, whereas Aloxi has a more neutral pH range of 4.5 to 5.5 (Petition at 1, 3, and 5). You conclude that Cipla must provide adequate safety data, with the observed population being cancer patients undergoing chemotherapy, to support its low pH product because these patients have complications and co-morbidities that make them more sensitive to the types of adverse events associated with 1owpH products (Petition at 1, 2, and 7-10). 1 Aloxi Labeling, NDA 021372 (approved on Sept. 18, 2014), section I (Indications and Usage). 2 Docket No. FDA-2015-P-1721 Furthermore, you state that the Cipla product formulation may also differ from Aloxi in ways not permitted for a proposed generic version of a parenteral product. I",https://www.regulations.gov/document/FDA-2015-P-1721-0007
FDA-2015-P-3980-0021,FDA-2015-P-3980,Citizen Petition Denial Response from FDA CDER to ,FDA CDER to,CDER,Denied,Procedural - Already Addressed/Moot,medium,previously,"s stated below, the Petition is denied, and today we are approving 1 In your Petition, you refer to a citizen petition that you previously submitted to FDA on April 27, 2015, under Docket No. FDA-2015-P-1431 (April 201 5 Petition). The present Petition contains the same requests as the April 2015 Petition; however, as you indicate, the present Petition also addresses comments to Docket No. FDA-2015-P- 1431 that were submitted by Fresenius Kabi USA, LLC (Fresenius) on September 18, 2015. On September 24, 2015, FDA denied the Apri1 2015 Petition without comment on whether FDA would take the requested actions because, at that time, the Agency had not made a fmal decision on the approvability of any ANDA for bendamustine hydrochloride. 2 Fresenius Kabi USA, LLC submitted a comment on January 21, 2016. Teva submitted a supplement to the Petition in response to the Fresenius comment on March 8, 2016. 1 Docket No. FDA-2015-P-3980 ANDAs that reference Treanda as the RLD for the treatment ofCLL, without approval for the treatment o",https://www.regulations.gov/document/FDA-2015-P-3980-0021
FDA-2015-P-0464-0025,FDA-2015-P-0464,Response Letter from FDA CDER to Colgate Palmolive,FDA CDER to Colgate Palmolive,CDER,Denied,Procedural - Administrative Deficiency,medium,format,"9, 2023 Docket No. FDA-2015-P-0464 2 Because you are a requestor, as defined in section 505G(q)(3) of the FD&C Act and your Petition requests a type of relief that could be sought under an OMOR (see 505G(b)(5) of the FD&C Act), the citizen petition process is no longer the appropriate procedure for addressing your request, and your Petition is denied. Please note that information about the OMOR process is available on FDA’s website2 should you pursue that process for your request. 3 Sincerely, Douglas C. Throckmorton -S Digitally signed by Douglas C. Throckmorton -S Date: 2023.05.05 14:53:21 -04'00' Patrizia Cavazzoni, M.D. Director Center for Drug Evaluation and Research 2 See OTC Drug Review Process | OTC Drug Monographs, available at https://www.fda.gov/drugs/otc-drug-review- process-otc-drug-monographs; see also Frequently Asked Questions available via the OTC Monographs@FDA portal at https://dps.fda.gov/omuf/faqs. 3 If you are",https://www.regulations.gov/document/FDA-2015-P-0464-0025
FDA-2015-P-4529-0012,FDA-2015-P-4529,Petition Denial Letter,,ORA,Denied,Other Denial Reason,low,,"any comments from various stakeholders. FDA has reviewed and approved the labeling of the two biosimilar products licensed in the United States, Zarxio (filgrastim-sndz) and lnflectra (infliximab-dyyb ), BLA 125544. The Agency took these actions on a product-specific basis, and they should not be understood to reflect a broader policy on how biosimilar products should be labeled. FDA is continuing to develop its broader policy on this topic, including its positions on the issues raised in the petitions, in connection with reviewing comments submitted to the biosimilar labeling guidance docket and finalizing that guidance. C. Applicable Statutory and Regulatory Standards The Biologics Price Competition and Innovation Act of 2009 (BCPI Act), enacted as part of the Patient Protection and Affordable Care Act (Affordable Care Act) (Pub. L. 111-148) on March 23, 201 0, created an abbreviated licensure pathway for biological products demonstrated to be biosimilar to or interchangeable with a reference product. Section 351(k) of",https://www.regulations.gov/document/FDA-2015-P-4529-0012
FDA-2015-P-1431-0025,FDA-2015-P-1431,FDA Final Response Denial Letter,,,Denied,Procedural - Premature/Pending,medium,pending,"a pending application submitted under section 1 Because the Treanda NDA for the CLL indication (NDA 022249) was pending when Cephal on submitted its application supporting the iNHL indication, the iNHL application was considered a second NDA rather than a supplement and was assigned NDA 022303. However, once both NDAs were approved, the NDAs were merged under NDA 022249. Therefore, FDA's Approved Drug Products with Therapeutic Equivalence Evaluations (the Orange Book) lists only one NDA (NDA 022249) for Treanda. The Orange Book is available on FDA's Web site at http://www.accessdata.fda.gov/scripts/ cder/ob/detault.cfm. 2 Indolent B-cell non-Hodgkin's Lymphoma includes a group of slow-growing cancer subtypes in which malignant cells form in the lymph system. 3 Myelosuppression is a condition in which bone marrow activity is decreased, resulting in fewer red blood cells, white blood cells, and platelets. 4 Section 5.1 ofthe combined Treanda labeling has been further updated since the product was approved for the iNHL indic",https://www.regulations.gov/document/FDA-2015-P-1431-0025
FDA-2015-P-1722-0014,FDA-2015-P-1722,Citizen Petition Denial Response from FDA CDER to ,FDA CDER to,CDER,Denied,Procedural - Already Addressed/Moot,medium,adequate,"missioner of [FDA] not approve Exela's NDA 207963 because the proposed product's high concentration of active ingredient compared to the reference product, Aloxi, creates an unacceptable and unnecessary risk of medication error, particularly with respect to pediatric patients. 2. Alternatively, if FDA determines that, notwithstanding the risk of medication error, Exela's proposed product may be considered for approval, that the Commissioner: (Petition at 2). a. require Exela to support its proposed formulation with human bioequivalence data; b. require Exela to demonstrate the safety of its proposed formulation with adequate testing, including human testing in the relevant patient population; and c. not rate Exela's proposed product as therapeutically equivalent to Aloxi due to the difference in concentration between the products. As grounds for your requests, you state that differences between Exela's proposed product and Aloxi raise significant safety and effectiveness issues; in particular, you believe the Exela pr",https://www.regulations.gov/document/FDA-2015-P-1722-0014
FDA-2015-P-1094-0042,FDA-2015-P-1094,Citizen Petition Denial Response from FDA CVM to F,FDA CVM to F,CVM,Denied,Procedural - Premature/Pending,medium,"before, regulation","Petition). The citizen petition requests that FDA review ""ABT's New Animal Drug Application ('NADA') for AquAdvantage [S]almon under the [Federal Food, Drug, and Cosmetic Act's (FD&C Act)] food additive provisions and deem the AquAdvantage [S]almon a food additive .... ""; review ""the AquAdvantage [S]almon's components, including its gene expression product (the 'GEP') of the recombinant DNA ('rONA') construct, and deem them food additives under the"" FD&C Act; ""[r]ender the GEP of the AquAdvantage [S]almon an added substance under the [FD&C] Act's adulteration provisions""; ""[m]ake a finding that neither the AquAdvantage [S]almon, nor the GEP used to create it, is generally recognized as safe ('GRAS') for human consumption""; and promulgate regulations that state that (I) AquAdvantage Salmon and all components of such salmon are food additives that require an approved food additive petition before they may be safely used and (2) AquAdvantage Salmon ""along with all of the components within such salmon are deemed adulterated"" an",https://www.regulations.gov/document/FDA-2015-P-1094-0042
FDA-2015-P-2120-0011,FDA-2015-P-2120,Citizen Petition Denial Response from FDA CDER to ,FDA CDER to,CDER,Denied,Procedural - Administrative Deficiency,medium,format,"22-272 and 205-777. Id. at 3. We have carefully reviewed your Petition and its exhibits; the September 24, 2015, comment filed by DLA Piper on behalf of Pfizer; and other information available to the Agency. For the reasons set forth below, your Petition is denied without comment on whether we will take the actions you request. Docket No. FDA-2015-P-2120 Page2 I. BACKGROUND A. Original and Reformulated OxyContin The Agency approved NDA 20-553 for OxyContin (oxycodone HCl controlled release tablets) in dosage strengths of 10, 20, and 40 milligrams (mg) in December 1995. OxyContin was the first extended-release oxycodone product approved by the Agency. FDA subsequently approved additional dosage strengths of OxyContin (hereafter jointly referred to as Original OxyContin). Original OxyContin was designed to be administered every 12 hours. It was often abused by manipulating the product to defeat its extended-release mechanism, causing the oxycodone to be released more rapidly. Original OxyContin also was manipulated for",https://www.regulations.gov/document/FDA-2015-P-2120-0011
FDA-2015-P-0732-0117,FDA-2015-P-0732,Response Letter to Arnold   Porter LLP from FDA CD,FDA CD,ORA,Denied,Other Denial Reason,low,,"ks FDA to refrain from receiving for substantive review or approving any abbreviated new drug application (ANDA) or any new drug application (NDA) submitted pursuant to section 505(b)(2) of the Federal Food, Drug, and Cosmetic Act (FD&C Act) (21 U.S.C. 355(b)(2)) (505(b)(2) application) that references Abraxane for Injectable Suspension (paclitaxel protein-bound particles for injectable suspension) (albumin bound), NDA 021660, unless the conditions described in the Petition are satisfied. Specifically, the Petitioner requests that:1 • “FDA expressly consider the unique characteristics of drug products incorporating nanotechnology when developing approval standards and requirements for nanomedicines for oncologic indications,” including with respect to guidance documents as described in the Petition; • “[A]ny [ANDA] application for a product referencing Abraxane have . . .”: (a) chemical composition that is qualitatively and quantitatively the same as ABRAXANE, except as allowed under 21 C.F.R. § 314.94(a)(9)(iii), and 1 Petiti",https://www.regulations.gov/document/FDA-2015-P-0732-0117
FDA-2015-P-0014-0006,FDA-2015-P-0014,Final Response from FDA CDER to Edward L  Boshnick,FDA CDER to Edward L  Boshnick,CDER,Denied,Procedural - Administrative Deficiency,medium,format,"mith, Ph.D. FDA has carefully reviewed the information in your petition and the other correspondence posted to the Docket, and we deny your requests for the reasons discussed below. BACKGROUND Under the Federal Food, Drug, and Cosmetic (FD&C) Act,6 FDA regulates excimer laser systems for LASIK surgery as Class III devices, which are subject to premarket approval to provide a reasonable assurance of their safety and effectiveness.7 In this process, FDA determines whether the device’s premarket approval application (PMA) demonstrates “reasonable assurance of safety and effectiveness” by weighing any probable benefit to health from use of the device against any probable risk of injury or illness and by considering the persons for whose use the device is represented or intended and the conditions of use for the device prescribed, recommended, or suggested in the device’s labeling.8 As mentioned in your petition,9 in October 2009 FDA launched the LASIK Quality of Life Collaboration Project (LQOLCP)",https://www.regulations.gov/document/FDA-2015-P-0014-0006
FDA-2015-P-0014-0006,FDA-2015-P-0014,Final Response from FDA CDRH to Edward L  Boshnick,FDA CDRH to Edward L  Boshnick,CDRH,Denied,Procedural - Administrative Deficiency,medium,format,"mith, Ph.D. FDA has carefully reviewed the information in your petition and the other correspondence posted to the Docket, and we deny your requests for the reasons discussed below. BACKGROUND Under the Federal Food, Drug, and Cosmetic (FD&C) Act,6 FDA regulates excimer laser systems for LASIK surgery as Class III devices, which are subject to premarket approval to provide a reasonable assurance of their safety and effectiveness.7 In this process, FDA determines whether the device’s premarket approval application (PMA) demonstrates “reasonable assurance of safety and effectiveness” by weighing any probable benefit to health from use of the device against any probable risk of injury or illness and by considering the persons for whose use the device is represented or intended and the conditions of use for the device prescribed, recommended, or suggested in the device’s labeling.8 As mentioned in your petition,9 in October 2009 FDA launched the LASIK Quality of Life Collaboration Project (LQOLCP)",https://www.regulations.gov/document/FDA-2015-P-0014-0006
FDA-2015-P-0181-0009,FDA-2015-P-0181,Citizen Petition Denial Response from FDA CDER to ,FDA CDER to,CDER,Denied,Other Denial Reason,low,,"nless, after conducting an appropriately rigorous review under the established standards for proposed generic emergency use auto-injectors, the Agency concludes that the proposed product is the ""same as"" the EpiPen auto-injector. You state that this includes the request that pa,tients, caregivers, and other relevant user groups trained in the use of the EpiPen auto-injector who face an emergency situation be able to safely and effectively use the proposed product in accordance with the EpiPen auto-injector instructions for use, without additional physician interaction or training. We have carefully considered the Petition and supplement. For the reasons stated below, the Petition is denied without comment on whether we will take the actions you request. I. BACKGROUND A. EpiPen Mylan Specialty, L.P., holds approved new drug application (NDA) 019430 for EpiPen (epinephrine auto-injector). The product is indicated in the emergency treatment of allergic reactions (Type I) including anaphylaxis of various origins. It is avai",https://www.regulations.gov/document/FDA-2015-P-0181-0009
FDA-2015-P-5022-0008,FDA-2015-P-5022,Petition Denial Letter,,ORA,Denied,Other Denial Reason,low,,"any comments from various stakeholders. FDA has reviewed and approved the labeling of the two biosimilar products licensed in the United States, Zarxio (filgrastim-sndz) and lnflectra (infliximab-dyyb ), BLA 125544. The Agency took these actions on a product-specific basis, and they should not be understood to reflect a broader policy on how biosimilar products should be labeled. FDA is continuing to develop its broader policy on this topic, including its positions on the issues raised in the petitions, in connection with reviewing comments submitted to the biosimilar labeling guidance docket and finalizing that guidance. C. Applicable Statutory and Regulatory Standards The Biologics Price Competition and Innovation Act of 2009 (BCPI Act), enacted as part of the Patient Protection and Affordable Care Act (Affordable Care Act) (Pub. L. 111-148) on March 23, 201 0, created an abbreviated licensure pathway for biological products demonstrated to be biosimilar to or interchangeable with a reference product. Section 351(k) of",https://www.regulations.gov/document/FDA-2015-P-5022-0008
FDA-2015-P-3009-0011,FDA-2015-P-3009,Petition Denial Letter from FDA CFSAN to Physician,FDA CFSAN to Physician,CFSAN,Denied,Procedural - Administrative Deficiency,high,"administrative, 21 cfr 10, cfr 10","HDL-C. Furthermore, you reference a quantitative review by Brouwer et al. (2010) that reported the effects of industrially-produced trans fatty acids (IP-TF A) and naturally-occurring trans fats on blood lipoproteins. You state that the results of this quantitative review showed that TF A raise the LDL-C to HDL-C ratio, with no significant differences between naturally-occurring TF A and IP-TF A. You assert that all TF A are harmful, regardless of their origin, and therefore, you argue that our declaratory order is arbitrary and capricious and in violation of the standards applied to agency action under the Administrative Procedure Act (5 U.S.C. § 706(2)(A)) because our action does not apply to all sources of TF A. In accordance with 21 CFR 10.30(e)(3), we are denying your petition for the reasons stated below. I. BACKGROUND On June 17, 2015, FDA published a declaratory order announcing our final determination that partially hydrogenated oils (PHOs) no longer meet the generally recognized as safe (GRAS) Page 2 - Neal D.",https://www.regulations.gov/document/FDA-2015-P-3009-0011
FDA-2015-P-2000-0012,FDA-2015-P-2000,Petition Denial Letter,,ORA,Denied,Other Denial Reason,low,,"any comments from various stakeholders. FDA has reviewed and approved the labeling of the two biosimilar products licensed in the United States, Zarxio (filgrastim-sndz) and lnflectra (infliximab-dyyb ), BLA 125544. The Agency took these actions on a product-specific basis, and they should not be understood to reflect a broader policy on how biosimilar products should be labeled. FDA is continuing to develop its broader policy on this topic, including its positions on the issues raised in the petitions, in connection with reviewing comments submitted to the biosimilar labeling guidance docket and finalizing that guidance. C. Applicable Statutory and Regulatory Standards The Biologics Price Competition and Innovation Act of 2009 (BCPI Act), enacted as part of the Patient Protection and Affordable Care Act (Affordable Care Act) (Pub. L. 111-148) on March 23, 201 0, created an abbreviated licensure pathway for biological products demonstrated to be biosimilar to or interchangeable with a reference product. Section 351(k) of",https://www.regulations.gov/document/FDA-2015-P-2000-0012
FDA-2015-P-2830-0022,FDA-2015-P-2830,Citizen Petition Denial Response from FDA CDER to ,FDA CDER to,CDER,Denied,Other Denial Reason,low,,"e (pAUC) bioequivalence parameters to govern the review and approval of any abbreviated new drug application (ANDA) submitted under section 505G) ofthe Federal Food, Drug, and Cosmetic Act (FD&C Act) (21 U.S.C. 355 (j)) that references Oxtellar XR (oxcarbazepine) as the reference listed drug (RLD). 1 Specifically, the Petition asks FDA to adopt the following criteria as part of the bioequivalence demonstration: (1) Applicants should measure pAUC at 0-Tmax and Tmax-t, in addition to the traditional bioequivalence metrics of AUCo-t, AUCo-oo, and Cmax. (2) Applicants should narrow the acceptance criteria for the 90% confidence interval for Cmax, AUC, and pAUC from 80-125% to 90-125%? We have carefully considered the issues raised in your Petition. For the reasons stated below, your Petition is denied. I. BACKGROUND A. Oxtellar XR FDA approved Oxtellar XR on October 19, 2012. Oxtellar XR is a once daily, extended- release antiepileptic drug approved for use as an adjunctive therapy in the treatment of partial seizures in",https://www.regulations.gov/document/FDA-2015-P-2830-0022
FDA-2015-P-2482-0015,FDA-2015-P-2482,Citizen Petition Denial Response from FDA CDER to ,FDA CDER to,CDER,Denied,Procedural - Already Addressed/Moot,high,"previously, adequate","efuse to approve the Alkermes NDA in its entirety because it ""does not satisfy the substantial evidence of effectiveness requirement prescribed in section 505(b )(1 )(A)"" of the Federal Food, Drug, and Cosmetic Act (FD&C Act) (21 U.S.C. 355(b)(1)(A)). You state that, ""contrary to that requirement, the Alkermes NDA is supported with only one adequate and well-controlled clinical trial ... of the drug (aripiprazole lauroxil) for which Alkermes seeks approval."" FDA has carefully reviewed your Petition1 and supplements submitted by your counsel dated July 29, 2015 (Otsuka Supplement 1); August 5, 2015 (Otsuka Supplement 2); and August 19, 1 In your Petition, you refer to a citizen petition that you previously submitted to FDA on September 9, 2014 under Docket No. FDA-2014-P-1354 (September 2014 Petition). The September 2014 Petition requested that FDA refuse to accept for substantive review the Alkermes NDA, seeking approval for a new active moiety not contained in any previously approved drug product. The September 2014 Petiti",https://www.regulations.gov/document/FDA-2015-P-2482-0015
FDA-2015-P-2413-0003,FDA-2015-P-2413,Citizen Petition Denial Response from FDA CDER to ,FDA CDER to,CDER,Denied,Procedural - Administrative Deficiency,medium,"format, already","ons as appropriate. Such information may include consideration of information in citizen petitions, as appropriate. FDA applies the appropriate standards of approval for any NDA submitted under section 505 of the FD&C Act, including those applying to applications submitted under the 505(b )(2) NDA pathway. Your second request is that the Agency provide to Acura confirmation that the Agency will provide a ""full written response on the substantive merits"" of the 2014 Petition ""if and when it takes fmal approval action on Purdue's NDA"" (Petition at 2). The Agency already responded to the 2014 Petition on May 8, 2015, and thus Docket No. FDA-2014-P-2188 is closed.5 However, the Agency may consider any information of which it is aware that bears on the approval of any given application as appropriate. III. CONCLUSION For the reasons described above, the Petition is denied. Sincerely, Janet Woodcock, M.D. Director Center for Drug Evaluation and Research 5 In the Petition, you cite two letter decisions in which you assert t",https://www.regulations.gov/document/FDA-2015-P-2413-0003
FDA-2016-P-2376-0004,FDA-2016-P-2376,Petition Denial Letter from FDA CDER to Latham   W,FDA CDER to Latham   W,CDER,Denied,Procedural - Already Addressed/Moot,medium,current,"e in the normal course as part of the application review process. 2 See original labeling for Adrenalin (epinephrine injection) (NDA 204200), available at http: '' \\\\ . a_«_~~,~data . fda.go\ drugsatfda docs I a!_)_~ I J_Q_I1_J_Q41_0Qs000 1b l. pd f. U.S. Food & Drug Admnistration 10903 New Hampshire Avenue Silver Spring, MD 20993 www.fda.gov On January 8, 2016, Par submitted supplemental NDA (sNDA) 204200-004. On September 12, 2016, FDA approved sNDA 204200-004 to change Adrenalin's formulation to extend the shelf life ofthe product to 24 months and to remove the mydriasis indication from the product's labeling.3 B. Summary of Legal and Regulatory Framework for AND As The Drug Price Competition and Patent Term Restoration Act of 1984 (Public Law 98-417) (the Hatch- Waxman Amendments) created section 505(j) of the Federal Food, Drug, and Cosmetic Act (FD&C Act), which established the current ANDA approval process. To obtain approval, an ANDA applicant is not required to submit evidence to establish the safety and effec",https://www.regulations.gov/document/FDA-2016-P-2376-0004
FDA-2016-P-4587-0013,FDA-2016-P-4587,FDA 2016 P 4587 Petition Denial Letter,,,Denied,Substantive - Insufficient Evidence,medium,lack,"ug products and nitric oxide delivery systems be reviewed by the Center for Drug Evaluation and Research and the Center for Devices and Radiological Health in a coordinated fashion ... "" • ""[R]efuse to approve an application submitted under Section 505 of the Federal Food, Drug and Cosmetic Act citing INOMAX as the reference listed drug [(RLD)] ... unless the [new drug application (NDA)/abbreviated new drug application (ANDA)] for the drug product and the 51 O(k) premarket notification for the associated delivery device collectively provide for"" specified features that the Petition asserts are ""necessary for the safe and effective administration of inhaled nitric oxide"" • ""Assign a BX rating to follow-on inhaled nitric oxide/NODS products, indicating that the products are not therapeutically equivalent to the combination product INOMAX/INOmax DS1R Plus"" 1 • ""Rescind receipt of ANDA 207141 ... because it proposes use of a drug delivery device that lacks certain important safety features provided by the delivery devi",https://www.regulations.gov/document/FDA-2016-P-4587-0013
FDA-2016-P-0383-0004,FDA-2016-P-0383,Petition Denial Letter Final Response,,,Denied,Procedural - Administrative Deficiency,high,"before, regulation, format","below, FDA denies your Petition at this juncture because the information that you have placed before the Agency makes your patent use code for ' 130 patent uninterpretable? Based on statements in your petition, FDA believes that Depomed might misunderstand FDA's regulations and practice regarding appropriate use codes. FDA clarifies that practice below and requests that Depomed submit a new patent declaration form (Form FDA 3542) for the '1 30 patent, consistent with this response, within 15 calendar days from the date of this response.3 IfDepomed fails to submit an interpretable use code on the requested Fonn FDA 3542 within this timeframe, FDA will revert to the last interpretable patent use code submitted for the ' 130 patent, which is the use code submitted before Depomed's September 2015 revisions. I. BACKGROUND A. Nucynta ER Depomed currently holds approved new drug application (NDA) 200533 for Nucynta ER, which FDA approved on August 25, 2011. The active ingredient in Nucynta ER, tapentadol, is a mu- opioid recep",https://www.regulations.gov/document/FDA-2016-P-0383-0004
FDA-2016-P-4047-0005,FDA-2016-P-4047,Final Response Letter from CDER to Mayne Pharma ln,CDER to Mayne Pharma ln,CDER,Denied,Procedural - Administrative Deficiency,medium,format,"r acid release, but not buffer release stages. 7 The Agency concluded the data supported a claim that the modified Doryx MPC formulation has increased acid resistance. 8 Mayne did not submit data from any clinical studies with its supplement for Doryx MPC to support the proposed product's safety or efficacy. Rather, Mayne relied on one in vivo comparative bioavailability study and prior information submitted by Mayne for Doryx.9 That in vivo study compared the EQ 120 mg base Doryx MPC strength with the EQ 100 mg base Doryx 3 See Doryx labeling, available at https://labels.fda.gov/. 4 See May 20, 2016 approval letter, available at https://www.accessdata.fda.gov/drugsatfda docs/appletter/20 16/0507950rig I s022ltr.pdf. 5 See Doryx MPC labeling, available at https://labels.fda.gov/. Doryx MPC tablets exhibit increased in vitro acid resistance and therefore contain more of the active ingredient to account for reduced bioavailability. Given that the EQ 60 mg base and EQ 120 mg base Doryx MPC strengths have comparative bioavaila",https://www.regulations.gov/document/FDA-2016-P-4047-0005
FDA-2016-P-2478-0014,FDA-2016-P-2478,Petition Denial Letter from FDA CDER to Hogan Love,FDA CDER to Hogan Love,CDER,Denied,Other Denial Reason,low,,"ov Docket No. FDA-2016-P-2478 We have carefully reviewed your Petition, and for the reasons stated below, your Petition is denied without comment on whether we will take the actions you request. 1 I. BACKGROUND A. Tyvaso NDA Tyvaso (treprostinil) inhalation solution is indicated for the treatment of pulmonary arterial hypertension to improve exercise ability. The Tyvaso NDA includes the Tyvaso Inhalation System Patient Starter Kit, which contains the Tyvaso Inhalation System (i.e., a multicomponent, ultrasonic, pulsed-delivery nebulizer and its accessories) and a 28-day supply oftreprostinil ampules. The Tyvaso NDA also includes the Tyvaso Inhalation System Refill Kit, containing another 28-day supply oftreprostinil ampules and device components that require monthly replacements. In addition, the Tyvaso NDA includes two additional package presentations: 1) the Tyvaso Inhalation System Institutional Starter Kit, which contains the Tyvaso Inhalation System and a 4-ampule supply oftreprostinil; and 2) a Tyvaso 4 Pack Cart",https://www.regulations.gov/document/FDA-2016-P-2478-0014
FDA-2016-P-1171-0012,FDA-2016-P-1171,Final Petition Response Letter from FDA CFSAN to B,FDA CFSAN to B,CFSAN,Denied,Procedural - Administrative Deficiency,high,"procedural, regulation, submission","e reasons stated in section II of this response, we are denying your petition. I. Procedural Background and Related Regulatory Actions On April 19, 2016, you provided a submission requesting that: 1) FDA revoke and/or amend certain specified food additive and prior-sanctioned regulations in Title 21 of the Code of Federal Regulations to no longer provide for the food contact use of 30 ortho-phthalates; and 2) FDA prohibit the use of eight specific ortho-phthalates by adding a new section in 21 CFR part 189. You designated this submission as a food additive petition. With respect to the portion of your submission requesting that FDA revoke food additive uses of ortho-phthalates, FDA published in the Federal Register a notice of the filing of your food additive petition (FAP) on ortho- phthalates (81 FR 31877), on May 20, 2016.2 In a separate document that we have finalized for publication in the Federal Register, we are denying that petition.3 With respect to the requests in your petition that FDA revoke prior san",https://www.regulations.gov/document/FDA-2016-P-1171-0012
FDA-2016-P-3356-0018,FDA-2016-P-3356,CP Response from FDA CDER to Sandoz Inc ,FDA CDER to Sandoz Inc,CDER,Denied,Procedural - Already Addressed/Moot,medium,current,"of the RLD. (Petition at 2). We have carefully reviewed your Petition, and for the reasons stated below, your Petition is denied without comment on whether we will take the actions you request. I. BACKGROUND A. Advair Diskus Advair Diskus is a combination product containing fluticasone propionate (a corticosteroid) and salmeterol (a long-acting beta2-adrenergic agonist) in a powder formulation for oral inhalation. The product is indicated for long-term, twice-daily use for treatment of asthma in patients ages 4 years and older and for maintenance treatment of airflow obstruction and reducing exacerbations in patients with chronic obstructive pulmonary disease. FDA approved Advair Diskus on August 24, 2000 (new drug application (NDA) / / U.S. FOOD & DRUG .-··· ··~ II \ .• :/- ADMINISTRATIO N 021 077).1 Advair is currently marketed by GlaxoSmithKline in three strengths: 100 meg fluticasone propionate/50 meg salmeterol, 250 meg fluticasone propionate/50 meg salmeterol, and 500 meg fluticasone propionate/50 meg salm",https://www.regulations.gov/document/FDA-2016-P-3356-0018
FDA-2016-P-2558-0019,FDA-2016-P-2558,Agency Response Letter from CDER to Similasan Corp,CDER to Similasan Corp,CDER,Denied,Substantive - Outside FDA Authority,medium,not appropriate for,"l and in 2011 blocked importation of the product because the Agency said “pink eye” was not appropriate for self-diagnosis and nonprescription management. The Petition further states that in August 2012, Similasan changed the name on the product label to “Irritated Eye Relief” and removed all references to “pink eye” and re-launched the product (Petition at 1-2). We observe that Similasan has apparently resumed marketing a product called “Pink Eye Relief.”3 2 These drug products include ciprofloxacin ophthalmic solution, ofloxacin ophthalmic solution, moxifloxacin ophthalmic solution, levofloxacin ophthalmic solution, gatifloxacin ophthalmic solution, besifloxacin ophthalmic solution, azithromycin ophthalmic solution, and ciprofloxacin ophthalmic ointment. 3 https://www.similasanusa.com/pink-eye-relief%E2%84%A2 Docket No. FDA-2016-P-2558 3 C. Federal Food, Drug, and Cosmetic Act (FD&C Act) Definitions of “Drug” and “New Drug” Include Homeopathic Drugs Homeopathy is an alternative medical practice that has a h",https://www.regulations.gov/document/FDA-2016-P-2558-0019
FDA-2016-P-2737-0144,FDA-2016-P-2737,Final Response Letter to Natural Resources Defense,Natural Resources Defense,,Denied,Other Denial Reason,low,,"ease- prevention purposes in livestock production because such use is not shown to be safe for human health.  Guidance #213, “New Animal Drugs and New Animal Drug Combination Products Administered in or on Medicated Feed or Drinking Water of Food-Producing Animals: Recommendations for Drug Sponsors for Voluntarily Aligning Product Use Conditions with GFI #209” (GFI #213) will allow livestock producers to continue using antimicrobials for growth-promotion purposes under the rubric of disease-prevention and will have little, if any, impact on the routine use of medically important antimicrobials in livestock production. 1 We note that, although your petition uses the term “antibiotic,” FDA’s Center for Veterinary Medicine (CVM) generally uses the broader term “antimicrobial.” Therefore, consistent with our general practice, except for when we quote your petition’s use of the term “antibiotic,” we use the term antimicrobial in this response. However, for purposes of this re",https://www.regulations.gov/document/FDA-2016-P-2737-0144
FDA-2016-P-2515-0027,FDA-2016-P-2515,Petition Denial Letter,,ORA,Denied,Procedural - Premature/Pending,high,"premature, before, procedural","'s finding of safety and effectiveness for Forteo because it would be premature and inappropriate to do so at this time. Such an action could, in effect, render a decision on a specific aspect of an ANDA or 505(b )(2) application before the Agency has had an opportunity either to fully consider specific data and inf01mation in such an application or to provide the procedural rights that accompany FDA actions on applications.4 As noted, Lilly requests that FDA refrain from approving any ANDA for a teriparatide product 3 ""Therapeutic equivalents are approved drug products that are pharmaceutical equivalents for which bioequivalence has been demonstrated, and that can be expected to have the same clinical effect and safety profile when administered to patients under the conditions specified in the labeling"" (2 1 CFR 314.3(b)). See also Approved Drug Products With Therapeutic Equivalence Evaluations (the Orange Book), at vi to viii and xii, available at http://www.fda.gov/downloads/Drugs/DevelopmentApprovalProcess/UCM071436.pdf.",https://www.regulations.gov/document/FDA-2016-P-2515-0027
FDA-2016-P-1946-0008,FDA-2016-P-1946,CP Denial Letter from FDA CDER to Hyman  Phelps   ,FDA CDER to Hyman  Phelps,CDER,Denied,Procedural - Administrative Deficiency,medium,"format, adequate, inadequate","Xtampza ER"" (Petition at 26). We have carefully reviewed your Petition, all comments submitted on the Petition, and other information available to the Agency. For the reasons stated below, your Petition is denied insofar as the agency continues to consider the complex scientific issues you raise and is unable to resolve them within the 150- day timeframe set forth in section 505(q) of the Federal Food, Drug, and Cosmetic Act (FD&C Act) (21 U.S.C. 355(q)). I. BACKGROUND A. Xtampza ER In April 2016 the Agency approved NDA 208090 for Collegium's Xtampza ER (oxycodone) extended- release capsules (9 milligram (mg), 13.5 mg, 18 mg, 27 mg, and 36 mg strength) to treat pain severe enough to require daily, around-the-clock, long-term opioid treatment for which alternative treatment options are inadequate. Xtampza ER is approved with labeling describing the product's abuse-deterrent properties consistent with the Evaluation and Labeling Guidance. Specifically, the approved labeling states in relevant part that: The in vitro data",https://www.regulations.gov/document/FDA-2016-P-1946-0008
FDA-2016-P-0214-0008,FDA-2016-P-0214,Denial Response from FDA CBER to Public Citizen,FDA CBER to Public Citizen,CBER,Denied,Procedural - Premature/Pending,high,"pending, ongoing, adequate","ation (IND) process. FDA's primary objectives in reviewing an IND are, in all phases, to assure the safety and rights of subjects, and, in Phase 2 and Phase 3, to help assure that the quality of the scientific evaluation of drugs is adequate to permit an evaluation of the drug's effectiveness and safety (21 CFR 312.22(a)). A clinical hold is an order issued by FDA to the sponsor of an IND to delay a proposed clinical investigation or to suspend an ongoing investigation (21 CFR 312.42(a)). ' You indicated that you were submitting your petition in accordance with section 505(q) of the Federal Food, Drug, and Cosmetic Act (FD&C Act). However, your petition makes no reference to a pending application submitted under section 505(b)(2) or section 505U) ofthe FD&C Act or under section 35l(k) ofthe Public Health Service Act (PHS Act) that is related to the subject matter of your petition. Accordingly, the provisions of section 505(q) do not apply to your petition. The grounds for placing a proposed or ongoing study, including an o",https://www.regulations.gov/document/FDA-2016-P-0214-0008
FDA-2016-P-1955-0009,FDA-2016-P-1955,Petition Denial Letter from FDA CDER to Mallinckro,FDA CDER to Mallinckro,CDER,Denied,Other Denial Reason,low,,"oxide delivery systems (NODS) submitted for FDA review as drug-device combination products that require review by the Center for Drug Evaluation and Research (CDER) and the Center for Devices and Radiological Health (CDRH) in a coordinated fashion • ""(R]efuse to approve an application submitted under Section 505 of the Federal Food, Drug and Cosmetic Act citing INOMAX as the reference listed drug ... unless the [new drug application (NDA)/abbreviated new drug application (ANDA)] for the drug product and the 51 O(k) premarket notification for the associated delivery device collectively provide for"" specified features that the Petition asserts are ""necessary for the safe and effective administration of inhaled nitric oxide"" • ""Assign a BX rating to follow-on combination inhaled nitric oxide/NODS products, indicating that the products are not therapeutically equivalent to the combination product INOMAX/INOmax DSrR Plus""1 1 Although the Petition does not define ""follow-on combination inhaled nitric oxide/NODS products,",https://www.regulations.gov/document/FDA-2016-P-1955-0009
FDA-2016-P-1485-0007,FDA-2016-P-1485,Petition Denial Response   Final,,,Denied,Procedural - Premature/Pending,medium,ongoing,"ts with familial hypercholesterolemia, including considerations for pediatric patients.8 The panel recommended LDL-C reduction of2:50% or a target LDL-C less than 130 mg/deciliter in children with familial hypercholesterolemia (including both HoFH and HeFH). According to clinical guidance, statin drugs are considered the first-line pharmacologic treatment after initiation of diet and physical activity management for treatment of familial hypercholesterolemia. Initiation of statin treatment at the age of 8 years or older for children with familial hypercholesterolemia is recommended, although earlier treatment may be needed in ""special cases"" such as HoFH. Regarding pediatric HoFH specifically, the panel stated that ""[i]nitiation of therapy early in life and ongoing monitoring of [HoFH] is vita1.""9 7 Heterozygous familial hypercholesterolemia (HeFH) is another form of familial hypercholesterolemia. HeFH is a more prevalent and typically a less severe form of familial hypercholesterolemia than HoFH. 8 Daniels SR, et al. Pedi",https://www.regulations.gov/document/FDA-2016-P-1485-0007
FDA-2016-P-0187-0015,FDA-2016-P-0187,Petition Denial Response June 13 2016,,ORA,Denied,Other Denial Reason,low,,"ator device. (Petition at 3). We have carefully reviewed your Petition, and for the reasons stated below, your Petition is denied without comment on whether we will take the actions you request. Docket No. FDA-2016-P-0187 I. BACKGROUND A. Tyvaso NDA Tyvaso (treprostinil) inhalation solution is indicated for the treatment of pulmonary arterial hypertension to improve exercise ability. The Tyvaso NDA includes the Tyvaso Inhalation System Patient Starter Kit, which contains the Tyvaso Inhalation System (i.e., a multicomponent, ultrasonic, pulsed-delivery nebulizer and its accessories) and a 28-day supply oftreprostinil ampules. The Tyvaso NDA also includes the Tyvaso Inhalation System Refill Kit, containing another 28-day supply of treprostinil ampules and device components that require monthly replacements. In addition, the Tyvaso NDA includes two additional package presentations: 1) the Tyvaso Inhalation System Institutional Starter Kit, which contains the Tyvaso Inhalation System and a 4-ampule supply oftreprostinil;",https://www.regulations.gov/document/FDA-2016-P-0187-0015
FDA-2017-P-6411-0010,FDA-2017-P-6411,Petition Response Letter from FDA CDER to Insys Th,FDA CDER to Insys Th,CDER,Denied,Procedural - Administrative Deficiency,medium,format,"mitted to the docket, 1 and other relevant data. Based on our review of this information and for the reasons described below, the Petition is denied. I. BACKGROUND A. Syndros FDA approved new drug application (NDA) 205525 for Syndros (dronabinol) oral solution, 5 milligrams per milliliter, on March 23, 2017. The Syndros NDA, held by Insys Development Company, Inc., was submitted through the pathway described in section 505(b)(2) of the Federal Food, Drug, and Cosmetic Act (FD&C Act) (21 U.S.C. 355(b)(2)). NDA 205525 relied upon FDA's finding of safety and effectiveness for Marino! (dronabinol) capsules, for oral use, NDA 018651. Syndros is approved for use in adults for the treatment of (1) anorexia associated with weight 1 E.g., December 8, 2017, Comment to Docket No. FDA-2017-P-64 11 , submitted by Latham & Watkins LLP on behalf of Par Pharmaceutical, Inc. U.S. Food & Drug Adrrinistration 10903 New Harrpshire Avenue Silver Spring, MD 20993 w ww.fda.gov Docket No. FDA-2017-P-6411 Page2 loss in patients with Acqu",https://www.regulations.gov/document/FDA-2017-P-6411-0010
FDA-2017-P-4334-0042,FDA-2017-P-4334,Response Letter from FDA to Sidley Austin LLP,FDA to Sidley Austin LLP,,Denied,Procedural - Premature/Pending,medium,"pending, adequate","(~~
·-· · ·~ m!J U.S. FOOD & DRUG 
•,, 
-ADMI N I STRATI O N 
~~ 
.. ld 
Scott Bass 
Emily Marden 
Sidley Austin LLP 
1501 K Street, N.W. 
Washington, D.C. 20005 
Re: 
Docket No. FDA-2017-P-4334 
Dear Mr. Bass and Ms. Marden: 
NOV - 6 2017 
This letter responds to the citizen petition you submitted on behalf of Vifor Fresenius Medical 
Care Renal Pharma Ltd. (VFMCRP), which the Food and Drug Administration (FDA or the 
Agency) received on July 12, 2017 (Petition). The Petition requested that FDA refrain from 
approving a pending supplemental new drug application (sNDA) for Auryxia (ferric citrate) 
submitted by Keryx Biopharmaceuticals Inc. (Keryx). Instead, you requested that FDA only 
consider the proposed iron deficiency anemia (IDA) indication after Keryx submits an additional 
new drug application (NDA) containing clinical studies that: (1) adequately demonstrate the 
long-term safety of the drug for the IDA indication, and (2) adequately demonstrate that the drug 
can be safely l",https://www.regulations.gov/document/FDA-2017-P-4334-0042
FDA-2017-P-6918-0022,FDA-2017-P-6918,Response Letter from FDA CDER to St  Jude Children,FDA CDER to St  Jude Children,CDER,Denied,Procedural - Premature/Pending,medium,pending,"rate and extent to which codeine is metabolized because of underlying genetic differences in CYP2D6 activity. Because of this variability, depending on CYP2D6 activity, patients may be at risk for therapeutic failure (i.e., failure to achieve sufficient analgesia in “poor metabolizers”) or at risk for opioid-related toxicity, including respiratory depression and death (because “ultra-rapid metabolizers” metabolize standard doses of codeine into high circulating levels of morphine). Although there are multiple genetic tests for CYP2D6 polymorphisms, these tests vary in sensitivity and identification of allele variants, and labs do not necessarily follow a standardized approach to determining, for example, the genetic threshold at which a patient may be classified as a poor, normal/intermediate, or ultra-rapid metabolizer. To date, there is no FDA-cleared, approved or authorized genetic test for CYP2D6 polymorphisms that is intended for use in making treatment decisions regarding codeine prescribing. Given the variability",https://www.regulations.gov/document/FDA-2017-P-6918-0022
FDA-2017-P-4586-0004,FDA-2017-P-4586,Petition Response Letter from FDA CDER to Jubilant,FDA CDER to Jubilant,CDER,Denied,Procedural - Administrative Deficiency,medium,"format, current","ug product (Petition at 1, 6). We have carefully reviewed your Petition and other information available to the Agency. For the reasons stated below, your Petition is denied without comment on whether we will take the actions you request. U.S. Food & Drug Administration 10903 New Hallllshire Avenue Silver Spring, MD 20993 www.fda.gov Docket No. FDA-2017-P-4586 I. BACKGROUND A. HICON The Agency approved NDA 021305 in January 2003 for the treatment of hyperthyroidism and thyroid cancer. In 2008 the Agency approved a supplement to the NDA providing for use of the trade name ""HICON"". HI CON is currently approved as a radioactive diagnostic agent indicated for the assessment of thyroid function and for thyroid imaging. B. Section 505( q) of the FD&C Act Section 505(q) of the FD&C Act was added by section 914 ofthe Food and Drug Administration Amendments Act of2007 (FDAAA) (Public Law 110-85, 121 Stat. 823) and was amended by the Food and Drug Administration Safety and Innovation Act (Public Law 112-144, 126 Stat. 993),",https://www.regulations.gov/document/FDA-2017-P-4586-0004
FDA-2017-P-3684-0004,FDA-2017-P-3684,Final Response Letter from FDA to Goodwin Procter ,FDA to Goodwin Procter,ORA,Denied,Other Denial Reason,low,,"and other relevant data available to the Agency. Based on our review of these materials, and for the reasons stated below, your Petition is denied. I. BACKGROUND A. COPD Therapies COPD is a progressive disease caused by chronic inflammation and destruction of the airways and lung parenchyma, and is usually associated with tobacco smoking or U.S. Food & Drug Adrrinistration 10903 New HarJllshire Avenue Silver Spring, lv1D 20993 www.fda.gov Docket No. FDA-2017-P-3684 prolonged exposure to other noxious particles and gasses. The disease is characterized by progressive airflow obstruction that is sometimes partially reversible with the administration of a bronchodilator. Although the disease activity and nature of symptomatic impairment experienced by patients varies, the typical symptoms are cough, excess sputum production, and dyspnea. The term COPD encompasses a spectrum of pulmonary processes, with chronic bronchitis and emphysema as two clearly defined entities within that spectrum. There is pressing need to devel",https://www.regulations.gov/document/FDA-2017-P-3684-0004
FDA-2017-P-5477-0014,FDA-2017-P-5477,Petition Denial Letter from FDA CDER to Hyman Phel,FDA CDER to Hyman Phel,CDER,Denied,Procedural - Premature/Pending,medium,"not yet, current",", 20 I7, without comment on the action requested because we had not yet made a final decision on whether or not to approve any such applications. We note your current Petition makes the same substantive arguments as these earlier citizen petitions. We have carefully reviewed your Petition, and for the reasons stated below, your Petition is denied without comment on whether we will take the actions you request. I. BACKGROUND A. Tyvaso NDA Tyvaso (treprostinil) inhalation solution is indicated for the treatment of pulmonary arterial hypertension to improve exercise ability. The Tyvaso NDA includes the Tyvaso Inhalation System Patient Starter Kit, which contains the Tyvaso Inhalation System (i.e., an ultrasonic, pulsed delivery device and its accessories) and a 28-day supply of treprostinil ampules. The Tyvaso NDA also includes the Tyvaso Inhalation System Refill Kit, containing another 28-day supply of treprostinil ampules and device components that require monthly replacements. In addition, the Tyvaso NDA includes two a",https://www.regulations.gov/document/FDA-2017-P-5477-0014
FDA-2017-P-4352-0017,FDA-2017-P-4352,Petition Denial from FDA CDER to E  Thompson,FDA CDER to E  Thompson,CDER,Denied,Procedural - Premature/Pending,high,"premature, pending, regulation","cern.2 As explained below, we deny your Petition because FDA believes it would be premature to make a determination at this time regarding your specific requests. 1 You also sub~itted a petition dated March 6, 2017 that included similar arguments, requesting, among other things, that FDA revoke the approvals of extended-release or long-acting (ER/LA) opioids indicated for long-term use (March 2017 Petition). See docket no. FDA-20 17-P-1359-000 I, (available at www.regulations.gov). Your March 2017 Petition remains pending with the Agency, and we will respond to it as soon as we have reached a decision on your request. 2 See, e.g., FDA's October 19, 201 7 Response to PMRS Petition for Stay of Action at 6-8 (Docket No. FDA-20 17- P-3064). U.S- Food & Drug Administration 10903 New Harrpshire Avenue Silver Spring, MD 20993 www.fda_gov Docket No. FDA-2017-P-4352 I. BACKGROUND A. Opioid Analgesic PMRs Opioids are a class of powerful pain-relieving agents that include oxycodone, hydrocodone, and morphine, among others. Whe",https://www.regulations.gov/document/FDA-2017-P-4352-0017
FDA-2017-P-6750-0008,FDA-2017-P-6750,Petition Denial Letter From FDA CDER to Mylan N V,FDA CDER to Mylan N V,CDER,Denied,Procedural - Already Addressed/Moot,medium,current,"less, after conducting an appropriately rigorous review under the established standards for establishing BE generally, and for this product specifically, FDA concludes that such a study design is valid and will ensure patients receive a robust and reliable therapeutically equivalent product. We have carefully reviewed your Petition, and for the reasons stated below, your Petition is denied without comment on whether we will take the actions you request. I. BACKGROUND A. Advair Diskus Advair Diskus is a combination product containing fluticasone propionate (a corticosteroid) and salmeterol xinafoate (a long-acting beta2-adrenergic agonist) in a powder formulation for oral inhalation. The product is indicated for twice-daily treatment of asthma in patients ages 4 years and older and for maintenance treatment of airflow obstruction and reducing exacerbations in patients with chronic obstructive pulmonary disease. FDA approved Advair Diskus, new drug application (NDA) 021077, on August 24, 2000.1 Advair is currently marke",https://www.regulations.gov/document/FDA-2017-P-6750-0008
FDA-2017-P-6689-0013,FDA-2017-P-6689,Petition Response Letter from FDA CDER to Arnall G,FDA CDER to Arnall G,CDER,Denied,Other Denial Reason,low,,"received a Petition for Stay and Petition for Reconsideration (Petition) from Arnall Golden Gregory, LLC, regarding FDA’s decision responding to Citizen Petitions in Docket Nos. FDA-2017-P-6689 and FDA- 2018-P-1195.1 The Petition, which was submitted on behalf of your clients, Atnahs Pharma US Ltd. (Atnahs) and Athena Bioscience, LLC (Athena),2 requested that FDA stay indefinitely and reconsider its decision granting the citizen petitions submitted to those dockets. In that decision, FDA determined that new drug application (NDA) 018965, Naprosyn (naproxen) oral suspension, 25 milligrams (mg)/milliliter (mL) (Naprosyn), held by Atnahs, was unavailable in the market or was available in such limited quantities that a potential abbreviated new drug application (ANDA) applicant may not be able to obtain sufficient quantities of the reference standard to conduct in vivo bioequivalence testing. We then selected ANDA 074190, held by West-Ward Pharmaceuticals International Limited (West-Ward), as the new reference standard for",https://www.regulations.gov/document/FDA-2017-P-6689-0013
FDA-2017-P-1077-0004,FDA-2017-P-1077,Response Letter from CDER to Recordati Rare Diseas,CDER to Recordati Rare Diseas,CDER,Denied,Procedural - Premature/Pending,medium,"premature, format, previously","nge Book) (Petition at 7).1 We have carefully reviewed your Petition and other information available to the Agency. For the reasons set forth below, your Petition is denied in part and granted in part. 1 The Orange Book is available at http://www.accessdata.fda.gov/scripts/cder/ob/default.cfm. December 17, 2021 Docket No. FDA-2017-P-1077 2 I. BACKGROUND A. NeoProfen The Agency approved NDA 021903 for NeoProfen in April 2006 for the closure of a clinically significant patent ductus arteriosus in premature infants weighing between 500 and 1500 grams, who are no more than 32 weeks at gestational age when usual medical management (e.g., fluid restriction, diuretics, respiratory support, etc.) is ineffective. In March 2016, the Agency approved ANDA 202402 for ibuprofen lysine injection, EQ 20 mg base/2 mL (EQ 10 mg base/mL), which references NeoProfen. ANDA 202402 was previously held by Exela Pharma Science and is now held by X-GEN Pharmaceuticals, Inc (X-GEN). In December 2019, FDA app",https://www.regulations.gov/document/FDA-2017-P-1077-0004
FDA-2017-P-2803-0018,FDA-2017-P-2803,Petition Response Letter from FDA CDER to Apotex  ,FDA CDER to Apotex,CDER,Denied,Other Denial Reason,low,,"(2), and (3) to withdraw their applications from consideration until the further studies have been conducted to meet these criteria. (Petition at 2-3). We have carefully reviewed the Petition, the accompanying exhibits, and the declaration ofDr. David Scadden (Scadden Decl.) submitted on your behalf in support ofthe Petition.2 For the reasons 1 Apotex first submitted this citizen petition to FDA on April 21, 2017 (Docket No. FDA-20 17-P-2528), but that petition was not be considered because it did not contain the certification required by section 505(q) of the Federal Food, Drug, and Cosmetic Act (FD&C Act). See section 505(q)(I)(H) of the FD&C Act (21 U.S.C. 355(q)(I)(H) (""The Secretary shall not consider a petition for review unless the party submitting the petition does so in written form and the subject document is signed and contains the following certification ... ""). The docket to which that original petition was submitted, Docket No. FDA-20 17-P-2528, will be closed. 2 Coherus Biosciences, Inc. (Coherus) submitted co",https://www.regulations.gov/document/FDA-2017-P-2803-0018
FDA-2017-P-6692-0042,FDA-2017-P-6692,Petition Denial Letter from FDA CDER to Drug Watch,FDA CDER to Drug Watch,CDER,Denied,Procedural - Administrative Deficiency,medium,"regulation, adequate","OTC drugs in 21 CFR part 330. FDA's decision to review and regulate certain OTC drugs on a therapeutic class basis was adopted after the FD&C Act was amended in 1962 to require proof of efficacy as well as safety.3 This decision reflected the practical impossibility of product-by- ' See section 505(a) of the FD&C Act (21 U.S.C. 355(a)). 2 To be GRAS/E, there must be a general consensus of qualified experts that a drug is safe and effective for its intended uses, based on substantial evidence from adequate and well controlled clinical investigations. See Weinberger v. Hynson, Westcott & Dunning, 412 U.S. 609 (1973); Weinberger v. Bentex Pharms., Inc., 412 U.S. 645 (1973). FDA's regulation at 21 CFR 314.126 describes the characteristics of an adequate and well-controlled clinical investigation. 3 Public Law 87-781 (1962) (Kefauver-Harris Amendments). U.S. Food & Drug Administration 10903 New Hampshire Avenue Silver Spring, ND 20993 www.fda.gov Docket No. FDA-2017-P-6692 product review and approval for each of the ma",https://www.regulations.gov/document/FDA-2017-P-6692-0042
FDA-2017-P-6029-0022,FDA-2017-P-6029,Response Letter from FDA CDER to Novo Nordisk  Inc,FDA CDER to Novo Nordisk  Inc,CDER,Denied,Procedural - Administrative Deficiency,medium,format,"d in this petition in developing guidance for and reviewing applications for follow-on versions of other polypeptide and complex polypeptide drugs.' The liraglutide-containing drugs identified in the Petition are Victoza (liraglutide) injection approved under NDA 022341 , Saxenda (liraglutide) injection approved under NDA 206321, and Xultophy 100/3.6 (insulin degludec and liraglutide injection), approved under NDA 208583. We have carefully considered the information submitted in the Petition. For the reasons stated below, the Petition is denied. 1 Petition at I. U.S. Food & Drug Admnistration 10903 New Harrpshire Avenue Silver Spring, MD 20993 www.fda.gov Docket No. FDA-2017-P-6029 I. BACKGROUND A. Novo Nordisk's Liraglutide-Containing Products Liraglutide is an acyl a ted human glucagon-like peptide-I (GLP-1) receptor agonist with 97 percent amino acid sequence homology to endogenous human GLP-1 (7-37).2 Like GLP-1 (7-37), liraglutide activates the GLP-1 receptor, a membrane-bound cell-surface receptor coupled to ad",https://www.regulations.gov/document/FDA-2017-P-6029-0022
FDA-2017-P-4500-1796,FDA-2017-P-4500,Final Response Letter from FDA CBER to Kent Hecken,FDA CBER to Kent Hecken,CBER,Denied,Procedural - Administrative Deficiency,medium,format,"onds to the Petitions in full. We have carefully reviewed the Petitions, comments submitted to the docket, and other information available to the Agency.2 Based on our review and consideration of these materials, and for the reasons described below, we deny the Petitions. Here is an outline of our response: I. Preliminary Matter: FDA Is Responding to the Citizen Petitions Solely on FDA’s Behalf II. Licensed Vaccines, Including Pediatric Vaccines, Are Safe A. Vaccines Are Shown to Be Safe at the Time of Licensure B. Vaccine Safety Continues to Be Monitored Post-Licensure III. The 2017 Petition A. Your Requests Relating to a Moratorium 1. Your Request That FDA Impose a Moratorium on All Pediatric Vaccinations a. FDA Does Not Issue Vaccination Recommendations b. FDA Does Not Impose Vaccination Requirements 2. Your Request That FDA Require Changes to the Labeling of Licensed Pediatric Vaccines 3. Your Request That FDA Suspend Approvals for Childhood Use of Pediatric Vaccines B. Your Request That FDA Suspend or Rep",https://www.regulations.gov/document/FDA-2017-P-4500-1796
FDA-2017-P-0663-0003,FDA-2017-P-0663,Petition Denial Letter from FDA CDER to Mucodel Ph,FDA CDER to Mucodel Ph,CDER,Denied,Other Denial Reason,low,,"to commit to applying different standards to our review of new NDAs than the Agency applied to its review ofNDA 208411 for Narcan (naloxone hydrochloride) nasal spray (Narcan Nasal Spray) or commit to applying different standards for our review of new ANDAs than are appropriate under section 5050) of the Federal Food, Drug, and Cosmetic Act (FD&C Act). I. BACKGROUND Overdose and death resulting from misuse and abuse of prescription opioids and heroin are a major public health concern. In December 2015, the Centers for Disease Control and Prevention reported that nearly half a million Americans died from drug overdoses from 2000 to 2014. 1 The Department of Health and Human Services has made addressing this public health crisis a top priority. One of its goals in addressing this crisis is to increase the use of naloxone, a mu-opioid antagonist medication that can reverse the effects of overdose of both prescription opioid drugs and illicit opioid drugs, such as heroin. 1 Rudd RA, Aleshire N, Zibbell JE, Gladden RM. Incre",https://www.regulations.gov/document/FDA-2017-P-0663-0003
FDA-2017-P-6274-0007,FDA-2017-P-6274,Response Letter from FDA CDER to Amneal Pharmaceut,FDA CDER to Amneal Pharmaceut,CDER,Denied,Procedural - Administrative Deficiency,medium,format,"tion of the drug is unsafe under such conditions because of the type or ~uantity of inactive ingredients included or the manner in which the inactive ingredients are included.1 4 Id. 5 For purposes of this response, the term generic drug refers to a new drug product for which approval is sought in an ANDA submitted under section 505(j) of the FD&C Act. 6 See House Report No. 98-857, part I, at 14-15 (1984), reprinted in 1984 U.S.C.C.A.N. 2647 at 2647-2648. 7 An RLD is ""the listed [i.e., approved] drug identified by FDA as the drug product upon which an applicant relies in seeking approval of its ANDA."" 21 CFR 314.3(b). RLDs are identified in FDA's Approved Drug Products With Therapeutic Equivalence Evaluation (the Orange Book). See id. Forteo is designated as an RLD. 8 See, e.g., section 505(j)(2)(A)(iv) of the FD&C Act (requiring ""information to show that the new drug is bioequivalent to the listed drug""); 21 CFR 3 14.3 (defining reference listed drug); 21 CFR 314.94(a)(7) (requiring, as part of ANDA content and format, i",https://www.regulations.gov/document/FDA-2017-P-6274-0007
FDA-2017-P-4360-0014,FDA-2017-P-4360,Petition Denial Letter from FDA CDER to Mallinckro,FDA CDER to Mallinckro,CDER,Denied,Substantive - Insufficient Evidence,medium,lack,"ts and nitric oxide delivery systems [(NODS)] be reviewed by the Center for Drug Evaluation and Research and the Center for Devices and Radiological Health in a coordinated fashion ... "" • ""[R]efuse to approve an application submitted under Section 505 of the Federal Food, Drug and Cosmetic Act citing INOMAX as the reference listed drug [(RLD)] ... unless the [new drug application (NDA)/abbreviated new drug application (ANDA)] for the drug product and the 51 O(k) premarket notification for the associated delivery device collectively provide for"" specified features that the Petition asserts are ""necessary for the safe and effective administration of inhaled nitric oxide"" • ""Assign a BX rating to follow-on inhaled nitric oxide/NODS products, indicating that the products are not therapeutically equivalent to the combination product INOMAX/INOmax DS1R"" 1 • ""Rescind receipt of ANDA 207141 ... because it proposes use of a drug delivery device that lacks certain important safety features provided by the delivery device fo",https://www.regulations.gov/document/FDA-2017-P-4360-0014
FDA-2017-P-6923-0003,FDA-2017-P-6923,Petition Denial Letter from FDA CDER to Zydus Nove,FDA CDER to Zydus Nove,CDER,Denied,Procedural - Administrative Deficiency,medium,regulation,"ingredient is maintained in the TDS.23 A primary consideration in developing sustained-release drug delivery systems, including patches, is the assurance of relatively constant drug delivery rates.24 To reflect this, strength of TDS is expressed by its drug delivery rate rather than by the total quantities of drug contained in each drug product. Additionally, the drug delivery rate of a transdermal patch is critical to establishing bioequivalence. As described above, FDA's regulations define bioequivalence in relevant part as ''the absence of a significant difference in the rate and extent to which the active ingredient or active moiety in pharmaceutical equivalents or pharmaceutical alternatives becomes available at the site of drug action when administered at the same molar dose under similar conditions in an appropriately designed study.""25 Thus, to be bioequivalent to its RLD, a generic TDS must deliver the drug such that there is no significant difference in the rate and extent to which the active ingredient or active",https://www.regulations.gov/document/FDA-2017-P-6923-0003
FDA-2017-P-4745-0026,FDA-2017-P-4745,Petition Denial Letter from FDA CDER to Allergan  ,FDA CDER to Allergan,CDER,Denied,Procedural - Administrative Deficiency,medium,format,"ly designed clinical endpoint BE studies for the review or approval of an ANDA for cyclosporine ophthalmic emulsion; (8) Publicly explain the inconsistent statements that FDA has made about potential reliance on research involving products other than cyclosporine ophthalmic emulsion in establishing or supporting an in vitro-only approach to demonstrating BE of cyclosporine ophthalmic emulsion; and (9) Publicly explain the manner in which all interested stakeholders (including, but not limited to, innovator and generic product manufacturers) will receive both information and reasonable opportunity for input on FDA's contemplated new ""pre-ANDA program, with a special focus on complex generics. Applicants would obtain regulatory clarity earlier in product development, so they can submit ANDAs that are 'right the first time. '""6 (Petition at 1-4). This is Allergan's third citizen petition concerning the methods an ANDA applicant might use to demonstrate that a proposed generic drug is bioequivalent to Restasis. This Petit",https://www.regulations.gov/document/FDA-2017-P-4745-0026
FDA-2018-P-1441-0009,FDA-2018-P-1441,Response Letter from FDA CDER to Mr  Antell and Mr,FDA CDER to Mr  Antell and Mr,CDER,Denied,Procedural - Already Addressed/Moot,high,"format, previously, current","ved between these parties concurrent with the FDA review process, rather than after FDA approval of the product.9 Section 351(1)1° describes procedures for information exchanges and the resolution of certain patent issues between a biosimilar applicant and a reference product sponsor. As FDA has stated previously,I I these procedures are parallel to, but separate from, the FDA review process. The PHS Act generally does not describe any FDA involvement in monitoring or enforcing this information exchange.I2 II. DISCUSSION Your Petition requests that FDA hold a public hearing to examine the ""effects on our medical system of commerce-driven, court-ordered, drug access restrictions"" (Petition at 1). You focus on the possibility that an injunction could be issued in the Baxalta v. Genentech litigation regarding Hernlibra (Petition at 2). You describe the litigation as ""a new legal approach which would deny access to approved drugs based on issues unrelated to medical therapy (Petition at 2). You further contend that this li",https://www.regulations.gov/document/FDA-2018-P-1441-0009
FDA-2018-P-0343-0003,FDA-2018-P-0343,Petition Response Letter from FDA CDER to Fish   R,FDA CDER to Fish   R,CDER,Denied,Procedural - Administrative Deficiency,medium,"format, current","erences Zorvolex as its RLD.4 We have carefully reviewed your Petition and other information available to the Agency. For the reasons stated below, your Petition is denied without comment on whether we will take the actions you request. I. BACKGROUND A. Zorvolex FDA initially approved NDA 204592 for Zorvolex in October 2013. Currently, Zorvolex is indicated for management of mild to moderate acute pain and for management of osteoarthritis pam. 1 Petition at I. 2 Id. 3 Id. 4 Jd. U.S. Food & Drug Adninistration 10903 New liai'Tllshire Avenue Silver Spring, MD 20993 www.fda.gov Docket No. FDA-2018-P-0343 B. Section 505( q) of the FD&C Act Section 505(q) of the Federal Food, Drug, and Cosmetic Act (FD&C Act) (21 U.S.C. 355(q)) was added by section 914 ofthe Food and Drug Administration Amendments Act of2007 (FDAAA) (Public Law 110-85, 121 Stat. 823) and was amended by the Food and Drug Administration Safety and Innovation Act (FDASIA) (Public Law 112-144, 126 Stat. 993), which was signed into law on July 9, 2012",https://www.regulations.gov/document/FDA-2018-P-0343-0003
FDA-2018-P-0598-0014,FDA-2018-P-0598,Petition Denial Letter from FDA CDER to Kurt Karst,FDA CDER to Kurt Karst,CDER,Denied,Procedural - Premature/Pending,medium,"not yet, current","2, 2018, without comment on the action requested because we had not yet made a final decision on whether or not to approve any such applications. We note your current Petition makes the same substantive arguments as these earlier citizen petitions. We have carefully reviewed your Petition, and for the reasons stated below, your Petition is denied without comment on whether we will take the actions you request. I. BACKGROUND A. Tyvaso NDA Tyvaso (treprostinil) inhalation solution, 0.6 mg/mL, 2.9 mL ampules, is indicated for the treatment of pulmonary arterial hypertension to improve exercise ability. The Tyvaso NDA includes the Tyvaso Inhalation System Patient Starter Kit, which contains the Tyvaso Inhalation System (i.e., an ultrasonic, pulsed delivery device and its accessories) and a 28-day supply of treprostinil ampules. The Tyvaso NDA also includes the Tyvaso Inhalation System Refill Kit, containing another 28-day supply oftreprostinil ampules and device components that require monthly replacements. In addition, th",https://www.regulations.gov/document/FDA-2018-P-0598-0014
FDA-2018-P-0874-0053,FDA-2018-P-0874,Final Response to Citizen Petition from FDA CFSAN ,FDA CFSAN,CFSAN,Denied,Other Denial Reason,low,,"e reasons stated in section II of this response, we are denying your requests. However, at this time we would not object to the use of 1.5 calories per gram (kcal/g)2 for D-tagatose when determining “Calories” on Nutrition and Supplement Facts labels. I. Background Your petition asserts that: 1. D-tagatose does not increase risk for chronic disease. Instead, it is associated with a number of positive health outcomes including an increase in glycemic control, reduction in risk for tooth decay, function as a prebiotic, and reduction in risk for cardiovascular disease (CVD). 1 You submitted this petition as a replacement for Citizen Petition from Karen Weikel, PhD, Director of Nutrition Science, Bonumose LLC, dated February 22, 2018, submitted to the Division of Dockets Management, Food and Drug Administration. Both petitions are available in the docket (Docket No. FDA-2018-P-0874). 2 Calories per gram or kilocalories per gram (kcal/g) has been defined as the amount of heat energy needed to raise the temperatu",https://www.regulations.gov/document/FDA-2018-P-0874-0053
FDA-2018-P-2050-0005,FDA-2018-P-2050,Response Letter from FDA CDER to SS Formulations  ,FDA CDER to SS Formulations,CDER,Denied,Procedural - Administrative Deficiency,medium,format,"ufacturing, processing, or developing a drug.” Because you are a requestor, as defined in section 505G(q)(3) of the FD&C Act and your Petition requests a type of relief that could be sought under an OMOR (see 505G(b)(5) of the FD&C Act), the citizen petition process is no longer the appropriate procedure for addressing your request, and your Petition is denied. Please note that information about the OMOR process is available on FDA’s website2 should you pursue that process for your request. Sincerely, Douglas C. Digitally signed by Douglas C. Throckmorton -S Throckmorton -S Date: 2022.12.01 19:54:15 Patrizia Cavazzoni, M.D. Director Center for Drug Evaluation and Research 2 See OTC Drug Review Process | OTC Drug Monographs, available at https://www.fda.gov/drugs/otc-drug-review- process-otc-drug-monographs; see also Over-the-Counter (OTC) Drug Review | OTC Monograph Reform in the CARES Act, available at https://www.fda.gov/drugs/over-counter-otc-n",https://www.regulations.gov/document/FDA-2018-P-2050-0005
FDA-2018-P-1195-0016,FDA-2018-P-1195,Petition Response Letter from FDA CDER to Arnall G,FDA CDER to Arnall G,CDER,Denied,Other Denial Reason,low,,"received a Petition for Stay and Petition for Reconsideration (Petition) from Arnall Golden Gregory, LLC, regarding FDA’s decision responding to Citizen Petitions in Docket Nos. FDA-2017-P-6689 and FDA- 2018-P-1195.1 The Petition, which was submitted on behalf of your clients, Atnahs Pharma US Ltd. (Atnahs) and Athena Bioscience, LLC (Athena),2 requested that FDA stay indefinitely and reconsider its decision granting the citizen petitions submitted to those dockets. In that decision, FDA determined that new drug application (NDA) 018965, Naprosyn (naproxen) oral suspension, 25 milligrams (mg)/milliliter (mL) (Naprosyn), held by Atnahs, was unavailable in the market or was available in such limited quantities that a potential abbreviated new drug application (ANDA) applicant may not be able to obtain sufficient quantities of the reference standard to conduct in vivo bioequivalence testing. We then selected ANDA 074190, held by West-Ward Pharmaceuticals International Limited (West-Ward), as the new reference standard for",https://www.regulations.gov/document/FDA-2018-P-1195-0016
FDA-2018-P-1453-0019,FDA-2018-P-1453,Response from FDA CDER to Spear Pharmaceuticals  I,FDA CDER to Spear Pharmaceuticals  I,CDER,Denied,Procedural - Administrative Deficiency,medium,format,"eference listed drug (RLD').1 FDA has carefully reviewed your Petition and other information available to the Agency. For the reasons stated below, your Petition is denied. I. BACKGROUND A. Efudex In 1970, FDA approved Efudex (fluorouracil) cream, 5%, and solution, 2% and 5%, for the topical treatment of multiple actinic or solar keratoses under new drug application (NDA) 16831. In 1976, FDA approved Efudex cream, 5%, and solution, 5%, for the treatment of superficial basal cell carcinomas when conventional methods are impractical, such as with multiple lesions or difficult treatment sites. Efudex cream contains 5% fluorouracil in a vanishing cream base consisting of methylparaben, polysorbate 60, propylene glycol, propylparaben, purified water, stearyl alcohol, and white petrolatum. 1 Petition at 1. U.S. Food & Drug AdminStration 10903 New Hampshire Avenue Silver Spring, MD 20993 w ww fda.gov Docket No. FDA-2018-P-1453 On April 11, 2008, FDA approved ANDA 077524 for Spear's fluorouracil topical cream, 5%.2 On",https://www.regulations.gov/document/FDA-2018-P-1453-0019
FDA-2018-P-3666-0004,FDA-2018-P-3666,Denial Response Letter from FDA CDER to Fresenius ,FDA CDER to Fresenius,CDER,Denied,Procedural - Administrative Deficiency,medium,"format, adequate","nt to other pharmaceutically equivalent products because actual or potential bioequivalence problems have not been resolved with adequate evidence of bioequivalence.10 TE Codes also include a second letter, which provides additional information on the basis of FDA’s therapeutic equivalence evaluations. The TE Code “AP,” which your Petition requests be assigned to Indomethacin, is assigned to injectable aqueous and, in certain instances, intravenous non-aqueous solutions, as the Orange Book explains: It should be noted that even though injectable (parenteral) products under a specific listing may be evaluated as therapeutically equivalent, there may be important differences among the products in the general category, Injectable; Injection. For example, historically some injectable products that are rated therapeutically equivalent are labeled for different routes of administration. In addition, some products evaluated as therapeutically equivalent may have different preservatives or no preservatives at all. Injec",https://www.regulations.gov/document/FDA-2018-P-3666-0004
FDA-2019-P-4683-0008,FDA-2019-P-4683,Response Letter from FDA  to Public Citizen s Heal,FDA  to Public Citizen s Heal,,Denied,Other Denial Reason,low,,"53b).1 You state that you request these actions because the postapproval confirmatory trial required as a condition of accelerated approval for the new drug application (NDA) for Makena (NDA 021945) failed to verify that the drug provides clinical benefit. More specifically, you state that the confirmatory trial “failed to demonstrate that hydroxyprogesterone caproate is effective for its approved indication of reducing the risk of preterm birth in women with a singleton pregnancy and a history of singleton spontaneous preterm birth or . . . that it decreases the risk of fetal and neonatal morbidity or mortality.”2 We carefully have considered the Petition, as well as the comment submitted by Makena’s sponsor, AMAG Pharmaceuticals, dated January 21, 2020. For the reasons explained below, we are denying your request that we “immediately” take the two actions requested in your Petition. FDA’s Center for Drug Evaluation and Research (CDER) is initiating proceedings to withdraw approval for Makena on the grounds that the c",https://www.regulations.gov/document/FDA-2019-P-4683-0008
FDA-2019-P-5268-0017,FDA-2019-P-5268,Final Response Letter from FDA CDER to Public Citi,FDA CDER to Public Citi,CDER,Denied,Procedural - Administrative Deficiency,medium,"format, current","dule II of the [Controlled Substances Act (CSA)] because the drug has a high potential for abuse – with use potentially leading to severe psychological or physical dependence – and is considered dangerous. (Petition at 1). We have carefully considered your Petition, your supplement and other information available to the Agency. For the reasons stated below, the Petition is denied. I. BACKGROUND A. Tramadol FDA first approved a new drug application (NDA) for a tramadol product in 1995.2 Since that time, the Agency has approved NDAs for other tramadol products and approved numerous generic tramadol products.3 Tramadol is an opioid agonist generally indicated in adults for the 1 We note that Dr. Wolfe, Public Citizen’s Health Research Group, was a signatory on this Citizen Petition and has since passed away. 2 Ultram (tramadol hydrochloride (HCl)), new drug application (NDA) 020281. 3 For the current list of approved products visit FDA’s Web site at http://www.accessdata.fda.gov/scripts/cder/drugsatfda/index.c",https://www.regulations.gov/document/FDA-2019-P-5268-0017
FDA-2019-P-6049-0030,FDA-2019-P-6049,Response Letter from FDA CDER to US WorldMeds  LLC,FDA CDER to US WorldMeds  LLC,CDER,Denied,Procedural - Already Addressed/Moot,medium,current,"to the docket. For the reasons described below, we are denying the actions requested in your Petition. 1 I. APOKYN Currently, the only approved drug-device combination product containing apomorphine and intended for use in the advanced Parkinson’s disease population is Apokyn (apomorphine hydrochloride) injection, new drug application (NDA) 021264, held by US WorldMeds LLC. FDA approved Apokyn on April 20, 2004, for the acute, intermittent treatment of hypomobility, 1 US World Meds submitted a substantially similar citizen petition on July 1, 2019, Docket No. FDA-2019-P-3192 (July 2019 Petition). The Agency denied the July 2019 Petition on November 27, 2019 without comment on the substance of the actions requested. May 21, 2020 Docket No. FDA-2019-P-6049 2 “off” episodes (“end-of-dose wearing off” and unpredictable “on/off” episodes) associated with advanced Parkinson’s disease. The Dosage Forms and Strengths section of Apokyn’s approved labeling states: “APOKYN",https://www.regulations.gov/document/FDA-2019-P-6049-0030
FDA-2019-P-0417-0013,FDA-2019-P-0417,Response Letter from FDA CDER to Scilex Pharmaceut,FDA CDER to Scilex Pharmaceut,CDER,Denied,Substantive - Outside FDA Authority,high,"compliance, outside, scope","nited States (“U.S.”) commerce after the OTC drug review was initiated on May 11, 1972; 3. Finalize the Tentative Final Monograph for External Analgesic Drug Products for Over-the- Counter Human Use, as amended (the “TFM” or “External Analgesics TFM”), which expressly excludes lidocaine-containing products in patch dosage forms from its scope because of concerns about the safety and efficacy of these products; 4. Publish an immediately applicable enforcement policy guidance document that will apply until the final OTC External Analgesic Monograph is codified, and that affirms that lidocaine- containing drug products marketed in nonprescription patch dosage forms (“OTC lidocaine patches”) and that are marketed without approved NDAs or ANDAs do not conform to the terms of the External Analgesics TFM, are outside the scope of any enforcement discretion that may exist pursuant to Compliance Policy Guide 450.200 or other relevant statements of enforcement discretion, and may be the subject of immediate enforcement action wi",https://www.regulations.gov/document/FDA-2019-P-0417-0013
FDA-2019-P-1130-0006,FDA-2019-P-1130,Final Response Letter from FDA CBER to Kent Hecken,FDA CBER to Kent Hecken,CBER,Denied,Procedural - Administrative Deficiency,medium,format,"onds to the Petitions in full. We have carefully reviewed the Petitions, comments submitted to the docket, and other information available to the Agency.2 Based on our review and consideration of these materials, and for the reasons described below, we deny the Petitions. Here is an outline of our response: I. Preliminary Matter: FDA Is Responding to the Citizen Petitions Solely on FDA’s Behalf II. Licensed Vaccines, Including Pediatric Vaccines, Are Safe A. Vaccines Are Shown to Be Safe at the Time of Licensure B. Vaccine Safety Continues to Be Monitored Post-Licensure III. The 2017 Petition A. Your Requests Relating to a Moratorium 1. Your Request That FDA Impose a Moratorium on All Pediatric Vaccinations a. FDA Does Not Issue Vaccination Recommendations b. FDA Does Not Impose Vaccination Requirements 2. Your Request That FDA Require Changes to the Labeling of Licensed Pediatric Vaccines 3. Your Request That FDA Suspend Approvals for Childhood Use of Pediatric Vaccines B. Your Request That FDA Suspend or Rep",https://www.regulations.gov/document/FDA-2019-P-1130-0006
FDA-2019-P-4644-0039,FDA-2019-P-4644,Citizen Petition Denial Response Letter from FDA C,FDA C,,Denied,Procedural - Administrative Deficiency,medium,"regulation, adequate","arket a new drug submit an application to FDA for review and approval.7 To be approved, an NDA submitted under section 505(b) of the FD&C Act must, among other things, be supported by investigations showing the drug product to be safe and effective for its intended use(s).8 Section 505(c)(l)(A) of the FD&C Act states that FDA will ""approve the application if [FDA] ... finds that none of the grounds for denying approval specified in [section 505(d) of the FD&C Act] applies."" Section 505(d) of the FD&C Act and FD A's regulation in 21 CFR 314.125(b) include grounds for refusing to approve an application. For example, FDA will refuse to approve an application if adequate tests do not show that the drug is safe for use under the conditions prescribed, recommended, or suggested in the proposed labeling.9 FDA will also refuse to approve an application if the applicant fails to provide substantial evidence of effectiveness.10 As stated in section 505(d) of the FD&C Act, ""substantial evidence"" means: 4 See Drugs@FDA: FDA-Approved Dr",https://www.regulations.gov/document/FDA-2019-P-4644-0039
FDA-2019-P-2998-0104,FDA-2019-P-2998,Final Response Letter from FDA CDER to Southern Ne,FDA CDER to Southern Ne,CDER,Denied,Procedural - Administrative Deficiency,medium,"format, current","stration (Petition at 1). We have carefully reviewed the information in the Petition, as well as other relevant information. For the reasons stated below, we deny your Petition. 1 Although your Petition only cited the NDA number pertaining to the tablet form of Levaquin (levofloxacin), NDA 020634 (Petition at 1), we also considered your requests in light of NDAs 020635 and 021721 pertaining to the solution formulations of Levaquin (levofloxacin). All of the Levaquin products are currently discontinued from sale. There are numerous approved generic levofloxacin products that are currently on the market. We also considered the applicability of your requested labeling changes to systemic fluoroquinolones (i.e., ciprofloxacin, levofloxacin, moxifloxacin, gemifloxacin, ofloxacin, and delafloxacin) as a class of drugs. 2 The Petition refers to “FQAD”. However, this term is not accepted medical terminology and is not used in clinical practice. We interpret the Petition’s use of “FQAD” to refer to the disabling and potentia",https://www.regulations.gov/document/FDA-2019-P-2998-0104
FDA-2019-P-4830-0016,FDA-2019-P-4830,Response Letter from FDA CDER to Ipsen Biopharmace,FDA CDER to Ipsen Biopharmace,CDER,Denied,Substantive - Insufficient Evidence,medium,insufficient,"RL D%2022074_RC07-14.pdf. 21 See Draft PSG. FDA reviews the adequacy of the evidence submitted in support of a waiver when reviewing a specific ANDA. This is because the significance and variation of each property/measurement is product-, attribute-, and technique-specific. We have not limited the Draft PSG to particular studies or acceptance criteria because knowledge, techniques, and analyses may evolve or improve. Moreover, by not setting specific acceptance criteria, we encourage ANDA applicants to match the physicochemical properties of the reference product as closely as possible and provide detailed scientific justification supporting their proposed product. 22 Petition at 2, 3, 8-19. Docket No. FDA-2019-P-4830 7 The Petition states that in vitro testing is insufficient to establish BE for a proposed generic lanreotide acetate injection product referencing Somatuline Depot. To support your request that FDA require applicants to conduct an in vivo BE study, you state that in vivo bioavailability is not self-e",https://www.regulations.gov/document/FDA-2019-P-4830-0016
FDA-2020-P-1247-0006,FDA-2020-P-1247,Final Response Letter from FDA CDER to Belcher Pha,FDA CDER to Belcher Pha,CDER,Denied,Procedural - Premature/Pending,medium,"before, current","valence [(TE) code] for these ANDAs from AB to BX because they are not bioequivalent to post-December 2012 ANDAs.4 We have carefully considered the Petition and comments to the docket.5 For the reasons described below, your Petition is denied in part and granted in part. Specifically, we deny your 1 FDA approved six ANDAs before December 2012: (1) ANDA 065461 approved on Aug. 10, 2009; (2) ANDA 090509 approved on May 12, 2010; (3) ANDA 090402 approved on July 1, 2010; (4) ANDA 090596 approved on Sept. 17, 2010; (5) ANDA 091195 approved on Aug. 31, 2011; and (6) ANDA 090802 approved on Sept. 28, 2012. 2 When final, this guidance will represent FDA’s current thinking on this topic. For the most recent version of a PSG, check the FDA PSG web page at https://www.accessdata.fda.gov/scripts/cder/psg/index.cfm. 3 Petition at 1. 4 Id. 5 On May 22, 2020, Teva Pharmaceutical Industries, Ltd. (Teva) submitted comments (Comment) to the Petition. Teva’s comments are the only comments submitted to this docket. Teva states that it “t",https://www.regulations.gov/document/FDA-2020-P-1247-0006
FDA-2020-P-2225-0008,FDA-2020-P-2225,SOA Denial Letter from FDA CBER  to Siri   Glimsta,FDA CBER  to Siri   Glimsta,CBER,Denied,Procedural - Administrative Deficiency,medium,"format, current","to the CP and the PSA in full. FDA has carefully reviewed the Petitions, comments submitted to the docket, and other information available to the Agency. Based on our review of these materials and for the reasons described below, we conclude that the Petitions do not contain facts demonstrating any reasonable grounds for the requested action. In accordance with 21 CFR §§ 10.30(e)(3) and 10.35(e), and for the reasons stated below, FDA is denying the Petitions. I. Background There is currently a pandemic of respiratory disease, Coronavirus Disease 2019 (COVID-19), caused by a novel coronavirus, SARS-CoV-2. The COVID-19 pandemic presents an extraordinary challenge to global health. On January 31, 2020, the Secretary of Health and Human Services (HHS) issued a declaration of a public health emergency related to COVID-19.1 In addition, on March 13, 2020, the President declared a national emergency in response to COVID-19.2 There are currently no FDA-licensed vaccines to prevent COVID-19. Commercial vaccine manufact",https://www.regulations.gov/document/FDA-2020-P-2225-0008
FDA-2020-P-2180-0070,FDA-2020-P-2180,Denial Letter from FDA CBER to Siri   Glimstad LLP,FDA CBER to Siri   Glimstad LLP,CBER,Denied,Procedural - Administrative Deficiency,medium,"format, current","and other information available to the Agency. Based on our review of these materials and for the reasons described below, we conclude that the Petitions do not contain facts demonstrating any reasonable grounds for the requested action. In accordance with 21 CFR §§ 10.30(e)(3) and 10.35(e), and for the reasons stated below, FDA is denying the Petitions. I. Background There is currently a pandemic of respiratory disease, Coronavirus Disease 2019 (COVID-19), caused by a novel coronavirus, SARS-CoV-2. The COVID-19 pandemic presents an extraordinary challenge to global health. On January 31, 2020, the Secretary of Health and Human Services (HHS) issued a declaration of a public health emergency related to COVID-19.2 In addition, on March 13, 2020, the President declared a national emergency in response to COVID-19.3 There are currently no FDA-licensed vaccines to prevent COVID-19. Commercial vaccine manufacturers and other entities are developing COVID-19 vaccine candidates, and clinical studies of these vaccines",https://www.regulations.gov/document/FDA-2020-P-2180-0070
FDA-2020-P-1166-0005,FDA-2020-P-1166,Agency Response  Letter from FDA CDRH to Eckert Se,FDA CDRH to Eckert Se,CDRH,Denied,Procedural - Administrative Deficiency,high,"21 cfr 10, cfr 10, format","ious (SIB) or aggressive behavior (AB). We have reviewed the information in your submission and, in accordance with 21 CFR 10.35(e) and for the reasons explained below, we grant your request for a stay in part. I. Background On March 6, 2020, FDA issued a final rule banning ESDs for SIB or AB, finding that these devices present an unreasonable and substantial risk of illness or injury that cannot be corrected or eliminated by labeling in accordance with section 516 of the Federal Food, Drug, and Cosmetic Act (85 FR 13312). The ban affects both new devices and devices already in distribution and use upon the effective date of the final rule, which is 30 days after publication of the final rule (April 6, 2020). However, for those individuals currently subject to ESDs for the identified intended use, the ban provides time to transition away from the use of ESDs under the supervision of a physician because FDA recognized that affected parties may need some time to establish or adjust treatment plans. Therefore, for de",https://www.regulations.gov/document/FDA-2020-P-1166-0005
FDA-2020-P-0983-0004,FDA-2020-P-0983,Final Response from FDA CDER to grBiosystems Inc ,FDA CDER to grBiosystems Inc,CDER,Denied,Procedural - Administrative Deficiency,medium,format,"ufacturing, processing, or developing a drug.” Because you are a requestor, as defined in section 505G(q)(3) of the FD&C Act and your Petition’s request to use alternative testing procedures for stannous fluoride toothpaste products is a type of relief that could be sought under an OMOR (see 505G(b)(5) of the FD&C Act), the citizen petition process is no longer the appropriate procedure for addressing your request, and your Petition is denied. Please note that information about the OMOR process is available on FDA’s website4 should you pursue that process for your request.5 Sincerely, Douglas C. Digitally signed by Douglas C. Throckmorton -S Throckmorton -S Date: 2023.05.05 14:49:26 Patrizia Cavazzoni, M.D. Director Center for Drug Evaluation and Research 4 See OTC Drug Review Process | OTC Drug Monographs, available at https://www.fda.gov/drugs/otc-drug-review- process-otc-drug-monographs; see also Frequently Asked Questions available via the OTC Monographs@FDA portal at https",https://www.regulations.gov/document/FDA-2020-P-0983-0004
FDA-2020-P-2133-0004,FDA-2020-P-2133,Response Letter from FDA CDER to Fresenius Kabi US,FDA CDER to Fresenius Kabi US,CDER,Denied,Procedural - Administrative Deficiency,medium,format,"r relevant information available to the Agency. Based on our review of these materials and for the reasons described below, the Petition is denied in all respects.1 I. FACTUAL BACKGROUND A. Levothyroxine Sodium Products for Intravenous Use Levothyroxine sodium for intravenous use is indicated for the treatment of myxedema coma. FDA’s “Approved Drug Products with Therapeutic Equivalence Evaluations” (the “Orange Book”) lists two types of intravenous levothyroxine sodium dosage forms: a powder dosage form and a solution dosage form. Fresenius Kabi USA LLC (“Fresenius”) is the application holder of approved 505(b)(2) NDAs for both dosage forms. Levothyroxine sodium intravenous powder (NDA 202231), 100 mcg/vial, 200 mcg/vial, and 500 mcg/vial, was approved June 24, 2011. Levothyroxine sodium intravenous solution (NDA 210632), 100 mcg/5 mL (20 mcg/mL), 200 mcg/5 mL (40 mcg/mL), and 500 mcg/5 mL (100 mcg/mL), was approved April 11, 2019. The products approved under NDA 202231 and NDA 210632 are designated as RLDs in the Ora",https://www.regulations.gov/document/FDA-2020-P-2133-0004
FDA-2022-P-0536-0032,FDA-2022-P-0536,Final Response Letter from FDA CDER to Bayer U S  ,FDA CDER to Bayer U S,CDER,Denied,Procedural - Premature/Pending,medium,"before, submission","apply a 30-month stay of approval to ANDA 216421 because the statutory prerequisites for a stay are met regardless of whether Apotex submitted [its] ANDA before or after Bayer submitted the Forms 3542 for the Patents” (Petition at 7). You contend that “[b]ecause Bayer submitted the Forms 3542a with the original NDA 213872, they necessarily preceded Apotex’s submission of an ANDA referencing this NDA, and thus fulfilled this statutory requirement for eligibility for a 30-month stay” (Petition at 8). As described above, section 505(q)(1)(F) of the FD&C Act requires FDA to take final Agency action on the Petition within 150 days of submission. Therefore, we must take action on the Petition at this time. For the reasons explained below, we deny without comment the specific request in the Petition regarding whether a 30-month stay of approval of ANDA 216421 would apply at such time as the ANDA otherwise meets the requirements for approval under section 505(j) of the FD&C Act. FDA has not made a final determination on w",https://www.regulations.gov/document/FDA-2022-P-0536-0032
FDA-2022-P-1211-0005,FDA-2022-P-1211,Final Response to American Vapor Manufacturers Cit,American Vapor Manufacturers Cit,,Denied,Procedural - Administrative Deficiency,medium,compliance,"for the duration of the Agency’s full scientific review of their respective applications until FDA reaches a final decision on the PMTAs for such products; and 2. Allow manufacturers of these products to continue to submit additional data and amend their applications. Your petition also specifies that these two requests are limited to manufacturers that have taken certain steps to ensure that their products will not contribute to illegal underage use and that each manufacturer would be required to demonstrate to FDA through documentation and other evidence that it: 1. Has taken steps to prohibit access by and sales to underage (under 21) consumers for brick-and-mortar stores and/or retail websites; 2. Will only market to adults (21+) and not rely on any youth-friendly advertising; and 3. Is otherwise in compliance with Family Smoking Prevention and Tobacco Control Act (Tobacco Control Act or TCA) and Deeming Rule requirements (e.g., facility registration, product listings, warning/labeling requirements, etc.). FDA has carefully r",https://www.regulations.gov/document/FDA-2022-P-1211-0005
FDA-2022-P-0160-0013,FDA-2022-P-0160,Petition Denial from FDA CDER to Ferring Pharmaceu,FDA CDER to Ferring Pharmaceu,CDER,Denied,Substantive - Insufficient Evidence,medium,insufficient,"a.fda.gov/drugsatfda_docs/psg/PSG_022201.pdf. FDA reviews the acceptability criteria for the recommended comparative physicochemical characterization studies and performance testing when reviewing a specific ANDA. This is because the significance and variation of each property/measurement is product-, attribute-, and technique-specific. We have not limited the Draft PSG to preset criteria because knowledge, techniques, analysis, and statistics may evolve or improve. Moreover, by not setting specific acceptance criteria, we encourage ANDA applicants to match the physicochemical properties of the reference product as closely as possible and provide detailed scientific justification supporting their proposed product. Docket No. FDA-2022-P-0160 7 vivo BE study, asserting that an in vitro approach is insufficient to determine BE.32 Second, the Petition requests that ANDA applicants conduct pAUC analysis or use a multiple-dose study design as part of the in vivo BE study to ensure the generic drug has the same rate and exte",https://www.regulations.gov/document/FDA-2022-P-0160-0013
FDA-2022-P-0149-0014,FDA-2022-P-0149,Response Letter from FDA CDER to Public Citizen s ,FDA CDER to Public Citizen s,CDER,Denied,Procedural - Administrative Deficiency,medium,format,"to schedule V of the [Controlled Substances Act] because the drugs have a marked potential for abuse with serious consequences that include psychological effects, physical dependence, seizures, suicide, and overdose death. (Petition at 1). We have carefully considered your Petition, comments to the Petition, and other information available to the Agency. For the reasons stated below, the Petition is denied. I. BACKGROUND A. Gabapentin and Gabapentin Enacarbil On December 30, 1993, FDA approved an immediate-release gabapentin formulation as adjunctive therapy in the treatment of partial onset seizures.1 FDA subsequently approved gabapentin for the management of postherpetic neuralgia in adults, which is associated with damage to nerve fibers during shingles infection.2 1 Neurontin (gabapentin), new drug application (NDA) 20235. 2 See Neurontin labeling dated February 2005, available at https://www.accessdata.fda.gov/drugsatfda_docs/label/2005/20235s029,20882s015,21129s016lbl.pdf; see also Gralise (gabapentin) labeling dat",https://www.regulations.gov/document/FDA-2022-P-0149-0014
FDA-2023-P-0076-0007,FDA-2023-P-0076,Denial Letter from FDA CTP to SMS BZ  LLC,FDA CTP to SMS BZ  LLC,,Denied,Procedural - Premature/Pending,medium,"pending, regulation","C.F.R. § 10.35 pending completion of supervisory review under 21 C.F.R. § 10.75. The petition seeks a stay of a Refuse to Accept (RTA) letter issued on December 9, 2022, for a number of Premarket Tobacco Product Applications (“PMTA”) received by FDA on April 27, 2022, pursuant to section 910(b) of the Federal Food, Drug, and Cosmetic Act (“FD&C Act”). FDA has reviewed the petition, the request for supervisory review, the RTA letter, and the applicable regulations. For the reasons described below, FDA denies the petition. BACKGROUND On April 27, 2022, SMS submitted PMTAs for twenty products. They were assigned STNs PM0005262.PD1-PM0005262.20. On July 21, 2022, SMS submitted an FDA Form 4057. It was assigned STN PM0006678. On July 22, 2022, SMS submitted an FDA Form 4057a. It was assigned STN TC0009321. On October 6, 2022, SMS submitted a cover letter. It was assigned STN TC0009125. On November 4, 2022, SMS submitted a cover letter, FDA Form 4057, and FDA Form 4057b. They were assigned STN PM0007069. On November 8, 2022,",https://www.regulations.gov/document/FDA-2023-P-0076-0007
FDA-2024-P-2625-0004,FDA-2024-P-2625,Response Letter from FDA ORA to J R Imports LLC Re,FDA ORA to J R Imports LLC Re,ORA,Denied,Procedural - Premature/Pending,medium,"pending, format","implementation of Import Alert #99-41 pending reconsideration of the matter by the Commissioner. 3. The Commissioner stay the effective date of any public disclosure or implementation of Import Alert #99-41 concerning JR Imports' imported foods. This request is made pursuant to 21 CFR § 10.35. (Pet. at 1-2). 1 The petition is dated in error as May 17, 2025. 2 We treat this petition as being submitted under 21 CFR § 10.33 and 10.35 due to the actions requested in the petition and other language indicating the filing under both sections (“e.g., … we request a stay of the Import Alert pending reconsideration of this petition.”). 2 | P a g e We have carefully reviewed your petition and other information available to the Agency. For the reasons outlined below, we are denying your requests. I. Background FDA concluded its initial FSVP inspection for your firm, JR Imports, on December 1, 2020. At this inspection, your firm confirmed that it did not have FSVP plans in place for any of its imported food",https://www.regulations.gov/document/FDA-2024-P-2625-0004
FDA-2024-P-2150-0009,FDA-2024-P-2150,Response Letter from FDA CDER to Parenteral Techno,FDA CDER to Parenteral Techno,CDER,Denied,Other Denial Reason,low,,otc-nonprescription- drugs/over-counter-otc-drug-review-otc-monograph-reform-cares-act. 3 https://dps.fda.gov/omuf/ordersearch/order_otc000027. 4 https://dps.fda.gov/omuf/forecast. S,https://www.regulations.gov/document/FDA-2024-P-2150-0009
FDA-2004-P-0017-0005,FDA-2004-P-0017,Citizen Petition Denial Response Letter from FDA/ORA to Pharmacists Planning Service Inc (PPSI),Pharmacists Planning Service,CDER,Denied,Substantive - Outside FDA Authority,high,"addressed, no authority, jurisdiction","requiring mandatory consultation, patient history review, identification, and registration. The petition was filed in the FDA Division of Dockets Management under Docket No. 2004P-03 15 and logged as Comment No. CP1. For reasons discussed below, your petition is denied. Congress reauthorized the Patriot Act of 2001 as the USA Patriot Improvement and Reauthorization Act of 2005 (PIRA). Section 701 of the PIRA includes the Combat Methamphetamine Epidemic Act of 2005 (Meth Act) which restricts the sale of pseudoephedrine, a precursor to the production of methamphetamine. The restrictions are described in detail in the Meth Act part of PIRA (copy enclosed). The PIRA was signed into law by President George W. Bush on March 9,2006. The Meth Act, part of the PIRA, amended the Controlled Substances Act, which is under the jurisdiction of the Drug Enforcement Administration (DEA). Accordingly, the FDA has no authority to grant your request because your petition has been addressed by the Meth Act. Therefore, your petition is denied.",
FDA-2004-P-0164-0006,FDA-2004-P-0164,FDA/CDRH to Mr. Bill G. Pierson - Petition Denial,Billy G. Pierson,CDRH,Denied,Procedural - Administrative Deficiency,high,"cfr 10, format","850 Docket No. 2004P-0003 Citizen Petition for Reconsideration Dear Mr. Pierson: This letter is in response to your Petition for Reconsideration dated October 13, 2003, filed by the Food and Drug Administration (FDA) (after FDA removed confidential personal information fiom the copy that went on display in our Division of Dockets Management) on December 22,2004. Your petition requested that an FDA investigator interview you in order to obtain a copy of your medical records fiom the Texas Department of Correction Institute Division and reconsider its decision on your voluntary Medwatch report (MW4003 197). At the end of your petition, you state that you are entitled to injunctive relief and money damages under the Americans with Disabilities Act of 1990 and the Rehabilitation Act of 1973. After reviewing your Medwatch report, FDA determined that no hrther action was necessary. You have requested reconsideration of this decision. In accordance with 2 1 CFR 10.33(d), FDA may grant a petition for reconsideration if it deter",
FDA-2004-P-0295-0004,FDA-2004-P-0295,The Robert Wood Johnson University Medical Group - Denial of Petition,University Of Medicine And Dentistry Of New Jersey-Robert Wood Johnson Medical School,CDER,Denied,Procedural - Administrative Deficiency,medium,"format, previously, no evidence","on be removed (Petition at 1). FDA has carefully reviewed the Petition. For the reasons described below, the Petition is denied. I. DISCUSSION You state that the categorization of estradiol as a category X substance is inappropriate. You explain that ""[t]here is sufficient evidence indicating that estradiol should not be in that category,"" and you state: (1) estradiol is normally present during pregnancy, and lilt would be hard to understand that a substance present in large amounts during pregnancy is a teratogen""; (2) estrogens may be necessary during pregnancy; (3) low estrogen levels during pregnancy may indicate fetal problems; (4) exogenous estradiol administration is routinely used by physicians during early pregnancy in the context of assisted reproduction; and (5) there is no evidence that exogenous use of estradiol has been linked to malformations (Petition at 1-2). You also note that progesterone was previously listed as a category X substance because, at the time, progestins were viewed as a singularity (Pe",
FDA-2005-P-0007-0007,FDA-2005-P-0007,FDA Response to the Environmental Defense - Petition Denial,Environmental Defense,CVM,Denied,Procedural - Administrative Deficiency,high,"prior to, 21 cfr 10, cfr 10","antimicrobial drug resistant bacteria."" We have reviewed the issues raised in your petition. Although we share your concern about the use of medically important antimicrobial drugs in food-producing animals for growth promotion and feed efficiency indications (i.e., production uses), in accordance with 21 CFR 10.30(e)(1)(ii), FDA is denying your petition. The reasons for this decision are discussed below. YA J In order to withdraw a new animal drug’s approval, FDA must follow a number of statutory requirements, such as providing the sponsor of the new animal drug with notice that the Agency proposes to withdraw approval of the drug and an opportunity for a formal evidentiary hearing on the matter. FDA cannot withdraw approval of a new animal drug until the legally-mandated process is complete. Prior to initiating formal proceedings to withdraw approval of a new animal drug, CVM makes a determination about whether such action is warranted after analyzing the relevant data and information. The Center’s determination about",
FDA-2007-P-0118-0025,FDA-2007-P-0118,FDA to Mr. Thomas J. Quinn - Petition Denial,"Dwight G. Castle. Rebecca Gilbert, James Whalen, Thomas J. Quinn, Michael E. Masterman, Jeffrey P. Frontier, John W. Shaw, Michael F. Clark, Dave Wayne, John Gilbert, Robert E. Parks, Shawn Bryant",CDRH,Denied,Procedural - Administrative Deficiency,high,"21 cfr 10, cfr 10, regulation","uring that FDA will enforce medical device laws. We are denying all of the requests in your petition. As your request indicates, 21 USC 360hh et seq. give FDA authority over radiation-emitting electronic products, and FDA has promulgated several performance standards for such products pursuant to this authority. The regulations with respect to which you seek enforcement action require manufacturers of certain electronic products to provide certain information to assemblers and users ofthese products. 21 CFR 1020.30(g), (h), 1020.33(c), 1040.1 O(h). You also request enforcement of 21 CFR 820.170, which requires manufacturers of devices requiring installation to provide certain information to the persons installing the device. To help manufacturers understand and comply with some of these requirements, FDA issued a guidance document on September 5, 2003, entitled ""Guidance for Industry and FDA Staff: Information Disclosure by Manufacturers to Assemblers for Diagnostic X-ray Systems,"" available at http://www.fda.gov/ download",
FDA-2007-P-0118-0026,FDA-2007-P-0118,FDA to Mr. Dave Wayne - Petition Denial,"Dwight G. Castle. Rebecca Gilbert, James Whalen, Thomas J. Quinn, Michael E. Masterman, Jeffrey P. Frontier, John W. Shaw, Michael F. Clark, Dave Wayne, John Gilbert, Robert E. Parks, Shawn Bryant",CDRH,Denied,Procedural - Administrative Deficiency,high,"21 cfr 10, cfr 10, regulation","uring that FDA will enforce medical device laws. We are denying all of the requests in your petition. As your request indicates, 21 USC 360hh et seq. give FDA authority over radiation-emitting electronic products, and FDA has promulgated several perfonnance standards for such products pursuant to this authority. The regulations with respect to which you seek enforcement action require manufacturers of certain electronic products to provide certain infonnation to assemblers and users ofthese products. 21 CFR 1020.30(g), (h), 1020.33(c), 1040.l0(h). You also request enforcement of 21 CFR 820.170, which requires manufacturers of devices requiring installation to provide certain infonnation to the persons installing the device. To help manufacturers understand and comply with some of these requirements, FDA issued a guidance document on September 5, 2003, entitled ""Guidance for Industry and FDA Staff: Infonnation Disclosure by Manufacturers to Assemblers for Diagnostic X-ray Systems,"" available at http://www.fda.gov/ downloads",
FDA-2007-P-0118-0027,FDA-2007-P-0118,FDA to Mr. John Gilbert - Petition Denial,"Dwight G. Castle. Rebecca Gilbert, James Whalen, Thomas J. Quinn, Michael E. Masterman, Jeffrey P. Frontier, John W. Shaw, Michael F. Clark, Dave Wayne, John Gilbert, Robert E. Parks, Shawn Bryant",CDRH,Denied,Procedural - Administrative Deficiency,high,"21 cfr 10, cfr 10, regulation","uring that FDA will enforce medical device laws. We are denying all of the requests in your petition. As your request indicates, 21 USC 360hh et seq. give FDA authority over radiation-emitting electronic products, and FDA has promulgated several performance standards for such products pursuant to this authority. The regulations with respect to which you seek enforcement action require manufacturers of certain electronic products to provide certain information to assemblers and users of these products. 21 CFR 1020.30(g), (h), 1020.33(c), 1040.10(h). You also request enforcement of 21 CFR 820.170, which requires manufacturers of devices requiring installation to provide certain information to the persons installing the device. To help manufacturers understand and comply with some ofthese requirements, FDA issued a guidance docwnent on September 5,2003, entitled ""Guidance for Industry and FDA Staff: Information Disclosure by Manufacturers to Assemblers for Diagnostic X-ray Systems,"" available at http://www.fda.gov/ downloads/",
FDA-2007-P-0118-0028,FDA-2007-P-0118,FDA to Mr. Michael E. Masterman - Petition Denial,"Dwight G. Castle. Rebecca Gilbert, James Whalen, Thomas J. Quinn, Michael E. Masterman, Jeffrey P. Frontier, John W. Shaw, Michael F. Clark, Dave Wayne, John Gilbert, Robert E. Parks, Shawn Bryant",CDRH,Denied,Procedural - Administrative Deficiency,high,"21 cfr 10, cfr 10, regulation","uring that FDA will enforce medical device laws. We are denying all of the requests in your petition. As your request indicates, 21 USC 360hh et seq. give FDA authority over radiation-emitting electronic products, and FDA has promulgated several performance standards for such products pursuant to this authority. The regulations with respect to which you seek enforct~ment action require manufacturers of certain electronic products to provide certain information to assemblers and users of these products. 21 CFR 1020.30(g), (h), 1020.33(c), 1040.10(h). You also request enforcement of 21 CFR 820.170, which requires manufacturers of devices requiring installation to provide certain information to the persons installing the device. To help manufacturers understand and comply with some of these requirements, FDA issued a guidance document on September 5, 2003, entitled ""Guidance for Industry and FDA Staff: Information Disclosure by Manufacturers to Assemblers for Diagnostic X-ray Systems,"" available at http://www.fda.gov/ downloa",
FDA-2007-P-0118-0029,FDA-2007-P-0118,FDA to Mr. John W. Shaw - Petition Denial,"Dwight G. Castle. Rebecca Gilbert, James Whalen, Thomas J. Quinn, Michael E. Masterman, Jeffrey P. Frontier, John W. Shaw, Michael F. Clark, Dave Wayne, John Gilbert, Robert E. Parks, Shawn Bryant",CDRH,Denied,Procedural - Administrative Deficiency,high,"21 cfr 10, cfr 10, regulation","uring that FDA will enforce medical device laws. We are denying all of the requests in your petition. As your request indicates, 21 USC 360hh et seq. give FDA authority over radiation-emitting electronic products, and FDA has promulgated several performance standards for such products pursuant to this authority. The regulations with respect to which you seek enforcement action require manufacturers of certain electronic products to provide certain information to assemblers and users of these products. 21 CFR 1020.30(g), (h), 1020.33(c), 1040.10(h). You also request enforcement of 21 CFR 820.170, which requires manufacturers of devices requiring installation to provide certain information to the persons installing the device. To help manufacturers unders!and and comply with some of these requirements, FDA issued a guidance document on September 5,2003, entitled ""Guidance for Industry and FDA Staff: Information Disclosure by Manufacturers to Assemblers for Diagnostic X-ray Systems,"" available at http://wwvv.fda.gov/ download",
FDA-2007-P-0118-0031,FDA-2007-P-0118,FDA to Mr. Jeffrey P. Frontier - Petition Denial,"Dwight G. Castle. Rebecca Gilbert, James Whalen, Thomas J. Quinn, Michael E. Masterman, Jeffrey P. Frontier, John W. Shaw, Michael F. Clark, Dave Wayne, John Gilbert, Robert E. Parks, Shawn Bryant",CDRH,Denied,Procedural - Administrative Deficiency,high,"21 cfr 10, cfr 10, regulation","uring that FDA will enforce medical device laws. We are denying all ofthe requests in your petition. As your request indicates, 21 USC 360hh et seq. give FDA authority over radiation-emitting electronic products, and FDA has promulgated several performance standards for such products pursuant to this authority. The regulations with respect to which you seek enfor'cement action require manufacturers of certain electronic products to provide certain information to assemblers and users of these products. 21 CFR 1020.30(g), (h), 1020.33(c), 1040.10(h). You also request enforcement of 21 CFR 820.170, which requires manufacturers of devices requiring installation to provide certain information to the persons installing the device. To help manufacturers understand and comply with some ofthese requirements, FDA issued a guidance document on September 5,2003, entitled ""Guidance for Industry and FDA Staff: Information Disclosure by Manufacturers to Assemblers for Diagnostic X-ray Systems,"" available at http://www.fda.gov/ downloads/",
FDA-2007-P-0118-0032,FDA-2007-P-0118,FDA to Mr. Michael F. Clark - Petition Denial,"Dwight G. Castle. Rebecca Gilbert, James Whalen, Thomas J. Quinn, Michael E. Masterman, Jeffrey P. Frontier, John W. Shaw, Michael F. Clark, Dave Wayne, John Gilbert, Robert E. Parks, Shawn Bryant",CDRH,Denied,Procedural - Administrative Deficiency,high,"21 cfr 10, cfr 10, regulation","uring that FDA will enforce medical device laws. We are denying all of the requests in your petition. As your request indicates, 21 USC 360hh et seq. give FDA authority over radiation-emitting electronic products, and FDA has promulgated several performance standards for such products pursuant to this authority. The regulations with respect to which you seek enforcement action require manufacturers of certain electronic products to provide certain information to assemblers and users of these products. 21 CFR 1020.30(g), (h), 1020.33(c), 1040.l0(h). You also request enforcement of 21 CFR 820.170, which requires manufacturers ofdevices requiring installation to provide certain information to the persons installing the device. To help manufacturers undersfand and comply with some of these requirements, FDA issued a guidance document on September 5, 2003, entitled ""Guidance for Industry and FDA Staff: Information Disclosure by Manufacturers to Assemblers for Diagnostic X-ray Systems,"" available at http://www.fda.gov/ downloads",
FDA-2007-P-0118-0033,FDA-2007-P-0118,FDA to Mr. Robert E. Parks - Petition Denial,"Dwight G. Castle. Rebecca Gilbert, James Whalen, Thomas J. Quinn, Michael E. Masterman, Jeffrey P. Frontier, John W. Shaw, Michael F. Clark, Dave Wayne, John Gilbert, Robert E. Parks, Shawn Bryant",CDRH,Denied,Procedural - Administrative Deficiency,high,"21 cfr 10, cfr 10, regulation","uring that FDA will enforce medical device laws. We are denying all ofthe requests in your petition. As your request indicates, 21 USC 360hh et seq. give FDA authority over radiation-emitting electronic products, and FDA has promulgated several performance standards for such products pursuant to this authority. The regulations with respect to which you seek enforcement action require manufacturers of certain electronic products to provide certain information to assemblers and users of these products. 21 CFR 1020.30(g), (h), 1020.33(c), 1040.1O(h). You also request enforcement of 21 CFR 820.170, which requires manufacturers of devices requiring installation to provide certain information to the persons installing the device. To help manufacturers understand and comply with some of these requirements, FDA issued a guidanee docwnent on September 5, 2003, entitled ""Guidance for Industry and FDA Staff: Information Disclosure by Manufacturers to Assemblers for Diagnostic X-ray Systems,"" available at http://www.fda.gov/ downloads",
FDA-2007-P-0118-0034,FDA-2007-P-0118,FDA to Mr. Shawn Bryant - Petition Denial,"Dwight G. Castle. Rebecca Gilbert, James Whalen, Thomas J. Quinn, Michael E. Masterman, Jeffrey P. Frontier, John W. Shaw, Michael F. Clark, Dave Wayne, John Gilbert, Robert E. Parks, Shawn Bryant",CDRH,Denied,Procedural - Administrative Deficiency,high,"21 cfr 10, cfr 10, regulation","uring that FDA will enforce medical device laws. We are denying all of the requests in your petition. As your request indicates, 21 USC 360hh et seq. give FDA authority over radiation-emitting electronic products, and FDA has promulgated several performance standards for such products pursuant to this authority. The regulations with respect to which you seek enforcement action require manufacturers of certain electronic products to provide certain information to assemblers and users ofthese products. 21 CFR 1020.30(g), (h), 1020.33(c), 1040.l0(h). You also request enforcement of 21 CFR 820.170, which requires manufacturers ofdevices requiring installation to provide certain information to the persons installing the device. To help manufacturers understand and comply with some of these requirements, FDA issued a guidan(;e document on September 5,2003, entitled ""Guidance for Industry and FDA Staff: Information Disclosure by Manufacturers to Assemblers for Diagnostic X-ray Systems,"" available at http://www.fda.gov/ downloads/",
FDA-2007-P-0118-0035,FDA-2007-P-0118,FDA to Mr. James Whaler - Petition Denial,"Dwight G. Castle. Rebecca Gilbert, James Whalen, Thomas J. Quinn, Michael E. Masterman, Jeffrey P. Frontier, John W. Shaw, Michael F. Clark, Dave Wayne, John Gilbert, Robert E. Parks, Shawn Bryant",CDRH,Denied,Procedural - Administrative Deficiency,high,"21 cfr 10, cfr 10, regulation","uring that FDA will enforce medical device laws. We are denying all ofthe requests in your petition. As your request indicates, 21 USC 360hh et seq. give FDA authority over radiation-emitting electronic products, and FDA has promulgated several performance standards for such products pursuant to this authority. The regulations with respect to which you seek enforcement action require manufacturers of certain electronic products to provide certain information to assemblers and users of these products. 21 CFR 1020.30(g), (h), 1020.33(c), 1040.10(h). You also request enforcement of 21 CFR 820.170, which requires manufacturers of devices requiring installation to provide certain information to the persons installing the device. To help manufacturers understand and comply with some of these requirements, FDA issued a guidance document on September 5, 2003, entitled ""Guidance for Industry and FDA Staff: Information Disclosure by Manufacturers to Assemblers for Diagnostic X-ray Systems,"" available at http://www.fda.gov/ downloads",
FDA-2007-P-0417-0004,FDA-2007-P-0417,FDA/CDRH  to Consumers Union - Petition Denial,Consumers Union,CDRH,Denied,Procedural - Administrative Deficiency,high,"administrative, regulation, format","mplant is likely to need to be replaced. We have reviewed the infonnation in your submission and, in accordance with 21 C.F.R. § 10.30(e)(3), address your request in this response. We agree that patients should have infonnation about the risks of infection and expected lifespan ofdevices and have made additional information about implantable devices available through our web site. We are concerned, however, thatyour proposal is not the most appropriate nieans ofachieving your stated goals. Therefore, for the reason discussed below, we are denying your Petition. I. Request for Action and Legal Basis of the Petition 1 Your Petition states that it is being submitted under section 4(d) ofthe Administrative Procedure Act, 5 . U.S.c. 553(e), 21 C.F.R. 10.25,21 C.F.R. Part 202, and Pub. L. No. 110-85 (Sec. 901(d), creating a new FbcA section 503B, Pre-review ofTelevision Advertisements); however FDA regulations regarding the submission of citizen petitions are found at 21 C.F.R. § 10.30. ~el Page - 2 - Mr. William Vaughan In",
FDA-2007-P-0464-0003,FDA-2007-P-0464,FDA to Mr. Ralph D. Childs - Petition Denial,Ralph D. Childs,CDRH,Denied,Procedural - Administrative Deficiency,high,"21 cfr 10, cfr 10, regulation","uring that FDA will enforce medical device laws. We are denying all ofthe requests in your petition. As your request indicates, 21 USC 360hh et seq. give FDA authority over radiation-emitting electronic products, and FDA has promulgated several performance standards for such products pursuant to this authority. The regulations with respect to which you seek enforcement action require manufacturers of certain electronic products to provide certain information to assemblers and users ofthese products. 21 CFR 1020.30(g), (h), 1020.33(c), 1040.10(h). You also request enforcement of 21 CFR 820.170, which requires manufacturers of devices requiring installation to provide certain information to the persons installing the device. To help manufacturers understand and comply with some of these requirements, FDA issued a guidance document on September 5,2003, entitled ""Guidance for Industry and FDA Staff: Information Disclosure by Manufacturers to Assemblers for Diagnostic X-ray Systems,"" available at http://www.fda.gov/ downloads/M",
FDA-2002-P-0044-0001,FDA-2002-P-0044,Petition Denial from FDA Associate Commissioner fo,FDA Associate Commissioner fo,,Denied,Procedural - Administrative Deficiency,high,"21 cfr 10, cfr 10, regulation","bkJNS[qVSG' 
DEPARTMENT OF 1&LTH AND HUMAN SERVICES 
x 
ar+7u 
Public: Health Service 
Food and Drug Administration 
Rockville, MD 
Roger Lane Carrick 
The Carrick Law Group 
Attorneys for Petitioner 
American Environmental Safety Institute 
350 South Grand Avenue, Suite 2930 
Los Angeles, California 90071 
Dear Mr . Carrick : 
Re : Docket No . 2002P-0211/CP 1 
This letter is in response to your citizen petition, dated May 7, 2002, requesting the Food and 
Drug Administration (FDA) establish maximum permitted levels of the metals lead and 
cadmium in wholesale and retail chocolate products . Specifically, you requested that FDA 
amend the standards of identity of cacao products (Title 21 of the Code of Federal 
Regulations part 163 (21 CFR part 163)) to establish that no form of cocoa or chocolate 
product may contain more than 0.02 parts-per-million of lead and 0.02 parts-per-million of ' 
cadmium. 
In accordance with 21 CFR 10.30(e)(3), and for the reasons stated below, this letter i",https://www.regulations.gov/document/FDA-2002-P-0044-0001
FDA-2002-P-0004-0002,FDA-2002-P-0004,Petition Denial Letter from FDA Associate Commissi,FDA Associate Commissi,ORA,Denied,Other Denial Reason,low,,"80-120%. CVM is asked to specifically allow for consideration of bioequivalence for a generic product if the 90% confidence intervals about the mean calculated for Cmax are within the limits of 70% to 130% for untransformed data in situations with complex absorption kinetics, situations where the reference product has a highly variable Cmax or where, based on clinical evidence, Cmax has little therapeutic or toxic implication. For the reasons described below, your petition is denied. Under the Generic Animal Drug Patent Term Restoration Act (GADPTRA),Lu1 an application for a generic animal drug must show that the product has the same active ingredients as the approved animal drug product and, with limited exceptions, that it is bioequivalent to the approved animal drug product. Ensuring this interchangeability for all products approved as abbreviated new animal drug applications (ANADAs) is the goal of the agency’s generic drug review process. Since there can ultimately be several marketed generic versions of a single pio",https://www.regulations.gov/document/FDA-2002-P-0004-0002
FDA-2002-P-0004-0003,FDA-2002-P-0004,Petition Denial Letter from FDA Associate Commissi,FDA Associate Commissi,ORA,Denied,Other Denial Reason,low,,"80-120%. CVM is asked to specifically allow for consideration of bioequivalence for a generic product if the 90% confidence intervals about the mean calculated for Cmax are within the limits of 70% to 130% for untransformed data in situations with complex absorption kinetics, situations where the reference product has a highly variable Cmax or where, based on clinical evidence, Cmax has little therapeutic or toxic implication. For the reasons described below, your petition is denied. Under the Generic Animal Drug Patent Term Restoration Act (GADPTRA),“l, an application for a generic animal drug must show that the product has the same active ingredients as the approved animal drug product and, with limited exceptions, that it is bioequivalent to the approved animal drug product. Ensuring this interchangeability for all products approved as abbreviated new animal drug applications (ANADAs) is the goal of the agency’s generic drug review process. Since there can ultimately be several marketed generic versions of a single pio",https://www.regulations.gov/document/FDA-2002-P-0004-0003
FDA-2005-P-0125-0004,FDA-2005-P-0125,Petition Denial from FDA CDER to James Salsman,FDA CDER to James Salsman,CDER,Denied,Procedural - Administrative Deficiency,medium,"regulation, previously","restricted to Rx-only status when FDA finds that ""because of its toxicity or other potentiality for harmful effect, or the method of its use, or the collateral measures necessary to its use, [it] is not safe for use except under the supervision of a practitioner licensed by law to administer such drug"" (21 U.S .C: 353(b)(1)) . In addition, section 503(b)(3) of the Act provides that the Agency may by regulation remove a drug subject to section 505 of the Act (21 U.S .C . 355, governing approval of new drugs) from prescription-only status when prescription-only requirements are deemed not necessary for the protection of the public health. For a drug to be legally marketed (whether Rx-only or OTC), the safety and efficacy standards set forth in section 505 of the Act must be met. Under the Act, two different mechanisms allow FDA to switch a drug from Rs to OTC status . First, as stated previously, the Act explicitly provides us with the authority to issue a regulation changing the status of an R1c drug to an OTC drug (see 21 U",https://www.regulations.gov/document/FDA-2005-P-0125-0004
FDA-2008-P-0309-0011,FDA-2008-P-0309,Petition Denial Letter,,,Denied,Procedural - Administrative Deficiency,medium,format,"dequate scientific basis on reasonable grounds. After careful review and consideration of the information submitted in your Petitions, the comments received in response to the Petitions, and review of additional scientific information, this letter is to advise you that FDA is denying your Petitions. FDA did not find that the data submitted presented conclusive evidence of a causal association between talc use in the perineal area and ovarian cancer. For this reason and for the additional reasons described below, FDA is denying your Petitions. Page 2 - Dr. Epstein I. Discussion The basis of your request, throughout both Petitions, can be summarized as comprising three major points: 1. Talc may be associated with asbestos. 2. Talc is a carcinogen based on the findings of a 1993 National Toxicology Program study. 3. Epidemiological studies confirm the causal relation between genital application of talc and ovarian cancer, and the protective effect of tubal ligation or hysterectomy, preventing the translocation of talc t",https://www.regulations.gov/document/FDA-2008-P-0309-0011
FDA-2008-P-0444-0005,FDA-2008-P-0444,FDA CDRH to Codonics Inc    Petition Denial,Codonics Inc    Petition Denial,CDRH,Denied,Procedural - Administrative Deficiency,high,"administrative, 21 cfr 10, cfr 10","e within the discretion ofthe agency. Therefore, we are denying your request that FDA initiate enforcement action against DatCard Systems, Inc. An agency denial of a request to take enforcement action does not constitute final administrative action. See 21 CFR 10.45. We appreciate the infonnation that you provided. Such information is often helpful for us to identify problems with marketed products and possible violations of the laws and regulations that we enforce. We take complaints seriously, and we will evaluate this matter to determine what follow-up action is appropriate. Decisions with respect to initiating enforcement actions are generally made on a case-by-case basis. Sincerely, /.L c.. C---~ H. Charles Cathlin, Jr. Chief, Radiology, Anesthesiology and Neurology Devices Branch Office of Compliance Center for Devices and Radiological Health",https://www.regulations.gov/document/FDA-2008-P-0444-0005
FDA-2009-P-0111-0004,FDA-2009-P-0111,FDA to Mr  Thomas J  Quinn   Petition Denial,Mr  Thomas J  Quinn   Petition Denial,,Denied,Procedural - Administrative Deficiency,high,"21 cfr 10, cfr 10, regulation","compliance with 21 CFR 1020.30 -32 and 820.170."" We are denying your request. Requests for the Agency to initiate enforcement actions are not within the scope of FDA's citizen petition procedures. See 21 CFR 10.30(k). In general, decisions with respect to initiating enforcement actions are made on a case-by-case basis and are within the discretion of the Agency. When concerns about individual manufacturer compliance with these regulations arise, FDA carefully reviews the concerns and, as appropriate, seeks further information, e.g., through inspections. In some cases, no violation will be identified. When there has been a violation, sometimes the issues brought to our attention will be resolved successfully through voluntary compliance; in other instances FDA will initiate an enforcement action. If you have any questions regarding this response, please contact Myrna Hanna of our Regulations Staff at (301) 796-5739. Sincerely yours, David J. Horowitz, J.D. Assistant Commissioner for Policy",https://www.regulations.gov/document/FDA-2009-P-0111-0004
FDA-2011-P-0609-0003,FDA-2011-P-0609,FDA CFSAN to Elizabeth Kohler Petition Denial,Elizabeth Kohler Petition Denial,CFSAN,Denied,Procedural - Administrative Deficiency,high,"administrative, regulation, format","FR 10.30(e)(3), and for the reasons stated below, we are denying your petition. FDA does not have authority1 under the Federal Food, Drug, and Cosmetic Act (FD&C Act) [21 U.S.C. 321 et seq.] to take the action you requested. While the FD&C Act authorizes FDA to regulate cosmetics as defined in section 201(i) of the FD&C Act [21 U.S.C. 321(i)], it does not authorize FDA to ""order"" specific salon professionals or cosmetic manufacturers to deliver product information or samples to another party, including a specific health professional. The Administrative Procedure Act (AP A) (Public Law 79-404) defines the term ""order"" as the whole or part of a final disposition, whether affirmative, negative, injunctive, or declaratory in form, of an agency in a matter other than rulemaking, but including licensing (5 U.S.C. 551 (6)). In accordance with the APA's definition ofthe term ""order,"" FDA's Administrative Practices and Procedures regulation (21 CFR Part 1 0) defines the term ""order"" as the final agency disposition, other than the i",https://www.regulations.gov/document/FDA-2011-P-0609-0003
FDA-2011-P-0671-0005,FDA-2011-P-0671,Final Response from FDA CDER to William McPike  Es,FDA CDER to William McPike  Es,CDER,Denied,Procedural - Already Addressed/Moot,medium,adequate,"estigations and proposed drug labeling to FDA for review.8 In 1962, Congress amended the FD&C Act to require manufacturers of new drugs to submit to FDA additional evidence, including adequate and well-controlled clinical investigations, establishing that their drugs are not only safe but also effective under “the conditions of use prescribed, recommended, or suggested in their labeling.”9 In both the 1938 and the 1962 laws, Congress exempted drugs that met the requirements of narrow exemptions from certain provisions of the FD&C Act. Because you assert that bulk cannabis and cannabis tincture are subject to the pre-1938 exemption, we will not discuss the 1962 exemption further. Section 201(p)(1) of the FD&C Act (21 U.S.C. 321(p)(1)), which includes language that codifies the pre-1938 exemption, states, in relevant part, that “new drug” means: (1) Any drug … the composition of which is such that such drug is not generally recognized, among experts qualified by scientific training and experience to evaluate the safety",https://www.regulations.gov/document/FDA-2011-P-0671-0005
FDA-2011-P-0734-0003,FDA-2011-P-0734,FDA CDER Response to Richard J Miller   Petition D,Richard J Miller   Petition D,CDER,Denied,Procedural - Administrative Deficiency,high,"21 cfr 10, cfr 10, regulation",". 4). As a result, you request that FDA conduct a review of GPSI to determine whether adulterated products have been sold for many years and take enforcement action against GPSI for failure to adhere to repackaging requirements (Petition at pp. 1, 4). Decisions with respect to initiating enforcement action are generally made by the Agency on a case-by-base basis and are within the discretion of the Agency. Requests for the Agency to initiate enforcement actions are not within the scope of FDA's citizen petition procedures (see 21 CFR 10.30(k)). Accordingly, this request is not an appropriate request for a citizen petition. Therefore, the petition is denied. Woodcock, M.D. Director Center for Drug Evaluation and Research Docket No. FDA-2011-P-0734 We nevertheless appreciate the information you provided. This information is often helpful for us to identify problems with marketed products and possible violations of the laws and regulations that we enforce. We take complaints seriously, and we will evahlate this matter to de",https://www.regulations.gov/document/FDA-2011-P-0734-0003
FDA-2012-P-0317-0010,FDA-2012-P-0317,Citizen Petition Denial Response from FDA CDER to ,FDA CDER to,CDER,Denied,Procedural - Premature/Pending,medium,"prior to, format","nnovator sponsor submitted in support of the BLA"" because, ""[ w]ere it not for those trade secrets[,] ... there would be no pioneer biologic for the biosimilar sponsor to reference.""9 The Petition claims that Abbott and other manufacturers who submitted their BLAs to FDA prior to enactment of the BPCI Act ""reasonably expected - on the basis of applicable law and agency statements - that the trade secrets and confidential commercial information contained in their applications would not be used to benefit a competitor"" through approval of another company's product. 10 The Petition further claims that FDA's use of the trade secrets in pre-enactment sponsors' BLAs to support approval of competitor products would frustrate these sponsors' investment-backed expectation regarding their property and would constitute a taking under the Fifth Amendment to the U.S. Constitution that requires just compensation.'' The Petition asserts that FDA should not implement the BPCI Act in any manner that would raise this constitutional issue an",https://www.regulations.gov/document/FDA-2012-P-0317-0010
FDA-2012-P-0299-0008,FDA-2012-P-0299,Citizen Petition Denial Response from FDA CVM to S,FDA CVM to S,CVM,Denied,Procedural - Administrative Deficiency,high,"regulation, format","additional information, which FDA has taken into consideration. The petition requests that FDA adopt regulations that impose the following requirements:  “No horse or horse meat shall be approved for human consumption in America, or for export intended for human consumption elsewhere” unless records accompanying the horse or horse meat attest to all the horse's prior owners and provide a record of all drugs, treatments and substances administered to the horse since birth and unless an FDA inspector reviews these records and verifies that “no prohibited or potentially dangerous substances have been administered to the horse” during its life.  “All substances, including ‘new animal drugs’ and approved drugs, shall be considered ‘potentially dangerous substances’ if there is scientific evidence that ingestion of horse meat containing these substances, by any significant percentage of the human population, could cause detrimental health consequences to that group of individuals.”  “Any horse meat or horse intend",https://www.regulations.gov/document/FDA-2012-P-0299-0008
FDA-2012-P-1179-0017,FDA-2012-P-1179,Citizen Petition Denial Response from FDA CFSAN to,FDA CFSAN to,CFSAN,Denied,Procedural - Administrative Deficiency,high,"regulation, format","ater. In accordance with 21 CFR 1 0.30( e )(3 ), we are denying your petition for the reasons stated below. Any substance that is reasonably expected to become a component of food is a food additive that is subject to premarket approval by FDA, unless the substance is generally recognized as safe (GRAS) among experts qualified by scientific training and experience to evaluate its safety 1 We note that your petition is missing some of the elements required in 21 CFR I 0.30(b) for a citizen petition. Because your petition is requesting the FDA to issue a regulation, it is required by § I 0.30(b )(A)( I) to include the exact wording of the proposed regulation. Your petition did not contain the wording of the proposed regulation. Your petition also did not include a claim of categorical exclusion or environmental assessment as required by § 10.30(b)(C). However, even if your petition provided this information, we would still deny it for the reasons stated in our response. Page 2 - Jack M. Saroyan, DDS under the conditions of",https://www.regulations.gov/document/FDA-2012-P-1179-0017
FDA-2012-P-1112-0012,FDA-2012-P-1112,Citizen Petition Denial Response from FDA CDER to ,FDA CDER to,CDER,Denied,Procedural - Administrative Deficiency,medium,format,"/PRC This letter responds to your petition for reconsideration received on January 26, 2015 (Reconsideration Petition). The Reconsideration Petition requests that the U.S. Food and Drug Administration (FDA or Agency) reconsider its January 13, 2015, response (Original Petition Response) denying the petition that you submitted on November 2, 2012 (Original Petition). The Original Petition requested that FDA permit the filing of an Abbreviated New Drug Application (ANDA) for the following drug product: Ibuprofen Orally Disintegrating Tablets, 100 mg. The listed drug product to which you referred in your Original Petition is OTC Mon·in Junior Strength® (Ibuprofen) Chewable Tablets, approved under NDA 020601 and held by McNeil. FDA has considered the information submitted in the Reconsideration Petition. For the reasons described below, FDA denies the Reconsideration Petition. I. BACKGROUND The Original Petition requested a change in dosage form from that of the listed drug product (i.e., from chewable tablets to orally disi",https://www.regulations.gov/document/FDA-2012-P-1112-0012
FDA-2014-P-1429-0005,FDA-2014-P-1429,Citizen Petition Denial Response from FDA CFSAN to,FDA CFSAN to,CFSAN,Denied,Other Denial Reason,low,,"to natamycin to cause a reaction. We conducted a review of the scientific literature in the Pubmed database (http://www.ncbi.nlm.nih.gov/pubmed) and found no case reports of allergic reactions to natamycin used as a drug or ingredient in food. Although allergic reactions to the macrolide class of antibiotics Page 2 - Mr. Oliver Boudreaux have been reported, these reactions are not as common as reactions occurring to other antibiotics.' Moreover, evidence that reactions may occur to therapeutic doses of certain macrolides is not a valid scientific argument to justifY your claim that reactions from exposure to another macrolide, natamycin, used in food processing, in which dose exposures are substantially altered and comparatively lower, would be likely to occur. Accordingly, for the reasons given above, your request that the Commissioner deny or take under advisement action on GRN No. 517 and any future filings to classify natamycin as GRAS is denied. Please work closely with your physician to identify the specific cause(s)",https://www.regulations.gov/document/FDA-2014-P-1429-0005
FDA-2014-P-2301-0004,FDA-2014-P-2301,Citizen Petition Denial Response from FDA CDER to ,FDA CDER to,CDER,Denied,Procedural - Administrative Deficiency,high,"format, submission, outside","ired to consider these documents, the Agency has reviewed them. 7 Petition at 3. 8 Letter from Woodcock, J., Docket No. FDA-2014-P-0933 (Nov. 26, 2014) at 8. 9 Letter from Woodcock. J., Docket No. FDA-2015-P-1050 (Apr. 16, 2015) at 43. 2 Docket No. FDA 2014-P-2301 courtesy, that response included a substantive explanation regarding the issues raised in Teva's prior citizen petitions. 10 FDA discussed Teva's submission of clinical information regarding Probioglat in the Agency's response to the Eighth Petition. 11 As set forth more fully in that response, FDA concluded that a proposed generic drug product referencing Copaxone could establish active ingredient sameness by demonstrating equivalence in four specified criteria. FDA stated that the Agency had considered Teva's assertions about toxic side effects associated with ""glatiramer-like"" products that had been reviewed by regulatory bodies outside of the United States (like Probioglat) or otherwise not approved by the Agency. Regardless of the accuracy ofTeva's asser",https://www.regulations.gov/document/FDA-2014-P-2301-0004
FDA-2014-P-1694-0004,FDA-2014-P-1694,Suitability Petition Denial Response Letter from F,F,ORA,Denied,Procedural - Administrative Deficiency,high,"21 cfr 10, cfr 10, regulation","12(n)(3)(C) of the Act. If you wish to seek a reconsideration of our decision, you must follow the procedures found in 21 CFR Part 10 and submit the request in the format outlined in section 10.33 no later than 30 days after the date of this letter to Division of Dockets Management, HFA-305, Food and Drug Administration, 5630 Fishers Lane, Room 1061, Rockville, MD 20852. You must base your request solely on the information contained in your original petition (see 21 CFR 10.33(e)). If there is additional information, not included as part of your original petition that you would like us to consider, you should submit a new petition, including all the necessary information, under section 10.25(a) to the Division of Dockets Management. A copy of this letter denying your petition will be placed on public display at www.regulations.gov with the Division of Dockets Management (HFA-305), Food and FDA-2014-P-1694 Page 2 Drug Administration, 5630 Fishers Lane, Room 1061, Rockville, MD 20852. If you have any questions, please con",https://www.regulations.gov/document/FDA-2014-P-1694-0004
FDA-2014-P-0752-0003,FDA-2014-P-0752,Petition Denial Letter from FDA CDER to Pharmacist,FDA CDER to Pharmacist,CDER,Denied,Other Denial Reason,low,,"rug is: a drug intended for use by man which (a) because of its toxicity or other potentiality for harmful effect, or the method of its use, or the collateral measures necessary to its use, is not safe for use except under the supervision of a practitioner licensed by law to administer such drug; or (b) is limited by ail approved application under section 505 to use under the professional supervision of a practitioner licensed by law to administer such drug ... 1 You have not explained what a category of drugs called ""Pharmacists Category of Drugs Behind the Counter"" would specifically entail, other than that drugs placed in this category would ""be sold only under a pharmacist's supervision,"" but we refer to this category as a category of""behind the counter"" or ""BTC"" drugs in this response because these terms appear to refer to the same concept. You request that FDA regulate certain drugs as both prescription and BTC, which implies that the BTC category of drugs would be a subset of nonprescription drugs. Petitions at 1-2",https://www.regulations.gov/document/FDA-2014-P-0752-0003
FDA-2014-P-1057-0004,FDA-2014-P-1057,Petition Denial Letter from FDA CDER to Pharmacist,FDA CDER to Pharmacist,CDER,Denied,Other Denial Reason,low,,"rug is: a drug intended for use by man which (a) because of its toxicity or other potentiality for harmful effect, or the method of its use, or the collateral measures necessary to its use, is not safe for use except under the supervision of a practitioner licensed by law to administer such drug; or (b) is limited by ail approved application under section 505 to use under the professional supervision of a practitioner licensed by law to administer such drug ... 1 You have not explained what a category of drugs called ""Pharmacists Category of Drugs Behind the Counter"" would specifically entail, other than that drugs placed in this category would ""be sold only under a pharmacist's supervision,"" but we refer to this category as a category of""behind the counter"" or ""BTC"" drugs in this response because these terms appear to refer to the same concept. You request that FDA regulate certain drugs as both prescription and BTC, which implies that the BTC category of drugs would be a subset of nonprescription drugs. Petitions at 1-2",https://www.regulations.gov/document/FDA-2014-P-1057-0004
FDA-2014-P-1569-0003,FDA-2014-P-1569,Petition Denial Letter from CDER to Pharmacists Pl,CDER to Pharmacists Pl,CDER,Denied,Other Denial Reason,low,,"rug is: a drug intended for use by man which (a) because of its toxicity or other potentiality for harmful effect, or the method of its use, or the collateral measures necessary to its use, is not safe for use except under the supervision of a practitioner licensed by law to administer such drug; or (b) is limited by ail approved application under section 505 to use under the professional supervision of a practitioner licensed by law to administer such drug ... 1 You have not explained what a category of drugs called ""Pharmacists Category of Drugs Behind the Counter"" would specifically entail, other than that drugs placed in this category would ""be sold only under a pharmacist's supervision,"" but we refer to this category as a category of""behind the counter"" or ""BTC"" drugs in this response because these terms appear to refer to the same concept. You request that FDA regulate certain drugs as both prescription and BTC, which implies that the BTC category of drugs would be a subset of nonprescription drugs. Petitions at 1-2",https://www.regulations.gov/document/FDA-2014-P-1569-0003
FDA-2014-P-0231-0004,FDA-2014-P-0231,Citizen Petition Response Letter from FDA CDRH  to,FDA CDRH  to,CDRH,Denied,Procedural - Administrative Deficiency,medium,"regulation, current","-0002 The Food and Drug Administration (FDA) has reviewed the above referenced petition for class II exemption pursuant to section 510(m)(2) of the Federal Food, Drug, and Cosmetic Act (FD&C Act) as amended by Section 206 of the FDA Modernization Act of 1997 (FDAMA). Portable wheelchair elevators are currently regulated as class II devices requiring premarket notification (51 O(k)) under Section 51 O(k) of the Act. This petition seeks exemption from premarket notification for these devices, having the device classification name Wheelchair elevator, regulation number 21 CFR 890.3930(b), and product code lNG, and specifically modifying the regulation of this device type from a class II medical device to a class II (exempt) medical device. In order to exempt portable wheelchair elevators from premarket notification, FDA must consider whether premarket notification is necessary to provide a reasonable assurance of safety and effectiveness for these devices. FDA believes that general controls (e.g., Registration and Listing, a",https://www.regulations.gov/document/FDA-2014-P-0231-0004
FDA-2015-P-4916-0005,FDA-2015-P-4916,Petition Denial Letter 12 9 16,,,Denied,Procedural - Administrative Deficiency,medium,regulation,"% Base/0.017%, as a second RLD (Petition at 1 ). Because you are requesting that FDA designate a generic 3 § 314.3(b) (21 CFR 314.3(b)). The definition of listed drug in 21 CFR 314.3(b) refers to section 5050)(5) of the FD&C Act with respect to withdrawal or suspension of a drug product approved under section 5050). We note that since this regulation was issued, paragraph U)(5) was redesignated as paragraph U)(6) (see section 119(b) of the Food and Drug Administration Modernization Act, Public Law I 05-115). 4 § 314.3(b). 5 Id. 6 See Letter from Janet Woodcock, M.D., Director, Center for Drug Evaluation and Research, FDA, to Paul A. Braier, Ph.D., Esq., Green blum & Bernstein, P.L.C., Docket No. FDA-20 14-P-0417 (Sept. 5, 20 14) (Sept. 5, 20 14 Petition Response). 7 § 314.94(a)(3) (21 CFR 314.94(a)(3)). 8 According to the Orange Book, FDA classifies as therapeutically equivalent those products that meet the following general criteria: (I) they are approved as safe and effective; (2) they are pharmaceutical equivalents in",https://www.regulations.gov/document/FDA-2015-P-4916-0005
FDA-2015-P-3364-0004,FDA-2015-P-3364,Citizen Petition Denial  Response from FDA CDRH to,FDA CDRH to,CDRH,Denied,Procedural - Administrative Deficiency,medium,format,"nistration (FDA or the Agency) has completed its review of your citizen petition, filed by FDA on September 14, 2015. In the petition, you requested that the Commissioner direct employees of CDRH to complete and return ""return receipt"" postcards when they receive certified or registered letters with the green return receipt postea rds attached. We have reviewed the information you provided to FDA, consulted with the CDRH mail room staff, and determined that CDRH employees complete and return ""return receipt"" postcards when they receive certified or registered mail. CDRH Document Control Center (DCC) standard operating procedures reflect this policy. I. Petition The example cited in your petition describes a delay in your receiving the U.S. Postal Service's return receipt postcard for a letter that you mailed to Leslie Kux, Associate Commissioner for Policy on August 13, 2015. We are sorry that if, in the example you cited, the return receipt postcard response reached you later than expected. The return receipt was signed",https://www.regulations.gov/document/FDA-2015-P-3364-0004
FDA-2015-P-2149-0003,FDA-2015-P-2149,Citizen Petition Denial Response Letter from FDA C,FDA C,,Denied,Procedural - Administrative Deficiency,high,"regulation, format","l information about drug and vaccine labeling. 5 Because we are denying your request for a regulation, your request for ""the inclusion in the package insert[s] for ... approved drug[s], including vaccine[s], of a reference and link to the [requested] regulation"" is also denied (Petition at 1 ). C. Request for Hearings You also request that FDA hold hearing(s), permit public comments, issue permanent regulations (consistent with our expressive association rights and humanitarian law) implementing the emergency discretion and emergency [requested] regulation on a regular basis. Because we are denying your request for a regulation, we are denying your request to hold hearings, permit public comments, and issue regulations implementing the requested emergency regulation III. CONCLUSION For the reasons described in this response, the Petition is denied. Sincerely, oodcock, M.D. Director Center for Drug Evaluation and Research 4 Drug labeling information can be found, for example, at the National Institutes for Health's U",https://www.regulations.gov/document/FDA-2015-P-2149-0003
FDA-2015-P-3391-0006,FDA-2015-P-3391,Denial Letter from CFSAN to Ashley Franz  Patricia,CFSAN to Ashley Franz  Patricia,CFSAN,Denied,Procedural - Administrative Deficiency,high,"21 cfr 10, cfr 10, regulation","within the discretion of the agency. Therefore, we are denying your petition under 21 CFR 10.30 and do not intend to take action at this time regarding Nivea CoQl 0. Thank you for providing information to the FDA. Such information is often helpful for us to identify problems with marketed products and possible violations of the laws and regulations that we enforce. Sincerely, Steven M. Musser, Ph.D. Deputy Director for Scientific Operations Center for Food Safety and Applied Nutrition cc. Gerona Berry, HFS-024 Stanley Milstein, HFS-1 00 Nakissa Sadrieh, HFS-125 Sam Habet, HFS-125 Katherine Hollinger, HFS-125 Rosemary Cook, HFS-1 00 Beth Meyers, HFS-125 Phil Chao, HFS-024 Amanda Triner, HFS-024 Ariel Seely, HFD-310 eFiling DCS Draft: KHollinger&FHurley:HFS-125: I 0115/2015 Edited/Revised: NSadrieh: HFS-125: 12/18/2015 Edited/Revised: ATriner:HFS-024:2/24/20 16 Reviewed/Cleared: SHabet:HFS-125 :2/25/2016 Cleared:NSadrieh:HFS-125 :2/25/2016 Cleared:LMKatz:HFS-1 00:2/25 /2016 F/T: SRussell: HFS-100:02/25/2016",https://www.regulations.gov/document/FDA-2015-P-3391-0006
FDA-2015-P-0543-0012,FDA-2015-P-0543,Final Response Letter from FDA CDER to Gland Pharm,FDA CDER to Gland Pharm,CDER,Denied,Procedural - Already Addressed/Moot,high,"regulation, current, adequate","ion, 1 mcg/ml and 2 mcg/ml, as an additional RLD because of the formulation differences between AbbVie's Calcijex and the approved generic products for calcitriol injection (Petition at 2). The Petition notes that the approved ANDAs for calcitriol injection contain different ""non-exception excipients"" compared to Calcijex and therefore FDA must designate an approved ANDA as an additional RLD to allow generic competition to the approved generic product (Petition at 2-3). The Petition also notes that AbbVie's Calcijex has been discontinued from sale and that the only currently marketed generic product for calcitriol injection is Akorn's calcitriol injection, 1 mcg/ml, under ANDA 078066 (Petition at 3). 5 The regulations address the use of excipients that were not expected to be adequately addressed in the ANDA context (e.g., unfamiliar excipients or excipients of a type more likely to raise safety concerns for parenteral drugs). It seems apparent that neither FDA nor commenters on the proposed rule anticipated that an ANDA app",https://www.regulations.gov/document/FDA-2015-P-0543-0012
FDA-2015-P-1187-0004,FDA-2015-P-1187,Final Response Letter from FDA to U S  Right to Kn,FDA to U S  Right to Kn,,Denied,Procedural - Administrative Deficiency,high,"21 cfr 10, cfr 10","deral Food, Drug, and Cosmetic Act (the FD&C Act) because the term ""diet"" is false and misleading; (2) issue a warning letter to PepsiCo Inc. concluding that Diet Pepsi is misbranded because the use of the term ""diet"" is false and misleading; (3) take appropriate enforcement actions under the FD&C Act if such violations are not corrected; and (4) investigate the use of the term ""diet,"" and other terms implying weight loss in other artificially sweetened foods and beverages, to determine whether those products are misbranded under section 403 ofthe FD&C Act (FDA-2015-P-1187 at page 1). The petition also asks us to conduct ""a sweeping investigation ofproducts containing artificial sweeteners"" to determine whether any brand names or labels are false or misleading ""by representing or suggesting that they are 'diet' products or that they promote weight loss"" (FDA-2015-P-1187 at page 1). We appreciate your concern about the appropriate labeling of food products. However, in accordance with 21 CFR 10.30(e)(3) and (k), and as detai",https://www.regulations.gov/document/FDA-2015-P-1187-0004
FDA-2016-P-1288-0020,FDA-2016-P-1288,Petition Denial Letter from FDA DDM to Fluoride Ac,FDA DDM to Fluoride Ac,,Denied,Substantive - Outside FDA Authority,high,"submission, lack, jurisdiction","CFR 1 0.30) generally governs the submission and review of citizen petitions. Per § 1 0.30(k), § 10.30 does not apply to ''the referral of a matter to a United States attorney for the initiation of court enforcement action and related correspondence . ... "" Agency decisions to take enforcement action are decisions related to the referral of a matter to a United States attorney for the initiation of court enforcement action for violations of the FD&C Act. Accordingly, requests for the Agency to initiate enforcement actions are not within the scope of FDA's citizen petition 1 Courts have long recognized that they lack jurisdiction to enjoin FDA from initiating enforcement proceedings under the Act or to review agency decisions not to exercise its enforcement authority. See Heckler v. Chaney, 470 U.S. 821 (1985); Ewing v. Mytinger & Casselberry, Inc., 339 U.S. 594, 600-601 (1950). U.S. Food & Drug Admnistration 10903 New Hampshire Avenue Silver Spring, MD 20993 www fda gov",https://www.regulations.gov/document/FDA-2016-P-1288-0020
FDA-2016-P-0656-0005,FDA-2016-P-0656,Citizen Petition Denial Response Letter from FDA C,FDA C,,Denied,Other Denial Reason,low,,"pment. These include expedited programs (Priority Review Designation, Fast Track Designation, Accelerated Approval, and Breakthrough Therapy Designation), and other programs, such as orphan drug designation, which may qualify sponsors for certain financial incentives. Sponsors sometimes util ize a combination of these programs. Sponsors of drugs that would likely be considered precision medicines have been able to navigate the FDA approval process and take advantage of programs designed to expedite approval. Of the 76 novel new drugs approved between 2013 and 201 8 that would likely be considered precision medicines, 63 1 For more infonnation about novel new drugs approved each year, see New Drugs at FDA: CDER's New Molecular Entities and New Therapewic Biological Products, available at https://www.fda.gov/drugs/development-approval- process-drugs/new-drugs-fda-cders-new-molecular-entitics-and-new-therapeutic-biological-products. U.S. Food & Drug Adrrinistration 10903 New Harrpshire Avenue Silver Spring, M) 20993 www.fda.g",https://www.regulations.gov/document/FDA-2016-P-0656-0005
FDA-2016-P-0769-0007,FDA-2016-P-0769,Final Response Letter from FDA to Empire State Con,FDA to Empire State Con,,Denied,Procedural - Administrative Deficiency,medium,format,"o children for long-term use. We have carefully reviewed the information in your Petition and the comments submitted to the public docket for the Petition. For the reasons stated below, your Petition is denied. I. BACKGROUND A. PEG3350 PEG 3350 is an osmotic agent that retains water within the stool and, at large doses, produces an osmotic diarrhea. PEG 3350 is an active ingredient found in both approved prescription products (e.g., CoLyte, Moviprep, and GoLytely) and approved OTC products (e.g., MiraLAX). Generic versions exist for most of the approved prescription and OTC products, including MiraLAX. MiraLAX was initially approved as a prescription drug on February 18, 1999, for the treatment of occasional constipation (new drug application (NDA) 020698, submitted by Braintree Laboratories). On October 6, 2006, FDA approved a new MiraLAX NDA (NDA 022015) that switched the product from prescription to OTC status. The sole ingredient in MiraLAX is PEG 3350 (i.e., there are no inactive ingredients). The same is true for",https://www.regulations.gov/document/FDA-2016-P-0769-0007
FDA-2016-P-1398-0004,FDA-2016-P-1398,Citizen Petition Response to Dr  Hooman Noorchashm,Dr  Hooman Noorchashm,,Denied,Procedural - Administrative Deficiency,medium,"format, adequate, inadequate","the Agency, and for the reasons described below, we are denying your petition under 21 C.F.R. § 10.30(e)(3). I. Action(s) Requested In your petition, you specifically request that FDA “immediately revoke FDA clearance of this medical device on the basis of inadequate oncological safety information and testing.” According to your petition, FDA should either: “1) ban the device, or 2) reclassify it to a class III device and require PMA assessment.” 2 You further request that the Commissioner “seek active guidance from the FDA's Center for Hematology and Oncology Products for expert assessment of the CDRH's action regarding both the ‘power morcellator’ and ‘PneumoLiner’ devices.”3 II. Decision Summary For the reasons discussed below, we believe that the PnuemoLiner Containment System (PneumoLiner device) is appropriately classified in class II with the establishment of special controls in combination with general controls. We believe that these general and special controls provide a reasonable assurance of safety and effectivene",https://www.regulations.gov/document/FDA-2016-P-1398-0004
FDA-2016-P-1169-0015,FDA-2016-P-1169,Reconsideration Denial Letter,,,Denied,Procedural - Already Addressed/Moot,medium,previously,"te 770 Boca Raton, FL 33342 Re: Petition for reconsideration, FDA-2016-P-1169 Dear Mr. LaViola: We deny your Petition for Reconsideration-Decision Requested (FDA-2016-P-1169/CP) dated September 20, 2018. You requested reconsideration for permission to submit an abbreviated new animal drug application (ANADA) for methimazole disintegrating tablets for use in cats, which differs in dosage form from the reference listed new animal drug (RLNAD). The RLNAD is FELIMAZOLE® (methimazole) Coated Tablets, sponsored by Dechra, Ltd, under NADA 141-292. FELIMAZOLE® is approved for the treatment of hyperthyroidism in cats. Orally disintegrating tablet (ODT) is a new dosage form that has not been previously approved by FDA for use in cats. You need to conduct studies to demonstrate the safety and effectiveness for the proposed methimazole disintegrating tablets for use in cats. We deny your suitability petition under section 512(n)(3)(C) of the Federal Food, Drug, and Cosmetic Act, because the proposed change would require safety or",https://www.regulations.gov/document/FDA-2016-P-1169-0015
FDA-2016-P-2029-0027,FDA-2016-P-2029,Petition Denial Letter,,,Denied,Procedural - Administrative Deficiency,high,"before, 21 cfr 10, cfr 10","nowledges the importance of the issues it raises. We are denying your Petition to the extent it requests that FDA address through the citizen petition process whether a user fee waiver was obtained inappropriately. In considering the Petition's allegations, and before taking any potential action, CDER staff would need to engage in a process of fact gathering and further inquiry. Such a process could potentially require analysis of financial or other information to which restrictions on disclosure may apply. For these reasons, the actions you request are not available at this time, and the Petition is therefore denied. We also note that, to the extent your Petition requests that the FDA refrain from taking enforcement action against potassium chloride oral solution products, such requests are not properly the subject of a citizen petition under 21 CFR 10.30. As stated in 21 CFR 10.30(k), § 10.30 does not apply to ""referral of a matter to a United States attorney for the initiation of court enforcement action and related corre",https://www.regulations.gov/document/FDA-2016-P-2029-0027
FDA-2016-P-3195-0004,FDA-2016-P-3195,Denial Letter from CDRH  to Wood  Herron   Evans  ,CDRH  to Wood  Herron   Evans,CDRH,Denied,Procedural - Administrative Deficiency,high,"administrative, regulation, format","within the discretion of the agency. Therefore, we are denying your request that FDA initiate enforcement action against these devices manufactured or sold by Magnacoustics, Inc., as you have alleged and requested. An agency denial of a request to take enforcement action does not constitute final administrative action. See 21 CFR 1 0.45. We appreciate the infonnation that you provided. Such information is often helpful for us to identify problems with marketed products and possible violations of the laws and regulations that we enforce. We take complaints seriously, and we will evaluate this matter to detennine what follow-up action is appropriate. Decisions with respect to initiating enforcement actions are generally made on a case-by-case basis. U.S. Food & Drug Administration 10903 New Hampshire Avenue Silver Spring, MD 20903 www.fda.gov ~~ Lauren R. Silvis, JD Deputy Center Director for Policy Center for Devices and Radiological Health",https://www.regulations.gov/document/FDA-2016-P-3195-0004
FDA-2016-P-0134-0007,FDA-2016-P-0134,Petition denial letter from FDA CVM to Internation,FDA CVM to Internation,CVM,Denied,Procedural - Administrative Deficiency,high,"21 cfr 10, cfr 10, regulation","512(n)(3)(C) of the Act. If you wish to seek a reconsideration of our decision, you must follow the procedures found in 21 CFR Part 10 and submit the request in the format outlined in section 10.33 no later than 30 days after the date of this letter to Division of Dockets Management, HFA-305, Food and Drug Administration, 5630 Fishers Lane, Room 1061, Rockville, MD 20852. You must base your request solely on the information contained in your original petition (see 21 CFR 10.33(e)). If there is additional information, not included as part of your original petition that you would like us to consider, you should submit a new petition, including all the necessary information, under section 10.25(a) to the Division of Dockets Management. FDA-2016-P-0134/CP Page 2 A copy of this letter denying your petition will be placed on public display at www.regulations.gov with the Division of Dockets Management (HFA-305), Food and Drug Administration, 5630 Fishers Lane, Room 1061, Rockville, MD 20852. If you have any questions, please",https://www.regulations.gov/document/FDA-2016-P-0134-0007
FDA-2016-P-1246-0007,FDA-2016-P-1246,Response Letter from FDA DDM to the Working Group ,FDA DDM to the Working Group,,Denied,Procedural - Premature/Pending,medium,"before, format","f VVA symptoms: a. Genital bleeding is a concern because bleeding may be a sign of endornetrial cancer. b. Women with estrogen-sensitive breast cancer should consult with their oncologists before use of the product. 2. The warnings identified in the Women's Health Initiative (WHO trials of oral systemic (higher dose) hormone therapy should remain in the Warnings and Precautions section of the labeling in regular text and font, and the boxed warning should be removed.4 Petitioners further request that the patient package insert for low-dose vaginal estrogen products reflect the changes recommended for the prescribing information, using the wording provided in an editorial published in the journal Menopause.5 We have carefully considered the issues raised in the Petition. For the reasons stated below, the Petition is denied. I. BACKGROUND A. Vulyoyaginal Atrophy and Estrogen Therapy Menopause is a natural biological process in a woman's life when menses stop and the body produces less of the hormones estrogen and pro",https://www.regulations.gov/document/FDA-2016-P-1246-0007
FDA-2016-P-1169-0005,FDA-2016-P-1169,Petition Denial FDA 2016 P 1169,,,Denied,Procedural - Administrative Deficiency,high,"21 cfr 10, cfr 10, format","ange you propose_d for your generic drug product because the safety and effectiveness of a disintegrated dosage form has not been established in cats. As a result, the proposed change does require you to conduct investigations to demonstrate safety and/or effectiveness of the drug for its proposed intended uses. Therefore, the proposed change from the RLNAD is a change that cannot be granted through a suitability petition. We deny the petition. If you wish to seek a reconsideration of our decision, you must follow the procedures found in 21 CFR Part 10 and submit the request in the format outlined in section 10.33 no later than 30 days after the date of this letter to the Division of Dockets Management, HFA-305, Food and Drug Administration, 5630 Fishers Lane, Room 1061, Rockville, MD 20852. You must base your request solely on the information contained in your original petition (see 21 CFR 10.33(e)). If there is additional information, not included as part of your original petition that you would like us to consider, you",https://www.regulations.gov/document/FDA-2016-P-1169-0005
FDA-2016-P-1133-0003,FDA-2016-P-1133,Denial Response to Fox Rothschild LLP,Fox Rothschild LLP,,Denied,Procedural - Administrative Deficiency,high,"21 cfr 10, cfr 10","t page 2. In accordance with 21 CFR 10.30(e)(3), we are denying your petition in both respects. The Federal Food, Drug, and Cosmetic Act (""FD&C Act"") defines ""dietary supplement,"" in relevant part, as follows: (ff) The term ""dietary supplement"" ... (2) means a product that-- (A)(i) is intended for ingestion in a form described in section 350(c)(1)(B)(i) ofthis title; or (ii) complies with section 3 50( c )(1 )(B)(ii) of this title; (B) is not represented for use as a conventional food or as a sole item of a meal or the diet; and (C) is labeled as a dietary supplement ... 21 U.S.C. 321(ff). 1 The petition misquotes the statutory definition of ·'dietary supplement'"" in 21 U.S.C. 321(ff). The definition is quoted correctly in the following paragraph. Page 2 - Mrs. Jean W. Fryman Section 321 (ff)(2)(A) defines the route of administration and permissible forms for a dietary supplement. To be a dietary supplement, a product may either be ""intended for ingestion in a form described in"" 21 U.S.C. 350(c)(l)(B)(i), or may comply",https://www.regulations.gov/document/FDA-2016-P-1133-0003
FDA-2017-P-3330-0006,FDA-2017-P-3330,Dental Laser CP Final Response,,,Denied,Substantive - Outside FDA Authority,medium,scope,"ocket Number FDA-2017-P-3330 Citizen Petition to Review FDA's Decision, 510k Pre-Market Notification K151763 Dear : This letter responds to your request received on May 23, 2017 (Petition•), that the Food and Drug Administration (FDA) ""reconsider or suspend/revoke, if appropriate,"" Millennium Dental Technologies' (""Millennium"") 51o(k) clearance for the PerioLase d:YAG Pulsed Dental Laser System device (Dental Laser System) (K151763), on the alleged grounds that Millennium provided histologic data in its 51o(k) premarket notification that is ""heavily biased""2 and that ""none of the studies actually show [sic] bone regeneration""3. You also allege that Millennium is making misleading claims that FD A's 51o(k) clearance of the Dental Laser System implies superiority to conventional therapy ""in terms of [bone] regeneration""4• FDA interprets your request as asking FDA to initiate enforcement action against Millennium's Dental Laser System. Requests for the agency to initiate enforcement actions are not v.rithin the scope of FDA",https://www.regulations.gov/document/FDA-2017-P-3330-0006
FDA-2017-P-3468-0005,FDA-2017-P-3468,Petition Denial Letter from FDA CDER to Teligent P,FDA CDER to Teligent P,CDER,Denied,Other Denial Reason,low,,"of an ANDA for Nizoral (ketoconazole) cream 2%.9 Because the RLD has been moved to the Discontinued Drug Product List section of the Orange Book, and you are requesting, in part, that FDA designate a generic drug product as an RLD, we interpret your request as a request for FDA to select a therapeutically equivalent product as a reference standard for a proposed 4 Id. 5 See id. 6 § 314.94(a)(3) (2 1 CFR 314.94(a)(3)). 7 ""Therapeutic equivalents are approved drug products that are pharmaceutical equivalents for which bioequivalence has been demonstrated, and that can be expected to have the same clinical effect and safety profile when administered to patients under the conditions specified in the labeling""(§ 314.3(b)). 8 Abbreviated New Drug Applications and 505(b)(2) Applications, 81 FR 69580 at 69619 (Oct. 6, 2016). 9 In the Orange Book's monthly publication in May 2017, the listing for NDA 019084 was updated to reflect its RLD designation. 2 Docket No. FDA-2017-P-3468 generic drug product to use in conducting an in v",https://www.regulations.gov/document/FDA-2017-P-3468-0005
FDA-2017-P-3196-0074,FDA-2017-P-3196,Reconsideration Denial CP Response to Philip Spill,Philip Spill,,Denied,Procedural - Administrative Deficiency,high,"administrative, 21 cfr 10, cfr 10","r. Spiller: This responds to your petition for reconsideration dated November 13, 2017 (Petition for Reconsideration submitted by Philip Spiller, et al., to the Division of Dockets Management, Food and Drug Administration ('Reconsideration Petition"")). The Reconsideration Petition requests that the Food and Drug Administration (FDA or we) reconsider your October 13, 2017 response denying a citizen petition submitted by you and others to FDA on May 18, 2017 (Original Petition""). The Original Petition requested that FDA withdraw the fish consumption advice we issued jointly with the Environmental Protection Agency (EPA) on January 18, 2017, and issue new advice that has first been ""tested through randomized, controlled, experimental studies"" (Reconsideration Petition at page 1).1 The Reconsideration Petition states the request ""is made in accordance with the standards for reconsideration in 21 CFR 10.33, including that 'relevant inforrnation and views contained in the administrative record were not previously or adequately",https://www.regulations.gov/document/FDA-2017-P-3196-0074
FDA-2017-P-2733-0006,FDA-2017-P-2733,Response Letter from FDA CDER to Esophageal Cancer,FDA CDER to Esophageal Cancer,CDER,Denied,Procedural - Administrative Deficiency,medium,format,"hageal cancer (Petition at 1). We have carefully reviewed your Petition, comments submitted to the public docket (including the public comment submitted by Dr. Lipham dated October 3 1, 2017), and other information available to the Agency. For the reasons set forth below, your Petition is denied. 1. BACKGROUND a. OTC Drugs Labeled to Relieve or Prevent Heartburn Available OTC drug products labeled to relieve the symptoms of heartburn include antacids, histamine2 receptor antagonists (H2RAs), and proton pmnp inhibitors (PPIs). Antacids help to treat mild heartburn by reducing the stomach acid that causes heartburn. The Agency has issued a final monograph for OTC antacid products, and an OTC antacid product in a form suitable for oral administration is generally recognized as safe and effective and is not misbranded if it meets each of the conditions set forth in 21 CFR part 331 and each of the U.S. Food & Drug Administration 10903 New Harrpshire Avenue Silver Spring, MD 20993 w ww.fdagov Docket No. FDA-20 I 7-P-2733",https://www.regulations.gov/document/FDA-2017-P-2733-0006
FDA-2017-P-4335-0004,FDA-2017-P-4335,Response Letter from FDA CDRH to William Bonificio,FDA CDRH to William Bonificio,CDRH,Denied,Other Denial Reason,low,,"the Agency, and for the reasons described below, we are denying your request. I. Request for Action In your petition, you request that FDA change the classification of glutaraldehyde-based tooth desensitizers from devices to drugs. Alternatively, you request that FDA revoke the classifications as device.2 You explain hypersensitivity and common methods of resolving hypersensitivity by occluding dentin tubules to prevent stimuli from reaching the nerve. Then you describe glutaraldehyde as crosslinking proteins from saliva and tubule fluid and state that these proteins aggregate and plug the tubules.3 You provide the description of Gluma® Desensitizer PowerGel (K093575) as an example of your description.4 In support of your request, you specifically refer to the definitions of “drug” (section 201(g) of the Federal Food, Drug, and Cosmetic Act (FD&C Act); 21 U.S.C. 321(g)) and “device,” noting that a device “does not achieve its primary intended purposes through chemical action within or on the body of man or other anim",https://www.regulations.gov/document/FDA-2017-P-4335-0004
FDA-2017-P-3675-0005,FDA-2017-P-3675,Petition Denial Letter from FDA CDER to Teligent P,FDA CDER to Teligent P,CDER,Denied,Procedural - Already Addressed/Moot,medium,current,"plicant relies in seeking approval of its ANDA.4 Because an ANDA applicant is relying on FDA's finding that the RLD is safe and effective, the RLD is a drug product approved under section 505(c) ofthe FD&C Act for which FDA has made a finding of safety and effectiveness. II. DISCUSSION In the Petition, you request that FDA designate Hospira's nalbuphine hydrochloride injection (ANDAs 070914, 070915,070916, and 070918) as additional RLDs (Petition at 1). You state that the current RLDs for nalbuphine hydrochloride injection, Nubain, held by Par Pharmaceutical, Inc. (Par), under NDA 018024, are discontinued (Petition at 2). Thus, you state, an applicant seeking to submit an ANDA that identifies Nubain as the RLD ""is precluded from doing so because the RLD product NUBAIN is not available in the market to conduct product development studies .... ""(Petition at 2). As a preliminary matter, we note that an RLD generally is a drug product approved under section 505( c) of the FD&C Act based on full reports of investigations of s",https://www.regulations.gov/document/FDA-2017-P-3675-0005
FDA-2017-P-1002-0003,FDA-2017-P-1002,Denial Response from FDA CDRH to INRange Systems  ,FDA CDRH to INRange Systems,CDRH,Denied,Procedural - Administrative Deficiency,high,"administrative, 21 cfr 10, cfr 10","fe Integrating Technologies and Experiences Inc. because you allege that this device is neither cleared nor approved and is misbranded under section 502(0) of the Federal Food, Drug, and Cosmetic Act. Requests for the agency to initiate enforcement actions are not within the scope of FDA's citizen petition procedures. See Title 21, Code of Federal Regulations (CFR), 10.30(k). Such matters are within the discretion of the agency. Therefore, we are denying your request that FDA initiate enforcement action against Life Integrating Technologies and Experiences Inc. An agency denial of a request to take enforcement action does not constitute final administrative action. See 21 CFR 10.45. The information in the petition was forwarded to the Office of Compliance within the Center for Devices and Radiological Health (CDRH). The Office of Compliance will enter the information into the Allegation of Regulatory Misconduct system, send you an acknowledgement, review the information, and investigate the complaint. The Office of Complia",https://www.regulations.gov/document/FDA-2017-P-1002-0003
FDA-2017-P-1226-0004,FDA-2017-P-1226,Denial Response from FDA CDRH to INRange Systems I,FDA CDRH to INRange Systems I,CDRH,Denied,Procedural - Administrative Deficiency,high,"administrative, 21 cfr 10, cfr 10","g the product or enjoining PharmRight Corporation because you allege that this device is neither cleared nor approved and is misbranded under section 502( o) of the Federal Food, Drug, and Cosmetic Act. Requests for the agency to initiate enforcement actions are not within the scope of FDA's citizen petition procedures. See Title 21, Code of Federal Regulations (CFR), 10.30(k). Such matters are within the discretion of the agency. Therefore, we are denying your request that FDA initiate enforcement action against PharmRight Corporation. An agency denial of a request to take enforcement action does not_ constitute final administrative action. See 21 CFR 10.45. The information in the petition was forwarded to the Office of Compliance within the Center for Devices and Radiological Health (CDRH). The Office of Compliance will enter the information into the Allegation of Regulatory Misconduct system, send you an acknowledgement, review the information, and investigate the complaint. The Office of Compliance will pursue actions",https://www.regulations.gov/document/FDA-2017-P-1226-0004
FDA-2018-P-3176-0005,FDA-2018-P-3176,Final Response Letter from FDA CDER to Medefil  In,FDA CDER to Medefil  In,CDER,Denied,Procedural - Administrative Deficiency,medium,"regulation, addressed","me product as another product.” (Petition at 2). Because Medefil’s request is for a TE Code, this response is limited to Medefil’s TE Code request and does not address the “same product” exception for certain prescription drug program fees under the 2017 reauthorization of the Prescription Drug User Fee Act (PDUFA VI) version of section 736(a)(2)(B)(ii) of the Federal Food, Drug, and Cosmetic Act. FDA has addressed Medefil’s separate requests for refunds of FY 2019 through FY 2023 program fees in separate correspondence to Medefil. (Letter from FDA to Pradeep Aggarwal, President and CEO, Medefil (July 27, 2023)). U.S. Food & Drug Administration 10903 New Hampshire Avenue Silver Spring, MD 20993 www.fda.gov December 20, 2024 Docket No. FDA-2018-P-3176 2 B. TE Code Therapeutically equivalent products are defined in Federal regulations as “approved drug products that are pharmaceutical equivalents for which bioequivalence has been demonstrated, and that can be expected to have the same clinical effect and safety",https://www.regulations.gov/document/FDA-2018-P-3176-0005
FDA-2018-P-3211-0004,FDA-2018-P-3211,Denial letter for suitability petition  from FDA C,FDA C,ORA,Denied,Procedural - Administrative Deficiency,high,"21 cfr 10, cfr 10, regulation","2(n)(3)(C) of the Act. If you wish to seek a reconsideration of our decision, you must follow the procedures found in 21 CFR Part 10 and submit the request in the format outlined in section 10.33 no later than 30 days after the date of this letter to Division of Dockets Management, HFA-305, Food and Drug Administration, 5630 Fishers Lane, Room 1061, Rockville, MD 20852. You must FDA-2018-P-3211 Page 2 base your request solely on the information contained in your original petition (see 21 CFR 10.33(e)). If there is additional information, not included as part of your original petition that you would like us to consider, you should submit a new petition, including all the necessary information, under section 10.25(a) to the Division of Dockets Management. A copy of this letter denying your petition will be placed on public display at www.regulations.gov with the Division of Dockets Management (HFA-305), Food and Drug Administration, 5630 Fishers Lane, Room 1061, Rockville, MD 20852. If you have any questions, please c",https://www.regulations.gov/document/FDA-2018-P-3211-0004
FDA-2018-P-1173-0036,FDA-2018-P-1173,Response Letter from FDA OC to Alliance for Natura,FDA OC to Alliance for Natura,,Denied,Procedural - Administrative Deficiency,medium,format,"inical investigators, sponsors, and institutional review boards (IRBs) entitled “Investigational New Drug Applications—Determining Whether Human Research Studies Can Be Conducted Without an IND” (Final IND Guidance).1 In the petition, you request that the Food and Drug Administration (FDA or the Agency) revise Section VI.D.1 of the Final IND Guidance to clarify that an investigational new drug application (IND) is not required for a clinical investigation of a dietary supplement when the investigation’s sponsor and the supplement’s manufacturer or distributor have no intent to seek drug approval for the product or the clinical investigation is being used to substantiate a “legal dietary supplement claim,” such as a structure/function claim or health claim. You state that FDA can satisfy your request by removing the final paragraph of Section VI.D.1 of the Final IND Guidance. We have carefully considered the issues raised in your Petition, the information in the supplement that you submitted on April 12, 2018, and the com",https://www.regulations.gov/document/FDA-2018-P-1173-0036
FDA-2019-P-6099-0005,FDA-2019-P-6099,Final Response from FDA CBER to Patients for Acces,FDA CBER to Patients for Acces,CBER,Denied,Procedural - Administrative Deficiency,high,"21 cfr 10, cfr 10, regulation","s not a proper subject of a citizen petition, and we are denying your request under 21 CFR 10.30(e). You also “recommend that the FDA assess whether other factor producers have sufficient safeguards to ensure they will not experience similar events.” Federal laws and regulations dictate the requirements for the manufacture of drugs, including those that are biological products. Under the Federal Food, Drug, and Cosmetic Act, a drug and the methods used in, or the facilities or controls used for its manufacture, processing, packing or holding must conform with current good manufacturing practice (CGMP) to assure that such drug meets the requirements of the Act as to safety and has the identity and strength, and meets the quality and purity characteristics, that it purports or is represented to possess.4 In addition, a drug that is also a biological product regulated under section 351 of the Public Health Service Act (42 U.S.C. 262) must comply with applicable CGMP requirements in 21 CFR parts 600 through 680. FDA takes",https://www.regulations.gov/document/FDA-2019-P-6099-0005
FDA-2019-P-5069-0005,FDA-2019-P-5069,Final Response letter from FDA CFSAN to Ms  Rebecc,FDA CFSAN to Ms  Rebecc,CFSAN,Denied,Procedural - Premature/Pending,medium,before,"§ 10.30(e)(3), and for the reasons stated below, we are denying your petition. I. Background Pesticides are used to treat fruits, vegetables, grains, and other foods, and may be present in small amounts, as pesticide chemical residues, after treatments. Before a pesticide may be sold or distributed in the United States, the Environmental Protection Agency (EPA) evaluates the pesticide and determines whether to grant a registration that permits its sale and distribution. Before allowing the use of a pesticide chemical on food crops, the EPA, under section 408 of the Federal Food, Drug, and Cosmetic Act (FD&C Act), establishes a tolerance (maximum residue level), which is the amount of residue allowed to remain in or on each treated food commodity, or it establishes an exemption from the requirement of a tolerance for the pesticide chemical. Without a tolerance or exemption from a tolerance for the pesticide chemical residue, food containing a pesticide chemical residue is considered adulterated under section 402(a)(2)(B) of",https://www.regulations.gov/document/FDA-2019-P-5069-0005
FDA-2019-P-1800-0006,FDA-2019-P-1800,Denial Response from FDA CDRH to Boditech Med Inc ,FDA CDRH to Boditech Med Inc,CDRH,Denied,Procedural - Administrative Deficiency,medium,regulation,"class II. FDA is unable to process your request because your petition was improperly submitted as a Citizen Petition rather than a Petition for Reclassification. FDA considers your Citizen Petition on the matter to be denied but you may re-submit your request in the form of a Petition for Reclassification. Please refer to 21 CFR 860.123 for details on how to submit a Petition for Reclassification. If you choose to submit a Petition for Reclassification, please reference the docket number above. If you have any questions about this response, please contact Jean Olson of our Regulations Staff at Jean.Olson@FDA.HHS.GOV. Sincerely, Ellen Flannery, J.D. Deputy Center Director for Policy Center for Devices and Radiological Health U.S. Food & Drug Administration 10903 New Hampshire Avenue Silver Spring, MD 20903 www.fda.gov Doc ID 01100.01 .00 FDA",https://www.regulations.gov/document/FDA-2019-P-1800-0006
FDA-2019-P-2038-0063,FDA-2019-P-2038,Petition Denial Letter from FDA CDRH to American D,FDA CDRH to American D,CDRH,Denied,Procedural - Administrative Deficiency,high,"administrative, 21 cfr 10, cfr 10","within the discretion of the agency. Therefore, we are denying your request that FDA initiate enforcement action against the devices and conduct that you have alleged. An agency denial of a request to take enforcement action does not constitute final administrative action. See 21 CFR 10.45. We appreciate the information that you provided. Such information is often helpful for us to identify problems with marketed products and possible violations of the laws and regulations that we enforce. We take complaints seriously, and we will evaluate this matter to determine what follow-up action is appropriate. Decisions with respect to initiating enforcement actions are generally made on a case-by-case basis. U.S. Food & Drug Administration 10903 New Hampshire Avenue Silver Spring, MD 20903 www.fda.gov Sincerely, Je/:1.?& Director Center for Devices and Radiological Health",https://www.regulations.gov/document/FDA-2019-P-2038-0063
FDA-2020-P-1246-0004,FDA-2020-P-1246,Response Letter from FDA CDER to Fresenius Kabi US,FDA CDER to Fresenius Kabi US,CDER,Denied,Procedural - Administrative Deficiency,medium,"format, adequate","ent to other pharmaceutically equivalent products because actual or potential bioequivalence problems have not been resolved with adequate evidence of bioequivalence.8 TE Codes also include a second letter, which provides additional information on the basis of FDA’s TE evaluations. The TE Code “AP,” which your Petition requests be assigned to the Fresenius acetaminophen product, is assigned to injectable aqueous and, in certain instances, intravenous non-aqueous solutions, as the Orange Book explains: It should be noted that even though injectable (parenteral) products under a specific listing may be evaluated as therapeutically equivalent, there may be important differences 3 § 314.3(b). 4 Approved Drug Products With Therapeutic Equivalence Evaluations (the Orange Book) (43rd Edition), available at https://www.fda.gov/media/71474/download, Preface, at viii. The Orange Book, available at https://www.fda.gov/drugs/drug-approvals-and-databases/approved-drug-products-therapeutic-equivalence- evaluations-orange-book, id",https://www.regulations.gov/document/FDA-2020-P-1246-0004
FDA-2022-P-1186-0004,FDA-2022-P-1186,Final Response Letter from FDA CVM to Harry Duty,FDA CVM to Harry Duty,CVM,Denied,Procedural - Administrative Deficiency,medium,format,"reviously been released under FOIA and ‘(I) that because of the nature of their subject matter, the agency determines have become or are likely to become the subject of subsequent requests for substantially the same records; or (II) that have been requested 3 or more times.’ 5 U.S.C. § 552(a)(2)(D).” You state that this “information has been requested through FOIA ‘3 or more times’ and FDA is now required to comply with 5 U.S.C. § 552(a)(2)(D) and publish these records on the FDA FOIA reading room.” Your request for FDA to make the above-referenced records available for public inspection in an electronic format is denied. 5 U.S.C. § 552(a)(2)(D) states in part: Each agency … shall make available for public inspection in an electronic format … copies of all records … that have been released to any person under [FOIA]; and … that have been requested 3 or more times[.] Your petitions did not provide the control numbers for the FOIA requests that you claim triggered this provision of the FOIA or any other information",https://www.regulations.gov/document/FDA-2022-P-1186-0004
FDA-2022-P-1255-0004,FDA-2022-P-1255,Final Response Letter from FDA CVM to Harry Duty,FDA CVM to Harry Duty,CVM,Denied,Procedural - Administrative Deficiency,medium,format,"reviously been released under FOIA and ‘(I) that because of the nature of their subject matter, the agency determines have become or are likely to become the subject of subsequent requests for substantially the same records; or (II) that have been requested 3 or more times.’ 5 U.S.C. § 552(a)(2)(D).” You state that this “information has been requested through FOIA ‘3 or more times’ and FDA is now required to comply with 5 U.S.C. § 552(a)(2)(D) and publish these records on the FDA FOIA reading room.” Your request for FDA to make the above-referenced records available for public inspection in an electronic format is denied. 5 U.S.C. § 552(a)(2)(D) states in part: Each agency … shall make available for public inspection in an electronic format … copies of all records … that have been released to any person under [FOIA]; and … that have been requested 3 or more times[.] Your petitions did not provide the control numbers for the FOIA requests that you claim triggered this provision of the FOIA or any other information",https://www.regulations.gov/document/FDA-2022-P-1255-0004
FDA-2022-P-1248-0004,FDA-2022-P-1248,Final Response Letter from FDA CVM to Harry Duty,FDA CVM to Harry Duty,CVM,Denied,Procedural - Administrative Deficiency,medium,format,"reviously been released under FOIA and ‘(I) that because of the nature of their subject matter, the agency determines have become or are likely to become the subject of subsequent requests for substantially the same records; or (II) that have been requested 3 or more times.’ 5 U.S.C. § 552(a)(2)(D).” You state that this “information has been requested through FOIA ‘3 or more times’ and FDA is now required to comply with 5 U.S.C. § 552(a)(2)(D) and publish these records on the FDA FOIA reading room.” Your request for FDA to make the above-referenced records available for public inspection in an electronic format is denied. 5 U.S.C. § 552(a)(2)(D) states in part: Each agency … shall make available for public inspection in an electronic format … copies of all records … that have been released to any person under [FOIA]; and … that have been requested 3 or more times[.] Your petitions did not provide the control numbers for the FOIA requests that you claim triggered this provision of the FOIA or any other information",https://www.regulations.gov/document/FDA-2022-P-1248-0004
FDA-2022-P-1656-0003,FDA-2022-P-1656,Agency Response Letter from FDA CDER to Fresenius ,FDA CDER to Fresenius,CDER,Denied,Procedural - Administrative Deficiency,medium,"format, adequate","ent to other pharmaceutically equivalent products because actual or potential bioequivalence problems have not been resolved with adequate evidence of bioequivalence.9 TE Codes also include a second letter, which provides additional information on the basis of FDA’s TE evaluations. The TE Code “AP,” which your Petition requests be assigned to the 3 § CFR 314.3(b). 4 § CFR 314.3(b). 5 Approved Drug Products With Therapeutic Equivalence Evaluations (the Orange Book) (42nd Edition), available at https://www.fda.gov/media/71474/download, Preface, at viii. The Orange Book, available at https://www.fda.gov/drugs/drug-approvals-and-databases/approved-drug-products-therapeutic-equivalence- evaluations-orange-book, identifies drug products approved under section 505 of the Federal Food, Drug, and Cosmetic Act (21 U.S.C. 355), including drug products approved pursuant to 505(b)(1) NDAs, 505(b)(2) NDAs, and abbreviated new drug applications. 6 Orange Book at iv and xii (stating that the term multisource generally is used to",https://www.regulations.gov/document/FDA-2022-P-1656-0003
FDA-2022-P-0209-0005,FDA-2022-P-0209,Final Response Letter from FDA CVM to Harry Duty R,FDA CVM to Harry Duty R,CVM,Denied,Procedural - Administrative Deficiency,high,"administrative, 21 cfr 10, cfr 10","-reading-room. For the reason(s) stated above, we are denying your petition. Sincerely, William T. Flynn, DVM, MS Deputy Center Director Center for Veterinary Medicine 1 FDA regulations specify that a petition must request the Commissioner of Food and Drugs to “issue, amend, or revoke a regulation or order or take or refrain from taking any other form of administrative action.” 21 CFR 10.30(b)(3). Furthermore, a petition must contain “[a] full statement, in a well-organized format, of the factual and legal grounds on which the petitioner relies, including all relevant information and views on which the petitioner relies, as well as representative information known to the petitioner which is unfavorable to the petitioner's position.” We note that in the past, FDA has granted at least some citizen petitions requesting that the Agency post records consistent with 5 U.S.C. 552(a)(2)(D) regardless of whether the petition alleged sufficient factual grounds",https://www.regulations.gov/document/FDA-2022-P-0209-0005
FDA-2022-P-1125-0004,FDA-2022-P-1125,Final Response Letter from FDA CVM to Harry Duty,FDA CVM to Harry Duty,CVM,Denied,Procedural - Administrative Deficiency,medium,format,"reviously been released under FOIA and ‘(I) that because of the nature of their subject matter, the agency determines have become or are likely to become the subject of subsequent requests for substantially the same records; or (II) that have been requested 3 or more times.’ 5 U.S.C. § 552(a)(2)(D).” You state that this “information has been requested through FOIA ‘3 or more times’ and FDA is now required to comply with 5 U.S.C. § 552(a)(2)(D) and publish these records on the FDA FOIA reading room.” Your request for FDA to make the above-referenced records available for public inspection in an electronic format is denied. 5 U.S.C. § 552(a)(2)(D) states in part: Each agency … shall make available for public inspection in an electronic format … copies of all records … that have been released to any person under [FOIA]; and … that have been requested 3 or more times[.] Your petitions did not provide the control numbers for the FOIA requests that you claim triggered this provision of the FOIA or any other information",https://www.regulations.gov/document/FDA-2022-P-1125-0004
FDA-2022-P-0107-0004,FDA-2022-P-0107,Final Response from FDA CVM to Pet Schooled  Redac,FDA CVM to Pet Schooled  Redac,CVM,Denied,Procedural - Administrative Deficiency,high,"administrative, 21 cfr 10, cfr 10","ut on a variety of animal food topics. Although we are denying your requests, FDA intends to hold public meetings pursuant to 21 CFR 10.65 if we conclude that such meetings would be in the public interest. As details for public meetings are finalized, FDA will post information on its website. Respectfully, Steven M. Solomon, DVM, MPH Director, Center for Veterinary Medicine 3 Because FDA action on a meeting does not constitute final administrative action subject to judicial review, this response is not reviewable by a court. See 21 CFR 10.45(d)(2)(i) and 10.65(a). Steven Solomon -S Digitally signed by Steven Solomon -S Date: 2022.11.03 10:03:34 -04'00'",https://www.regulations.gov/document/FDA-2022-P-0107-0004
FDA-2022-P-0574-0004,FDA-2022-P-0574,Final Response Letter from FDA CVM to Harry Duty,FDA CVM to Harry Duty,CVM,Denied,Procedural - Administrative Deficiency,medium,format,"reviously been released under FOIA and ‘(I) that because of the nature of their subject matter, the agency determines have become or are likely to become the subject of subsequent requests for substantially the same records; or (II) that have been requested 3 or more times.’ 5 U.S.C. § 552(a)(2)(D).” You state that you are requesting “Eric Nelson’s emails containing the key search term, AAFCO. This is for the date range of 05.01.2021 – 06.30.2021.” You state that this “information has been requested through FOIA ‘3 or more times’ and FDA is now required to comply with 5 U.S.C. § 552(a)(2)(D) and publish these records on the FDA FOIA reading room.” Your request for FDA to make the above-referenced records available for public inspection in an electronic format is denied. 5 U.S.C. § 552(a)(2)(D) states in part: Each agency … shall make available for public inspection in an electronic format … copies of all records … that have been released to any person under [FOIA]; and … that have been requested 3 or more times[.]",https://www.regulations.gov/document/FDA-2022-P-0574-0004
FDA-2022-P-0414-0005,FDA-2022-P-0414,Denial of Petition from FDA CDER to King   Spaldin,FDA CDER to King   Spaldin,CDER,Denied,Procedural - Administrative Deficiency,high,"21 cfr 10, cfr 10, format","FR 10.31. FDA will not consider your Petition for review unless it contains the certification described in 21 CFR 10.31(c). We thus deny your Petition under 21 CFR 10.31(c), without evaluating the claims and information contained in the Petition. If you would like FDA to consider such information and to evaluate your claims, please submit a new citizen petition under 21 CFR 10.30 and include the certification described in 21 CFR 10.31(c). II. CONCLUSION For the reasons described, the Agency denies the Petition. Sincerely, Douglas C. Digitally signed by Douglas C. Throckmorton - Throckmorton - S S Patrizia Cavazzoni, M.D. Director Date: 2022.06.02 11:28:22 -04'00' Center for Drug Evaluation and Research 2",https://www.regulations.gov/document/FDA-2022-P-0414-0005
FDA-2022-P-0394-0004,FDA-2022-P-0394,Final Response Letter from FDA CVM to Harry Duty R,FDA CVM to Harry Duty R,CVM,Denied,Procedural - Administrative Deficiency,high,"administrative, 21 cfr 10, cfr 10","-reading-room. For the reason(s) stated above, we are denying your petition. Sincerely, William T. Flynn, DVM, MS Deputy Center Director Center for Veterinary Medicine 1 FDA regulations specify that a petition must request the Commissioner of Food and Drugs to “issue, amend, or revoke a regulation or order or take or refrain from taking any other form of administrative action.” 21 CFR 10.30(b)(3). Furthermore, a petition must contain “[a] full statement, in a well-organized format, of the factual and legal grounds on which the petitioner relies, including all relevant information and views on which the petitioner relies, as well as representative information known to the petitioner which is unfavorable to the petitioner's position.” We note that in the past, FDA has granted at least some citizen petitions requesting that the Agency post records consistent with 5 U.S.C. 552(a)(2)(D) regardless of whether the petition alleged sufficient factual grounds",https://www.regulations.gov/document/FDA-2022-P-0394-0004
FDA-2022-P-0754-0003,FDA-2022-P-0754,Final Response from FDA CVM to Pet Schooled Redact,FDA CVM to Pet Schooled Redact,CVM,Denied,Procedural - Administrative Deficiency,high,"administrative, 21 cfr 10, cfr 10","ut on a variety of animal food topics. Although we are denying your requests, FDA intends to hold public meetings pursuant to 21 CFR 10.65 if we conclude that such meetings would be in the public interest. As details for public meetings are finalized, FDA will post information on its website. Respectfully, Steven M. Solomon, DVM, MPH Director, Center for Veterinary Medicine 3 Because FDA action on a meeting does not constitute final administrative action subject to judicial review, this response is not reviewable by a court. See 21 CFR 10.45(d)(2)(i) and 10.65(a). Steven Solomon -S Digitally signed by Steven Solomon -S Date: 2022.11.03 10:03:34 -04'00'",https://www.regulations.gov/document/FDA-2022-P-0754-0003
FDA-2022-P-1343-0004,FDA-2022-P-1343,Final Response Letter from FDA CVM to Harry Duty,FDA CVM to Harry Duty,CVM,Denied,Procedural - Administrative Deficiency,medium,format,"reviously been released under FOIA and ‘(I) that because of the nature of their subject matter, the agency determines have become or are likely to become the subject of subsequent requests for substantially the same records; or (II) that have been requested 3 or more times.’ 5 U.S.C. § 552(a)(2)(D).” You state that this “information has been requested through FOIA ‘3 or more times’ and FDA is now required to comply with 5 U.S.C. § 552(a)(2)(D) and publish these records on the FDA FOIA reading room.” Your request for FDA to make the above-referenced records available for public inspection in an electronic format is denied. 5 U.S.C. § 552(a)(2)(D) states in part: Each agency … shall make available for public inspection in an electronic format … copies of all records … that have been released to any person under [FOIA]; and … that have been requested 3 or more times[.] Your petitions did not provide the control numbers for the FOIA requests that you claim triggered this provision of the FOIA or any other information",https://www.regulations.gov/document/FDA-2022-P-1343-0004
FDA-2022-P-0215-0019,FDA-2022-P-0215,Final Response Letter from FDA CDER to Jonathan H ,FDA CDER to Jonathan H,CDER,Denied,Other Denial Reason,low,,"examination, and occasionally imaging. We have reviewed studies provided by the Petition to support the claim that “the overwhelming majority of patients presenting with physician-diagnosed or self-described ‘sinus headache’ have an actual diagnosis of migraine” (Petition at 1). According to those studies provided in the Petition, individuals presenting with “sinus headache” conditions have other diagnoses as well and often require the assessment of a specialist rather than a family physician to make a diagnosis (Petition at 1 and 2). Although there are some methodological limitations to these studies, these data support the statement that patients and physicians have difficulty distinguishing migraine from sinus-related headache. However, for the reasons discussed below, this is not a basis to grant the requests in your Petition. II. Discussion A. FDA Declines Your Request to Revise Product Names and Labeling The Petition has requested “that manufacturers of OTC products associating the terms ‘sinus’ and ‘headach",https://www.regulations.gov/document/FDA-2022-P-0215-0019
FDA-2022-P-1080-0005,FDA-2022-P-1080,Petition Denial from FDA CDER to King   Spalding L,FDA CDER to King   Spalding L,CDER,Denied,Procedural - Administrative Deficiency,high,"21 cfr 10, cfr 10, format","FR 10.31. FDA will not consider your Petition for review unless it contains the complete certification described in 21 CFR 10.31(c).2 Your Petition is deficient because it does not contain the complete certification. Specifically, the language of your certification does not exactly mirror the language provided in 21 CFR 10.31(c), and the date provided does not satisfy the month, day, and year requirement.3 We thus deny your Petition under 21 CFR 10.31(c), without evaluating the claims and information contained in the Petition. If you would like FDA to consider such information and to evaluate your claims, please submit a new citizen petition under 21 CFR 10.30 and include the complete certification described in 21 CFR 10.31(c). II. CONCLUSION For the reasons described, the Agency denies your Petition. Sincerely, Douglas C. Digitally signed by Douglas C. Throckmorton -S Throckmorton -S Date: 2022.11.04 11:47:23 Patrizia Cavazzoni, M.D. Director Center for Drug Evaluation and Research",https://www.regulations.gov/document/FDA-2022-P-1080-0005
FDA-2022-P-0395-0003,FDA-2022-P-0395,Final CP Response Pet Food Testing Records from FD,FD,CVM,Denied,Procedural - Administrative Deficiency,medium,format,"Docket No. FDA-2022-P-0395 Dear Mr. Duty: We are denying your Citizen Petition (FDA-2022-P-0395) filed with the Food and Drug Administration (FDA) on March 21, 2022. The petition requests FDA to “comply with FOIA law and post publicly on the FDA FOIA reading room … ‘Testing Records From 2019 Warning Letter Against Answers Pet Food Due To FDA-CVM Regulating By Their Opinion Instead Of Law.’” As grounds for the petition, you claim the “information has been requested through FOIA ‘3 or more times’ and FDA is now required to comply with 5 U.S.C. § 552(a)(2)(D) and publish these records on the FDA FOIA reading room.” 5 U.S.C. § 552(a)(2)(D) states in part: “Each agency … shall make available for public inspection in an electronic format … copies of all records … that have been released to any person under [FOIA]; and … that have been requested 3 or more times[.]” FDA did not issue a warning letter to Lystn, LLC, doing business as Answers Pet Food, in 2019. Elsewhere in your petition you state that the warning lett",https://www.regulations.gov/document/FDA-2022-P-0395-0003
FDA-2022-P-0704-0006,FDA-2022-P-0704,Response Letter from FDA CBER to San Rocco Therape,FDA CBER to San Rocco Therape,CBER,Denied,Procedural - Administrative Deficiency,high,"regulation, format","ponds to the Petition in full. We have carefully reviewed the Petition and other information available to the Agency. Based on our review of these materials, and for the reasons described below, we conclude that the Petition does not contain facts demonstrating any reasonable grounds for the requested actions. In accordance with Title 21 Code of Federal Regulations (CFR) 10.30(e)(3), and for the reasons stated below, FDA is denying the Petition. I. BACKGROUND Bluebird submitted a BLA under section 351(a) of the Public Health Service Act (PHS Act) (42 U.S.C. 262(a)) seeking approval of beti-cel for the treatment of patients with β-thalassemia who require regular red blood cell (RBC) transfusions. Beti-cel is a one-time autologous gene therapy product intended to treat transfusion dependent β-thalassemia (TDT). TDT is a rare hemoglobinopathy associated with life-long anemia requiring frequent RBC transfusions, complicated by organopathy related to iron overload, reduced quality of life, and shortened 1 The Petiti",https://www.regulations.gov/document/FDA-2022-P-0704-0006
FDA-2022-P-0121-0003,FDA-2022-P-0121,Final Response from FDA CVM to  Pet Schooled Redac,FDA CVM to  Pet Schooled Redac,CVM,Denied,Procedural - Administrative Deficiency,high,"administrative, 21 cfr 10, cfr 10","ut on a variety of animal food topics. Although we are denying your requests, FDA intends to hold public meetings pursuant to 21 CFR 10.65 if we conclude that such meetings would be in the public interest. As details for public meetings are finalized, FDA will post information on its website. Respectfully, Steven M. Solomon, DVM, MPH Director, Center for Veterinary Medicine 3 Because FDA action on a meeting does not constitute final administrative action subject to judicial review, this response is not reviewable by a court. See 21 CFR 10.45(d)(2)(i) and 10.65(a). Steven Solomon -S Digitally signed by Steven Solomon -S Date: 2022.11.03 10:03:34 -04'00'",https://www.regulations.gov/document/FDA-2022-P-0121-0003
FDA-2022-P-0174-0004,FDA-2022-P-0174,Final Response Final Response from FDA CVM to Rona,FDA CVM to Rona,CVM,Denied,Procedural - Administrative Deficiency,high,"administrative, 21 cfr 10, cfr 10","of the Administrative Procedure Act. Although we are denying your petitions, we understand that there has been increased public interest in animal food and animal food ingredients over the past several years, and that stakeholders would like the opportunity to provide input on a variety of animal food topics. We intend to hold public meetings pursuant to 21 CFR 10.65 if we conclude that such meetings would be in the public interest. As details for public meetings are finalized, we will post information on our website. Respectfully, William T. Flynn, DVM, MS Deputy Director for Science Policy Center for Veterinary Medicine 0476, FDA-2021-P-0700, FDA-2021-P-0882, FDA-2021-P-0883, FDA-2021-P-0884, FDA-2021-P-0924, FDA- 2021-P-0927, FDA-2021-P-0949, FDA-2021-P-0950, FDA-2021-P-0953, FDA-2021-P-1044, FDA-2022-P-0063, FDA-2022-P-0213, FDA-2022-P-0253, FDA-2022-P-0356, available at Regulations.gov. As stated in the tentative response to your petition FDA-2021-P-0884, FDA is considering the concerns raise",https://www.regulations.gov/document/FDA-2022-P-0174-0004
FDA-2022-P-0172-0004,FDA-2022-P-0172,Final Response from FDA CVM to Ronald Brock   Reda,FDA CVM to Ronald Brock   Reda,CVM,Denied,Procedural - Administrative Deficiency,high,"administrative, 21 cfr 10, cfr 10","of the Administrative Procedure Act. Although we are denying your petitions, we understand that there has been increased public interest in animal food and animal food ingredients over the past several years, and that stakeholders would like the opportunity to provide input on a variety of animal food topics. We intend to hold public meetings pursuant to 21 CFR 10.65 if we conclude that such meetings would be in the public interest. As details for public meetings are finalized, we will post information on our website. Respectfully, William T. Flynn, DVM, MS Deputy Director for Science Policy Center for Veterinary Medicine 0476, FDA-2021-P-0700, FDA-2021-P-0882, FDA-2021-P-0883, FDA-2021-P-0884, FDA-2021-P-0924, FDA- 2021-P-0927, FDA-2021-P-0949, FDA-2021-P-0950, FDA-2021-P-0953, FDA-2021-P-1044, FDA-2022-P-0063, FDA-2022-P-0213, FDA-2022-P-0253, FDA-2022-P-0356, available at Regulations.gov. As stated in the tentative response to your petition FDA-2021-P-0884, FDA is considering the concerns raise",https://www.regulations.gov/document/FDA-2022-P-0172-0004
FDA-2023-P-0171-0003,FDA-2023-P-0171,Petition Denial Letter from FDA CVM to Pet Schoole,FDA CVM to Pet Schoole,CVM,Denied,Procedural - Administrative Deficiency,high,"21 cfr 10, cfr 10, format","-P-0171] In accordance with 21 CFR 10.30(e)(3) we are denying your petitions. As grounds for these petitions, you claim the “information has been requested through FOIA ‘3 or more times’ and FDA is now required to comply with 5 U.S.C. § 552(a)(2)(D) and publish these records on the FDA FOIA reading room.” 5 U.S.C. § 552(a)(2)(D) states in part: Each agency … shall make available for public inspection in an electronic format … copies of all records … that have been released to any person under [FOIA]; and … that have been requested 3 or more times[.] Your petitions each reference a specific Freedom of Information Act (FOIA) request. However, none of your petitions identify the additional FOIA requests that you say triggered 5 U.S.C. § 552(a)(2)(D). We are unable to locate three or more FOIA requests for these records. We are also unable to locate any FOIA requests for the response letters FDA provided for the above- referenced FOIA requests.1 Therefore, in accordance with 21 CFR 10.30(e)(3), we are denying",https://www.regulations.gov/document/FDA-2023-P-0171-0003
FDA-2023-P-0173-0003,FDA-2023-P-0173,Petition Denial Letter from FDA CVM to Pet Schoole,FDA CVM to Pet Schoole,CVM,Denied,Procedural - Administrative Deficiency,high,"21 cfr 10, cfr 10, format","2-7543.” In accordance with 21 CFR 10.30(e)(3) we are denying your petitions. As grounds for the petition, you claim the “information has been requested through FOIA ‘3 or more times’ and FDA is now required to comply with 5 U.S.C. § 552(a)(2)(D) and publish these records on the FDA FOIA reading room.” 5 U.S.C. § 552(a)(2)(D) states in part: Each agency … shall make available for public inspection in an electronic format … copies of all records … that have been released to any person under [FOIA]; and … that have been requested 3 or more times[.] While we were able to locate at least three FOIA requests for these records, no records were released and the requests were closed. In your citizen petition, you also request we publish the response letters to the FDA FOIA Reading Room. Since the response letters to the corresponding FOIA requests have not been requested 3 or more times, the provisions under 5 U.S.C. § 552(a)(2)(D) have not been met. Therefore, in accordance with 21 CFR 10.30(e)(3), we are denyi",https://www.regulations.gov/document/FDA-2023-P-0173-0003
FDA-2024-P-4015-0003,FDA-2024-P-4015,Final Response Letter from FDA CVM to Kohl Harring,FDA CVM to Kohl Harring,CVM,Denied,Procedural - Administrative Deficiency,high,"21 cfr 10, cfr 10, format","ic-reading-room. For the reason(s) stated above, we are denying your petition. Sincerely, William T. Flynn, DVM, MS Deputy Center Director Center for Veterinary Medicine relies, as well as representative information known to the petitioner which is unfavorable to the petitioner's position.” We note that in the past, FDA has granted at least some citizen petitions requesting that the Agency post records consistent with 5 U.S.C. 552(a)(2)(D) regardless of whether the petition alleged sufficient factual grounds for that request. We believe that the current approach is more appropriate in light of the text of 21 CFR 10.30(b)(3), and it will enable FDA to better serve the interests of all petitioners. William T. Flynn -S Digitally signed by William T. Flynn -S Date: 2024.11.07 09:59:47 -05'00'",https://www.regulations.gov/document/FDA-2024-P-4015-0003
FDA-2024-P-1960-0003,FDA-2024-P-1960,Final Response Letter from FDA ORA to Kohl Harring,FDA ORA to Kohl Harring,ORA,Denied,Procedural - Administrative Deficiency,high,"administrative, 21 cfr 10, cfr 10","rson under [FOIA]”). Once these records have been reviewed and released under FOIA, they will be posted in accordance with 5 U.S.C. § 552(a)(2)(D). Therefore, at this time, in accordance with 21 CFR 10.30(e)(3), we are denying your petition. Sincerely, Michael C. Rogers, MS Associate Commissioner for Regulatory Affairs 2 FDA regulations specify that a petition must request the Commissioner of Food and Drugs to “issue, amend, or revoke a regulation or order or take or refrain from taking any other form of administrative action.” 21 CFR 10.30(b)(3). Furthermore, a petition must contain “[a] full statement, in a well-organized format, of the factual and legal grounds on which the petitioner relies, including all relevant information and views on which the petitioner relies, as well as representative information known to the petitioner which is unfavorable to the petitioner's position.” We note that in the past, FDA has granted at least some citizen petitions requesting that the Agency post records consistent",https://www.regulations.gov/document/FDA-2024-P-1960-0003
FDA-2024-P-1380-0003,FDA-2024-P-1380,Final Response Letter from FDA CVM to Kohl Harring,FDA CVM to Kohl Harring,CVM,Denied,Other Denial Reason,low,,"ic-reading-room. For the reason(s) stated above, we are denying your petition. Sincerely, William T. Flynn, DVM, MS Deputy Center Director Center for Veterinary Medicine William T. Flynn -S Digitally signed by William T. Flynn -S Date: 2024.08.29 08:23:11 -04'00'",https://www.regulations.gov/document/FDA-2024-P-1380-0003
FDA-2024-P-1717-0003,FDA-2024-P-1717,Final Response Letter from FDA CVM to Kohl Harring,FDA CVM to Kohl Harring,CVM,Denied,Procedural - Administrative Deficiency,high,"21 cfr 10, cfr 10, format","ic-reading-room. For the reason(s) stated above, we are denying your petition. Sincerely, William T. Flynn, DVM, MS Deputy Center Director Center for Veterinary Medicine legal grounds on which the petitioner relies, including all relevant information and views on which the petitioner relies, as well as representative information known to the petitioner which is unfavorable to the petitioner's position.” We note that in the past, FDA has granted at least some citizen petitions requesting that the Agency post records consistent with 5 U.S.C. 552(a)(2)(D) regardless of whether the petition alleged sufficient factual grounds for that request. We believe that the current approach is more appropriate in light of the text of 21 CFR 10.30(b)(3), and it will enable FDA to better serve the interests of all petitioners. William T. Flynn -S Digitally signed by William T. Flynn -S Date: 2024.10.03 13:13:25 -04'00'",https://www.regulations.gov/document/FDA-2024-P-1717-0003
FDA-2024-P-3761-0003,FDA-2024-P-3761,Final Response Letter from FDA CDRH to Spark Biome,FDA CDRH to Spark Biome,CDRH,Denied,Procedural - Administrative Deficiency,high,"administrative, 21 cfr 10, cfr 10","nt letter on August 7, 2024. We have carefully reviewed your petition and have interpreted your requests, enumerated above, to be requests for FDA to investigate types of devices such as auricular Vagus Nerve Stimulation (aVNS), Transcranial Direct Current Stimulation (tDCS), and Cranial Electrotherapy Stimulation (CES), communicate to those device manufacturers that they are not in compliance with the law, and remove noncompliant products from the market by initiating enforcement actions and related regulatory activities. Requests for the agency to initiate enforcement actions and related regulatory activity are not within the scope of FDA’s citizen petition procedures. See 21 CFR 10.30(k); see also 21 CFR 10.30(b)(3) (limiting the scope of citizen petitions to FDA to requests to “issue, amend, or revoke a regulation or order or take or refrain from taking any other form of administrative action”); 21 CFR 10.3(a) (defining “administrative action”). Doc ID 01098.03.00 2 of 2 FDA",https://www.regulations.gov/document/FDA-2024-P-3761-0003
FDA-2004-P-0211-0004,FDA-2004-P-0211,Citizen Petition Denial Response Letter from FDA C,FDA C,,Denied,Procedural - Already Addressed/Moot,medium,"adequate, inadequate","tion with your product. FDA denies your petition because we are unaware of any clinical studies demonstrating that both sulfur and salicylic acid contribute to the overall effectiveness of the combination, as required by 2 1 CFR 33O.lO(a)(4)(iv). You do not include any effectiveness data in your petition. Furthermore, the Advisory Review Panel on OTC Antimicrobial (II) Drug Products (the Panel) reviewed two clinical studies involving products containing sulfur and salicylic acid, but neither of these studies demonstrated the contribution of each active ingredient to the overall effectiveness of the products (47 FR 12430 at 12466-7). Thus, in the advance notice of proposed rulemaking (ANPR) published in the Federal Register on February 23, 1982, the Panel concluded that there was inadequate effectiveness data to classify the combination of sulfur and salicylic acid as GRASE (47 FR 12430 at 12471). In the tentative final monograph (TFM) for OTC topical acne drug products, published in the Federal Register on January 15, 1985",https://www.regulations.gov/document/FDA-2004-P-0211-0004
FDA-2004-P-0338-0006,FDA-2004-P-0338,FDA-CDER to Valeant Pharmaceuticals International - Response,Valeant Pharmaceuticals International,CDER,No response,Other Decision Type,low,,"nces Ehdex Cream for its currently approved uses. Because there are many possibilities and variations for 505(b)(2) applications that might rely on our findings of safety or effectiveness for Efudex Cream, we are unable to anticipate what we would require for each of these types of applications. Therefore, we deny the 505(bX2) aspect of your request and we do not address it further in this response. Today, we are approving an ANDA for a generic fluorouracil cream, 5%, consistent with the analysis described in this petition response. Docket No. 2004P-0557ICP 1 In 1976, we also approved Ehdex Cream, 5%, and Solution, 5%, for the treatment of superficial basal cell carcinomas (sBCC) when conventional methods are impractical, such as with multiple lesions or difficult treatment sites. Like AK, basal cell carcinoma occurs in the epidermis and may protrude into the dermis. Product labeling for the sBCC indication states that ""[tlhe diagnosis should be established prior to treatment, since this method has not been proven effectiv",
FDA-2006-P-0282-0015,FDA-2006-P-0282,"Response Letter to The States of Kansas, Minnesota, Vermont and Wisconsin from FDA CDER","The States of Kansas, Minnesota, Vermont and Wisconsin from FDA CDER",CDER,No response,Other Decision Type,low,,"“BX” rating, which means the data that had been reviewed by the Agency were insufficient to determine therapeutic equivalence and the drug products are presumed to be therapeutically inequivalent until the Agency has determined that there is adequate information to make a full evaluation of therapeutic equivalence (see the Orange Book Preface, 40th ed., at xx). 11 § 314.3 (21 CFR 314.3) (defining therapeutic equivalents). 12 Pharmaceutical equivalents are “drug products in identical dosage forms and route(s) of administration that contain identical amounts of the identical active drug ingredient, i.e., the same salt or ester of the same therapeutic moiety, or, in the case of modified-release dosage forms that require a reservoir or overage or such forms as prefilled syringes where residual volume may vary, that deliver identical amounts of the active drug ingredient over the identical dosing period; do not necessarily contain the same inactive ingredients; and meet the identical compendial or other applicable standard of",
FDA-2000-P-1218-0005,FDA-2000-P-1218,Partial Approval Denial from FDA CDER to Public Ci,FDA CDER to Public Ci,CDER,Partially Approved,Other Decision Type,low,,"Food and Drug Administration (FDA or the Agency) review issues related to the safety and efficacy ofthiazolidinedione (TZD) or ""glitazone"" diabetes drug products. The 2000 Petition seeks multiple revisions to the labeling for glitazone drugs A vandia (rosiglitazone), Actos (pioglitazone), and Rezulin (troglitazone), claiming that the current drug product labeling for those drugs fails to adequately address safety and effcacy issues applicable to all glitazones. (As you know, Pfizer agreed to FDA's request to withdraw Rezulin from the market in March of2000. On January 10,2003, FDA withdrew approval of the Rezulin new drug application (NDA). Therefore, this response addresses only rosiglitazone and pioglitazone.) The 2000 Petition also requests that the Agency require pharmacists to issue FDA-approved Medication Guides with ""scientifically accurate information written in nontechnical language"" to each patient with every original or refill prescription for a glitazone drug. In support of the 2000 Petition, you argue that the glitazo",https://www.regulations.gov/document/FDA-2000-P-1218-0005
FDA-2011-P-0604-0006,FDA-2011-P-0604,Final Response from FDA CDER to Public Citizen s H,FDA CDER to Public Citizen s H,CDER,Partially Approved,Other Decision Type,low,,"elopment of Kaposi’s sarcoma” (Petition at 4). 4. Review the labeling of all glucocorticosteroids and “as appropriate, require additional label changes to ensure that other important information regarding the use and safety of these medications is presented in a consistent manner across all labels” (Petition at 1, 4). We have carefully considered the issues raised in your Petition. For the reasons described below, your Petition is granted in part and denied in part. In particular, we are partially granting requests two and three. We are requiring safety labeling changes with respect to glucocorticosteroids administered orally and by injection. To the extent the petition asks for labeling changes for other routes of administration, we are denying the request. We are denying request one, that FDA require safety labeling changes concerning the risk of CSC, and request four (universal labeling harmonization). I. BACKGROUND Glucocorticosteroids (also known as glucocorticoids or corticosteroids) are a specific type of steroid hormo",https://www.regulations.gov/document/FDA-2011-P-0604-0006
FDA-2012-P-0566-0006,FDA-2012-P-0566,Partial Approval and Denial Response Letter from F,F,,Partially Approved,Other Decision Type,low,,"ted by parents of children taking PEG 3350. 3. Review and disclose all results of completed clinical trials on PEG 3350 products that have not been published. 4. Investigate the long term effects of short term PEG 3350 use on the human health. 5. Investigate the long-term effects oflong-term PEG 3350 use on the human health. 6. Investigate the long-term effects of short-term and long-term use of PEG 3350 products in pediatric patients. 7. Investigate the effects of PEG 3350 use in treating chronic constipation. 1 The Supplement requests that FDA issue a Drug Safety Communication (including podcast) on the safety of PEG 3350 ""based on its testing of eight lots of polyethylene glycol3350 in which ethylene gylcol and diethylene glycol were found in all lots."" We have carefully considered the information submitted in your Petition and Supplement as well as other data and evidence available to the Agency. Based on our review of these materials, and for the reasons described below, your Petition is granted in part and den",https://www.regulations.gov/document/FDA-2012-P-0566-0006
FDA-2012-P-0119-0008,FDA-2012-P-0119,Redacted Partial Approval Partial Denial Response ,,ORA,Partially Approved,Other Decision Type,low,,"s in response to your comments. We have carefully reviewed the arguments in your citizen petitions and for the reasons stated below we are partially granting and partially denying your requests. 1) Request that your comment be submitted to the Executive Secretariat In your June 1, 2013, petition, you request that your comment be submitted to the Executive Secretariat. It appears that your ""comment"" refers to your citizen petitions dated December 5, 2012, and June 1, 2013. Copies of the two citizen petitions have been forwarded to the FDA Executive Secretariat. Therefore, we grant your request, 2) Include your comment in the U.S. Food and Drug Administration's (FDA's) folder for the agency's news release warning about the CCSVI procedure In your June 1, 2013, petition, you request your comment be submitted ""inside the FDA folder for the news release warning about this procedure know[n] as CCSVI."" It appears that your reference to the ""news release warning"" refers to the Agency's FDA Safety Communication: Chronic Cerebrospi",https://www.regulations.gov/document/FDA-2012-P-0119-0008
FDA-2013-P-0735-0003,FDA-2013-P-0735,Redacted Petition Response from FDA CDRH to Mario ,FDA CDRH to Mario,CDRH,Partially Approved,Other Decision Type,low,,"s in response to your comments. We have carefully reviewed the arguments in your citizen petitions and for the reasons stated below we are partially granting and partially denying your requests. 1) Request that your comment be submitted to the Executive Secretariat In your June 1, 2013, petition, you request that your comment be submitted to the Executive Secretariat. It appears that your ""comment"" refers to your citizen petitions dated December 5, 2012, and June 1, 2013. Copies of the two citizen petitions have been forwarded to the FDA Executive Secretariat. Therefore, we grant your request, 2) Include your comment in the U.S. Food and Drug Administration's (FDA's) folder for the agency's news release warning about the CCSVI procedure In your June 1, 2013, petition, you request your comment be submitted ""inside the FDA folder for the news release warning about this procedure know[n] as CCSVI."" It appears that your reference to the ""news release warning"" refers to the Agency's FDA Safety Communication: Chronic Cerebrospi",https://www.regulations.gov/document/FDA-2013-P-0735-0003
FDA-2014-P-0405-0012,FDA-2014-P-0405,Partial Approval Final Response,,,Partially Approved,Other Decision Type,low,,"y situations in which the drug should not be used because the risk of use (e.g., certain potentially fatal adverse reactions) clearly outweighs any possible therapeutic benefit. Those situations include use of the drug in patients who, because of their particular age, sex, concomitant therapy, disease state, or other condition, have a substantial risk of being harmed by the drug and for whom no potential benefit makes the risk acceptable. Known hazards and not theoretical possibilities must be listed (e.g., if severe hypersensitivity to the drug has not been demonstrated, it should not be listed as a contraindication). FDA's guidance for industry, Warnings and Precautions, Contraindications, and Boxed Warning Sections of Labeling for Human Prescription Drug and Biological Products- Content and Format (Labeling Guidance),4 provides recommendations for when a drug 3 Lee, W, et al., 2005, Cancer Pharmacogenomics: Powerful Tools in Cancer Chemotherapy and Drug Development, Oncologist, I 0: I 04- 111 ; Caudle, et al., Dec. 2013",https://www.regulations.gov/document/FDA-2014-P-0405-0012
FDA-2014-P-0404-0004,FDA-2014-P-0404,Response from FDA CDER Partial Approval and Denial,FDA CDER Partial Approval and Denial,CDER,Partially Approved,Other Decision Type,low,,"a drug, the Agency center charged with premarket review of drugs (i.e., the Center for Drug Evaluation and Research (CDER)) will have primary jurisdiction. Section 503(g)(4)(H) further specifies that ""nothing in this paragraph shall be construed to limit the regulatory authority of any [A]gency center."" Section 563 of the FD&C Act (21 U.S.C. 360bbb-2) establishes a procedure whereby applicants may request a determination respecting the classification of a product as a drug, biological product, device, or a combination product. The Agency has adopted regulations implementing sections 503(g) and 563 of the FD&C Act, codified in part 3 (21 CFR part 3). Under the operation of these provisions, a product consisting of a drug suspension in a pressurized metered-dose canister with a standard press-and-breathe actuator generally will be assigned to CDER as the lead center for premarket review in accordance with the drug as the primary mode of action. CDER may consult with the Center for Devices and Radiological Health (CDRH) to e",https://www.regulations.gov/document/FDA-2014-P-0404-0004
FDA-2014-P-1784-0006,FDA-2014-P-1784,Partial Approval and Partial Denial of Petition 91,,,Partially Approved,Other Decision Type,low,,"1) is ""[s]terilization of drugs by irradiation."" Because this regulation reflects an FDA determination that the drugs on the list are ""new drugs,"" a new drug application (NDA) or an abbreviated new drug application (ANDA) must be submitted and approved by FDA before they can be marketed legally. For a nonprescription drug that could otherwise be marketed legally without an approved NDA or ANDA pursuant to an over-the-counter (OTC) drug monograph, the effect of § 310.502(a)(11) is that, if the drug is sterilized with irradiation, an approved NDA or ANDA is necessary. In your Petition, you assert that § 310.502(a)(11) as it currently stands is no longer justified on the basis of public health protection because the use of irradiation for sterilization is now well understood (Petition at 2 to 3). As we state in our proposed rule, we agree that the technology of controlled nuclear radiation for sterilization of drugs is U.S. Food & D-ug Administration 10903 New Hamshire Avenue Silver Spring, NU 20993 w ww.fda.gov Docket N",https://www.regulations.gov/document/FDA-2014-P-1784-0006
FDA-2015-P-3876-0010,FDA-2015-P-3876,Final Response Letter from FDA CDRH to Consumers f,FDA CDRH to Consumers f,CDRH,Partially Approved,Other Decision Type,low,,"use in dentistry. Decision Summary Having reviewed the Petitions, the supplemental information you submitted, and the public comments included in the public dockets established for the Petitions, under 21 CFR 10.30(e)(3) FDA grants the Petitions in part; otherwise, the Agency is denying your requests for the reasons described below. 1 In this letter, the petitions are referred to individually as CP-1, CP-2, CP-3, or CP-4, respectively, or as “the Petition” generically depending on the context, and as “the Petitions” collectively when referring to all or more than one of the petitions. 2 See https://www.regulations.gov (search for document FDA-2015-P-3876-0001) (CP-1)). 3 See id. (search for document FDA-2016-P-1303-0001) (CP-2)). 4 See id. (search for document FDA-2016-P-3674-0001) (CP-3)). 5 See id. (search for document FDA-2017-P-2233-0001) (CP-4)). Page 2 – Consumers for Dental Choice 2 A. Actions Requested CP-3 and CP-4 request the Food and Drug Administration (FDA, we, or the Agency) “to warn agai",https://www.regulations.gov/document/FDA-2015-P-3876-0010
FDA-2015-P-4566-0005,FDA-2015-P-4566,Final Response from FDA CDER to Buchanan Ingersoll,FDA CDER to Buchanan Ingersoll,CDER,Partially Approved,Other Decision Type,low,,"t considered therapeutically equivalent to an RLD because there are insufficient data to determine therapeutic equivalence. See Orange Book at xix. 8 Lanoxin (digoxin) tablets labeling, December 1, 2016 available at http://www.accessdata. fda.gov/drugsatfda docs/label/20 16/020405s0 131bl.pdf. 9 In October 1995 Burroughs was acquired by Glaxo Inc., and the merged companies became known as Glaxo Wellcome. In December 2000 Glaxo Wellcome and SmithKline Beecham merged to form GlaxoSmithKline (GSK). 2 Docket Nos. FDA-2013-P-1376, FDA-2013-P-1377, and FDA-2015-P-4566 December 5, 1990, the Agency discussed the requirements that Burroughs' application would need to meet for approval. On September 30, 1993 Burroughs submitted NDA 20405 for Lanoxin seeking approval for the 0.0625, 0.125, 0.1875, 0.250, 0.375, and 0.500 mg10 tablet strengths for the treatment of mild to moderate heart failure in patients receiving angiotensin converting enzyme (ACE) inhibitors and diuretics. As part of its Lanoxin NDA, Burroughs requested 3 years",https://www.regulations.gov/document/FDA-2015-P-4566-0005
FDA-2016-P-3674-0024,FDA-2016-P-3674,Final Response Letter from FDA CDRH to Consumers f,FDA CDRH to Consumers f,CDRH,Partially Approved,Other Decision Type,low,,"use in dentistry. Decision Summary Having reviewed the Petitions, the supplemental information you submitted, and the public comments included in the public dockets established for the Petitions, under 21 CFR 10.30(e)(3) FDA grants the Petitions in part; otherwise, the Agency is denying your requests for the reasons described below. 1 In this letter, the petitions are referred to individually as CP-1, CP-2, CP-3, or CP-4, respectively, or as “the Petition” generically depending on the context, and as “the Petitions” collectively when referring to all or more than one of the petitions. 2 See https://www.regulations.gov (search for document FDA-2015-P-3876-0001) (CP-1)). 3 See id. (search for document FDA-2016-P-1303-0001) (CP-2)). 4 See id. (search for document FDA-2016-P-3674-0001) (CP-3)). 5 See id. (search for document FDA-2017-P-2233-0001) (CP-4)). Page 2 – Consumers for Dental Choice 2 A. Actions Requested CP-3 and CP-4 request the Food and Drug Administration (FDA, we, or the Agency) “to warn agai",https://www.regulations.gov/document/FDA-2016-P-3674-0024
FDA-2016-P-1303-0016,FDA-2016-P-1303,Final Response Letter from FDA CDRH to Consumers f,FDA CDRH to Consumers f,CDRH,Partially Approved,Other Decision Type,low,,"use in dentistry. Decision Summary Having reviewed the Petitions, the supplemental information you submitted, and the public comments included in the public dockets established for the Petitions, under 21 CFR 10.30(e)(3) FDA grants the Petitions in part; otherwise, the Agency is denying your requests for the reasons described below. 1 In this letter, the petitions are referred to individually as CP-1, CP-2, CP-3, or CP-4, respectively, or as “the Petition” generically depending on the context, and as “the Petitions” collectively when referring to all or more than one of the petitions. 2 See https://www.regulations.gov (search for document FDA-2015-P-3876-0001) (CP-1)). 3 See id. (search for document FDA-2016-P-1303-0001) (CP-2)). 4 See id. (search for document FDA-2016-P-3674-0001) (CP-3)). 5 See id. (search for document FDA-2017-P-2233-0001) (CP-4)). Page 2 – Consumers for Dental Choice 2 A. Actions Requested CP-3 and CP-4 request the Food and Drug Administration (FDA, we, or the Agency) “to warn agai",https://www.regulations.gov/document/FDA-2016-P-1303-0016
FDA-2016-P-3112-0009,FDA-2016-P-3112,Petitioner Response to FDA Petition Denial,FDA Petition Denial,,Partially Approved,Other Decision Type,low,,"THAT WE CAN AVOID ANY CP REGARDLESS OF ITS ISSUE BECAUSE OF THE LOOPHOLE, BUT THE FDA RELYES ON THAT LOOPHOLE, SO WHY SHOULD THE FDA MAKE THE LAW BETTER FOR CONSUMERS? CITIZENS PETITIONS CAN BE AVOIDED BY THE FDA! THE PEOPLE WHO CREATE CITIZENS PETITIONS BE DAMMED! EVERYTHING THE CONSUMER DOES HAS A TIME LIMIT BUT MS. KUX FEELS LIKE THE FDA SHOULD BE ABLE TO AVOID, FOR EVER, ANY ISSUE THE FDA WANTS TO AVOID. THE FDA SHOULD HAVE NO TIME LIMIT. PLEASE THINK ABOUT THAT! DUE TO THIS LOOPHOLE, MY FIRST PETITION # FDA-2012-P-0119 HAS BEEN AVOIDED BY THE FDA (see CC1) FOR MORE THAN 5 YEARS NOW! AND THE PERSON WHO AVOIDED MY PETITION WAS MS. LESLIE KUX (see CC1). ALSO: I HAVE ATTACHED MS. LESLIE KUX'S REPONSE TO MY CP: in ms. leslie kux's response to my cp she say's ''Petitioner also communicates with FDA identifying himself as ''Bill Small'' or ''Mar-io Mor-ais'' '' -----THE REASON I MUST DO THIS IS BECAUSE postmaster@fda.hhs.gov HAS BEEN PROGRAMED BY SOMEONE AT THE FDA SO THE COMMUNICATIONS FROM MA-RIO MOR-AIS AND",https://www.regulations.gov/document/FDA-2016-P-3112-0009
FDA-2017-P-6758-0004,FDA-2017-P-6758,Partial Approval and Partial Denial of Petition fo,,,Partially Approved,Other Decision Type,low,,"ubmitted in the Petition and other relevant data. Based on our review of this information and for the reasons described below, your Petition is granted in part and denied in part. I. BACKGROUND A. Compounding and the 503A Bulks List Pharmacy compounding is generally a practice in which a licensed pharmacist or licensed physician combines, mixes, or alters the ingredients of a drug to create a medication tailored to the needs of an individual patient. Compounded drug products have traditionally been prescribed where an FDA-approved drug product is not medically suitable for a particular patient, for example, where the patient is unable to swallow a capsule or tablet or is allergic to one of the inactive ingredients in the approved product. Compounded drug products are not FDA-approved. U.S. Food & Drug Administration 10903 New Hampshire Avenue Silver Spring, MD 20993 w ww.fda.gov Docket No. FDA-2017-P-6758 Page 2 Section 503A of the FD&C Act (21 U.S.C. 353a) describes the conditions that must be satisfied for huma",https://www.regulations.gov/document/FDA-2017-P-6758-0004
FDA-2017-P-2233-0053,FDA-2017-P-2233,Final Response Letter from FDA CDRH to Consumers f,FDA CDRH to Consumers f,CDRH,Partially Approved,Other Decision Type,low,,"use in dentistry. Decision Summary Having reviewed the Petitions, the supplemental information you submitted, and the public comments included in the public dockets established for the Petitions, under 21 CFR 10.30(e)(3) FDA grants the Petitions in part; otherwise, the Agency is denying your requests for the reasons described below. 1 In this letter, the petitions are referred to individually as CP-1, CP-2, CP-3, or CP-4, respectively, or as “the Petition” generically depending on the context, and as “the Petitions” collectively when referring to all or more than one of the petitions. 2 See https://www.regulations.gov (search for document FDA-2015-P-3876-0001) (CP-1)). 3 See id. (search for document FDA-2016-P-1303-0001) (CP-2)). 4 See id. (search for document FDA-2016-P-3674-0001) (CP-3)). 5 See id. (search for document FDA-2017-P-2233-0001) (CP-4)). Page 2 – Consumers for Dental Choice 2 A. Actions Requested CP-3 and CP-4 request the Food and Drug Administration (FDA, we, or the Agency) “to warn agai",https://www.regulations.gov/document/FDA-2017-P-2233-0053
FDA-2020-P-1166-0006,FDA-2020-P-1166,Agency Response Letter from FDA CDRH to Eckert Sea,FDA CDRH to Eckert Sea,CDRH,Partially Approved,Other Decision Type,low,,"FDA dismisses this petition under 21 CFR 10.35(e) because changes in law, facts, or circumstances since the date on which the petition was submitted have rendered the petition moot. I. Background On March 6, 2020, FDA issued a final rule banning electrical stimulation devices (ESDs) for self-injurious behavior (SIB) or aggressive behavior (AB), finding that these devices present an unreasonable and substantial risk of illness or injury that cannot be corrected or eliminated by labeling in accordance with section 516 of the Federal Food, Drug, and Cosmetic Act (85 Fed. Reg. 13312 (March 6, 2020)). The ban affected both new devices and devices already in distribution and use upon the effective date of the final rule, which is 30 days after publication of the final rule (April 6, 2020). However, for those individuals who at the time were currently subject to ESDs for the identified intended use, the ban provided time to transition away from the use of ESDs under the supervision of a physician because FDA recognized that",https://www.regulations.gov/document/FDA-2020-P-1166-0006
FDA-2004-P-0239-0005,FDA-2004-P-0239,FDA to Finkelstein and Partners - Petition Partial Approval and Denial,Finkelstein and Partners,CDER,Partially approved or denied,Other Decision Type,low,,"etition under our regulation at 21 CFR 10.30. 3 Because these letters from Mr. Finkelstein are closely associated with the citizen petition, we have included these letters and our responses to them in the public docket, excluding the attached MedWatch forms, which may contain personal privacy information and are more appropriately include:d in FDA's Adverse Events Reporting System (AERS) database. 4 Petition at 3. 5 Petition at 12. 6 See, e.g., Letter from Dr. Russell Katz to Manini Patel (Director, Worldwide Regulatory Affairs, Pfizer), dated March 16,2005. It11""7) analyses of 199 placebo-controlled clinical trials of 11 different antiepileptic drugs. These analyses showed that patients in the trials who received one of the antiepileptic drugs had approximately twice the risk of suicidal thinking or behavior compared to patients who received placebo. The risk of suicidal thoughts or behavior was generally consistent among drugs in the data analyzed. 7 Based on these findings, and under section 505(0)(4) the Federal Fo",
FDA-2004-P-0279-0008,FDA-2004-P-0279,Citizen Petition Partial Approval and Denial Response from FDA CFSAN to the Center for Science in the Public Health,The Center For Science In The Public Interest (Cspi),CFSAN,Partially approved or denied,Other Decision Type,low,,"may lawfully be utilized for that use without FDA review or approval. Currently, a GRAS determination may be made when the manufacturer or user of a food substance evaluates the safety of the substance and the views of qualified experts and concludes that the use of the substance is GRAS. This approach is commonly referred to as ""GRAS self-determination"" or ""independent GRAS determination."" Other substances that are GRAS may be identified in FDA regulations in one of two ways. Following the passage of the 1958 Food Additives Amendment, we established in our regulations a list of food substances that, when used as indicated, are considered GRAS. We made clear that this was not a comprehensive list. This list (commonly referred to as the ""GRAS list"") now appears at 21 CFR part 182. Thereafter, in 1972, we established the GRAS affirmation process through which we affirmed, through notice and comment rulemaking, the GRAS status of particular uses of certain substances in food. Regulations affirming the GRAS status of certain sub",
FDA-2005-P-0006-0007,FDA-2005-P-0006,"Citizen Petition Partial Approval and Denial Response from FDA/CDER to Warner Chilcott, Inc.",Warner Chilcott Inc.,CDER,Partially approved or denied,Other Decision Type,low,,"estradiol through the bloodstream (id. at 3- 5). Because of this mechanism of action, Warner Chilcott asserts that PK blood level data alone would .be insufficient to determine the bioequivalence and therapeutic equivalence of a drug product to Estrace Cream, and instead, bioequivalence must be demonstrated by a clinical endpoint trial (id. at 5). The Petitioner also states that differences in the inactive ingredients from those contained in the RLD can alter the effectiveness of the products, and that such differences cannot be identified by PK studies, which measure estradiol and/or metabolite blood levels (id. at 8-9). Warner Chilcott also asserts that an ANDA applicant must demonstrate that the adverse event pattern with its product is no worse than that with Estrace Cream, because where the formulation of an ANDA product differs from that of Estrace Cream, similar adverse events cannot be expected (id. at 6-7). With respect to study design, the Petition contends that for an ANDA drug product to have a comparable effi",
FDA-2005-P-0054-0004,FDA-2005-P-0054,Citizen Petition Partial Approval and Denial Response from FDA CDER to Cinergen,Cinergen,CDER,Partially approved or denied,Other Decision Type,low,,"and other pertinent data available to the Agency. Based on our review of these materials and for the reasons described below, to the extent the Petitions request FDA 8 to recommend scheduling of tramadol under the CSA and revise labeling for 2 The Drug Enforcement Administration (DEA) implements and enforces titles 11 and III of the Comprehensive Drug Abuse Prevention and Control Act of 1970, as amended. 21 U.S.C. 801-971. Titles II and Ill are referred to in this petition response as the CSA. Sec '""Tramadol Final Rule"" 79 FR 37623 (July 2, 2014) (generally describing the CSA and implementing regulations). 3 The Cinergen Petition was identical to the Duane Morris Petition but for minor typographical corrections/errors. 4 The supplement contains a list of the publications referenced in the Skipper Petition and a copy of the publications. ~All the substantive text in the Ovson Petition is repeated in the Skipper Petition except that the Skipper Petition contains three additional paragraphs related to Dr. Skipper's research. 6",
FDA-2005-P-0055-0005,FDA-2005-P-0055,Citizen Petition Partial Approval and Denial Response from FDA CDER to Rosei Rocha-Judd,Rosei Rocha-Judd,CDER,Partially approved or denied,Other Decision Type,low,,"and other pertinent data available to the Agency. Based on our review of these materials and for the reasons described below, to the extent the Petitions request FDA 8 to recommend scheduling of tramadol under the CSA and revise labeling for 2 The Drug Enforcement Administration (DEA) implements and enforces titles 11 and III of the Comprehensive Drug Abuse Prevention and Control Act of 1970, as amended. 21 U.S.C. 801-971. Titles II and Ill are referred to in this petition response as the CSA. Sec '""Tramadol Final Rule"" 79 FR 37623 (July 2, 2014) (generally describing the CSA and implementing regulations). 3 The Cinergen Petition was identical to the Duane Morris Petition but for minor typographical corrections/errors. 4 The supplement contains a list of the publications referenced in the Skipper Petition and a copy of the publications. ~All the substantive text in the Ovson Petition is repeated in the Skipper Petition except that the Skipper Petition contains three additional paragraphs related to Dr. Skipper's research. 6",
FDA-2005-P-0058-0004,FDA-2005-P-0058,Citizen Petition Partial Approval and Denial Response from FDA CDER to Gregory E. Skipper. M. D.,Gregory E. Skipper. M. D.,CDER,Partially approved or denied,Other Decision Type,low,,"and other pertinent data available to the Agency. Based on our review of these materials and for the reasons described below, to the extent the Petitions request FDA 8 to recommend scheduling of tramadol under the CSA and revise labeling for 2 The Drug Enforcement Administration (DEA) implements and enforces titles 11 and III of the Comprehensive Drug Abuse Prevention and Control Act of 1970, as amended. 21 U.S.C. 801-971. Titles II and Ill are referred to in this petition response as the CSA. Sec '""Tramadol Final Rule"" 79 FR 37623 (July 2, 2014) (generally describing the CSA and implementing regulations). 3 The Cinergen Petition was identical to the Duane Morris Petition but for minor typographical corrections/errors. 4 The supplement contains a list of the publications referenced in the Skipper Petition and a copy of the publications. ~All the substantive text in the Ovson Petition is repeated in the Skipper Petition except that the Skipper Petition contains three additional paragraphs related to Dr. Skipper's research. 6",
FDA-2005-P-0064-0006,FDA-2005-P-0064,FDA/CDER Response to Illinois Attorney General's Office and Public Citzen Health Research Group - Partial Approval/Denial Letter,Gregory E. Skipper. M. D.,CDER,Partially approved or denied,Other Decision Type,low,,"t we submit the class of fluoroquinolone drgs for review to the Agency's Drug Safety Oversight Board (DSOB). The HRG Petition calls for similar action: that FDA require the manufacturers of fluoroquinolones to (l) add a black box waring regarding the risks oftendinopathy and tendon ruptue, (2) issue a DHCP letter, and (3) distribute an FDA-approved Medication Guide for patients. We have reviewed the petitions, the supplement to the Ilinois Petition dated August 29, 2006, and comments submitted to the docket for the Ilinois Petition. For the reasons set forth below, the petitions are granted in par and denied in par. I. BACKGROUND A. Regulations and Guidance on Warnings in Drug Labeling 1. Boxed Warnings FDA regulations state that the WARNINGS AND PRECAUTIONS section of drug product labeling (including the product's package insert) must describe clinically significant adverse reactions,2 other potential safety hazards, limitations in use imposed by them, and steps that should be taken if these situations occur (21 CFR 20 1.57( c )(6)(i",
FDA-2005-P-0120-0030,FDA-2005-P-0120,"FDA/CDER Response to Shire Pharmaceuticals, Inc. - Partial Petition Approval and Denial",Shire Pharmaceuticals Group,CDER,Partially approved or denied,Other Decision Type,low,,"ate bioequivalence to a listed drug. In addition, because 505(b)(2) applications can differ from the listed drugs in a variety of ways, we cannot address hypothetical requests for what demonstrations would be needed for a 505(b )(2) application. Therefore, this response focuses solely on your request with respect to ANDAs. 4 We have also considered comments submitted to the docket. We note that your December 6,2005, letter requests that the Center for Drug Evaluation and Research's (CDER's) Division of Psychiatry Products and Division of Neurology Products be consulted on this response. Pertinent FDA personnel, including those from what is now referred to as the Division of Psychiatry Products, have been consulted on this response. I. BACKGROUND A. ADHD Drug Products and Adderall XR The stimulants used to treat Attention Deficit Hyperactivity Disorder (ADHD) fall into two general categories: amphetamine and methylphenidate containing products. In addition to several immediate-release (lR) formulations, several MR formulations exist",
FDA-2005-P-0191-0006,FDA-2005-P-0191,Citizen Petition Partial Approval and Denial Response from FDA CDER to Pine Grove Behavioral Health & Addiction Services,Pine Grove Behavioral Health & Addiction Services,CDER,Partially approved or denied,Other Decision Type,low,,"and other pertinent data available to the Agency. Based on our review of these materials and for the reasons described below, to the extent the Petitions request FDA 8 to recommend scheduling of tramadol under the CSA and revise labeling for 2 The Drug Enforcement Administration (DEA) implements and enforces titles 11 and III of the Comprehensive Drug Abuse Prevention and Control Act of 1970, as amended. 21 U.S.C. 801-971. Titles II and Ill are referred to in this petition response as the CSA. Sec '""Tramadol Final Rule"" 79 FR 37623 (July 2, 2014) (generally describing the CSA and implementing regulations). 3 The Cinergen Petition was identical to the Duane Morris Petition but for minor typographical corrections/errors. 4 The supplement contains a list of the publications referenced in the Skipper Petition and a copy of the publications. ~All the substantive text in the Ovson Petition is repeated in the Skipper Petition except that the Skipper Petition contains three additional paragraphs related to Dr. Skipper's research. 6",
FDA-2005-P-0197-0003,FDA-2005-P-0197,FDA/CDRH to Consumers for Dental Choice - Petition Partial Approval and Denial,Public Citizen,CDRH,Partially approved or denied,Other Decision Type,low,,"ical Toxicology Devices Panel. Decision Summary After careful consideration of your petitions, we have granted them in part. Specifically, we have granted your requests that we convene a panel with expertise in areas other than dentistry on scientific developments and that we provide a transparent forum where all interested parties might share information. As you are aware, we published a Federal Register notice announcing a joint committee meeting of the Dental Products Panel of the Medical Devices Advisory Committee and the Peripheral and Central Nervous System Drugs Advisory Committee (7 1 Fed. Reg. 16582, April 3,2006). This open public meeting was held on September 6 and 7,2006, and the Docket related to this meeting is open until November 9,2006 (Docket No. 2006N-0352). The joint committee reviewed and discussed peer-reviewed scientific literature on dental amalgam and its potential mercury toxicity, specifically as it relates to neurotoxic effects. The joint committee also heard from more than 50 members of the publ",
FDA-2005-P-0221-0009,FDA-2005-P-0221,FDA/CDER Response to UCSF National Center of Excellence in Women's Health - Partial Petition Approval and Denial,Ucsf National Center Of Excellence In Women'S Health,CDER,Partially approved or denied,Other Decision Type,low,,"cardiovascular drugs in women. We have carefully reviewed your petition, the studies to which you referred in support of your petition, and comments on the Petition submitted by Guilford Pharmaceuticals on July 15, 2005, Medicure Pharma on June 5, 2007, and the Duke Clinical Research Institute of the Duke University Medical Center on April 15, 2007. To the extent that you have requested us to revise the labeling for eptifibatide and tirofiban, we have granted your petition in part because we used the information you provided to discuss and arrive at labeling changes, similar to those you requested, with the holders of the new drug applications (NDA) for eptifibatide and tirofiban. However, we deny your request to revise the labeling for abciximab and lamifiban for the following reasons: This citizen petition was originally assigned docket number 2005P-0107. The number changed to FDA-2005-P- 0221 as a result of FDA's transition to its new docketing system (Regulations.gov ) in January 2008. Docket No. FDA-2005-P-0221 • Abci",
FDA-2005-P-0259-0004,FDA-2005-P-0259,"FDA Response to Biostratum, Inc. (Kathleen M Sanzo, Esq) - Petition Partial Approved and Denial","Biostratum, Inc.",CFSAN,Partially approved or denied,Other Decision Type,low,,"Page 15 - Kathleen M. Sanzo, Esq. 
References 
1.  U.S. Food and Drug Administration, Memorandum dated August 31, 2007, Norman 
Stockbridge, M.D., Ph.D., Center for Evaluation and Research. 
2.  Webster's II New Riverside University Dictionary, The Riverside Publishing Company, 
1984. 
3.  BioStratum, Inc. News Release, PR Newswire, New York, September 8, 1999. 
4.  Biostratum, Inc. News Release, PR Newswire, New York, June 7, 2004.",
FDA-2007-P-0111-0013,FDA-2007-P-0111,"FDA to Astellas Pharma US, Inc. - Petition and Supplement Partial Approval and Denial","Astellas Pharma Us, Inc.",CDER,Partially approved or denied,Other Decision Type,low,,"the listed drug. . . except for changes required because of differences approved under a petition filed under (section 505(j)(2)(C) ofthe Act) or because the new drug and the listed drug are produced or distributed by different manufacturers"" (section 505(j)(2)(A)(v) of the Act). A parallel provision appears in section 505(j)(4)(G) of the Act.9 FDA's regulations in 21 CFR part 320 list acceptable methodologies for determining the bioequivalence of drug products. These methodologies include pharmacokinetic studies, pharmacodynamic studies, comparative clinical trials, and in vitro studies. The choice of which study design to use is based on the ability of the design to compare the drug delivered by the two products at the paricular site of action of the drug. The courts have expressly upheld FDA's regulatory implementation ofthe Act's bioequivalence requirements (see, e.g., Schering Corp. v. 9 Section SOSü)(4)(G) of the Act provides that FDA must approve an ANA unless, among other thgs, ""the information submitted in the applicatio",
FDA-2007-P-0128-0006,FDA-2007-P-0128,"FDA/CDER to King Pharmaceuticals, Inc. - Petition Partial Approval and Denial","King Pharmaceuticals, Inc.",CDER,Partially approved or denied,Other Decision Type,low,,"oducts containing sumatriptan. We have carefully reviewed the petitions and the comments submitted. For the reasons stated below, we grant your requests in part, and deny them in part. I. BACKGROUND Although Petition 1 is not product-specific, Petition 2 refers explicitly to sumatriptan succinate. Imitrex (sumatriptan succinate) Injection, a selective 5-hydroxytryptamine receptor subtype agonist, was approved by FDA on December 28, 1992, for the acute treatment ofmigraine attacks with or without aura and for the acute treatment ofcluster headache episodes. Additional dosage fonns (tablet and nasal spray) were approved in 1995 and 1997, respectively. The Imitrex STATdose system, which includes an auto­ injector, was approved by FDA in 1996. A. Summary of Legal and Regulatory Framework for ANDAs and 505(b)(2) Applications The Drug Price Competition and Patent Term Restoration Act of 1984 (the Hatch­ Waxman Amendments) created the statutory provisions governing ANDAs and 505(b)(2) applications. The Hatch-Waxman Amendment",
FDA-2007-P-0177-0007,FDA-2007-P-0177,"Citizen Petition Partial Approval and Denial Response from FDA CDER to Lachman Consulting Services, Inc.","Lachman Consultant Services, Inc.",CDER,Partially approved or denied,Other Decision Type,low,,"umarate:hydrochlorothiazide ). This petition was reviewed pursuant to Section 505G)(2)(C) of the Act. Under Section 505G)(2)(C)(i) and (ii), such a petition will be approved unless the Agency finds that investigations must be conducted to show the safety and effectiveness of the proposed drug products, or of any of the active ingredients, the route of administration, the dosage form, or strength which differ from the listed drug products; or that any drug with a different active ingredient may not be adequately evaluated for approval as safe and effective on the basis of the information required to be submitted in an abbreviated application. The FDA finds that the change in strength from 10 mg/6.25 mg to 20 mg/12.5 mg for the proposed drug product does not pose questions of safety or effectiveness because the uses, dose, dosage form, and route of administration of the proposed drug product are the same as that of the listed drug product. The FDA concludes, therefore, that investigations are not necessary for this proposed",
FDA-2007-P-0182-0017,FDA-2007-P-0182,FDA/CDER to sanofi-aventis U.S. LLC - Petition Partial Approval and Denial,Sanofi Aventis,CDER,Partially approved or denied,Other Decision Type,low,,"rug Administration (FDA or Agency) take special consideration when reviewing any abbreviated new drug application (ANDA) for a generic3 version of the extended-release (ER) formulation of Ambien (zolpidem tartrate extended-release tablets) (Ambien CR), the reference listed drug (RLD).4 You request that FDA require ANDAs to demonstrate equivalence as a function of time using parameters in addition to traditional bioequivalence parameters. In addition, you ask that we require generic zolpidem tartrate extended-release tablets to include both immediate-release and extended-release components, FDA has considered the information in your Petition, as well as other information available in the docket and to the Agency, For the reasons set forth below, your Petition is granted in part and denied in part, I. BACKGROUND A. Ambien I This citizen petition was originally assigned docket number 2007P-0224. The number was changed to FDA-2007-P-0 182 as a result of FDA's transition to its new docketing system (Regulations,g",
FDA-2007-P-0187-0004,FDA-2007-P-0187,FDA to Alston & Bird LLP on behalf of Synthetic Organic Chemical Manufacturers Association - Petition Partial Approval and Denial,Synthetic Organic Chemical Manufacturers Association,CDER,Partially approved or denied,Other Decision Type,low,,"inspections of these facilities to increase. • Careful review of all foreign inspection outcomes by Agency compliance officers. Compliance officers review inspection reports of an establishment, an establishment's written response to Form FDA 483 (""Inspectional Observations""), the firm's commitments and documentation provided in the response, and an establishment's history of compliance. Based on their review, compliance officers consider whether the findings warrant further FDA regulatory action. Agency pre- and postapproval inspection and postapproval surveillance activities include assessments for CGMP compliance and risk-based sampling, as appropriate. Sampling may be 4 Agency policy has been, and continues to be, that we approve drugs after verifying that the standards set forth in section 505 of the Act, or section 351 of the PHS Act, are met based upon a recent inspection of the manufacturing facility or facilities named in the application. Ifwe have a recent, satisfactory inspection on record for a given facility",
FDA-2007-P-0235-0005,FDA-2007-P-0235,"Citizen Petition Partial Approval and Denial Response from FDA CDER to Mutual Pharmaceutical Company, Inc.","Mutual Pharmaceutical Company, Inc.",CDER,Partially approved or denied,Other Decision Type,low,,"lement is dated April 2, 2008 (2007P-0488/SUP2). Because neither of these supplements contain the verification required by section 505(q)(1)(1) of the Federal Food, Drug, and Cosmetic Act (the Act), FDA may not accept for review this supplemental information . Therefore, we have not reviewed these protocol designs for this response. We believe that protocols for clinical studies are more appropriately submitted to the review divisions within the Office of New Drugs in accordance FDA's draft guidance for industry entitled Drug Interaction Studies--Study Design, Data Analysis, and Implications for Dosing and Labeling (see footnote 7) because these submissions are seeking Agency input and advice rather than requesting specific administrative action. See 21 CFR 10.25. ~~~ . aoo7-P~ o05 (Plendil) sponsored by AstraZeneca Pharmaceuticals LP (AstraZeneca) (New Drug Application (NDA) 19-834). In 2004, FDA approved Mutual's abbreviated new drug application (ANDA) (ANDA 75-896), referencing Plendil as its reference listed drug (RLD",
FDA-2007-P-0250-0005,FDA-2007-P-0250,FDA to Kendle International - Petition Partial Approval and Denial,"Sun Pharmaceuticals, Ltd.",CDER,Partially approved or denied,Other Decision Type,low,,"rom sale for safety or efficacy reasons. FDA has reviewed its records and determined that Zometapowder formulation was not withdrawn from sale for reasons of safety or effectiveness. Thus, FDA will list Zometa (zoledronic acid for injection), equivalent to 4 mg base/vial, a lyophilized powder formulation, approved in NDA 21-223 held by Novartis in the ""Discontinued Drug Product List"" section of the Orange Book. This determination allows FDA to approve an abbreviated new drug application (ANDA) referencing Zometa powder formulation, as long as it meets the relevant legal and regulatory requirements for approval. See the enclosed copy of the Federal Register notice announcing the FDA determination. Therefore, this request is granted. B. Safety of a Generic Referencing the Discontinued Formulation You request that FDA make a determination that a proposed generic product referring to the originally approved powder formulation (now discontinued) would not render the product less safe or effective than the currently marketed i",
FDA-2007-P-0345-0005,FDA-2007-P-0345,FDA/CDER to Cooley Godward Kronish LLP - Responce to Ctitizen Petition,Hellerehrman Llp,CDER,Partially approved or denied,Other Decision Type,low,,"prescription only medicines. We have carefully reviewed the petition and comment(s) filed in the docket. For the reasons stated in this response, the petition is granted in part and denied in part. I. BACKGROUND A. Oral Sodium Phosphate Products, Acute Phosphate Nephropathy and Nephrocalcinosis 1. Oral Sodium Phosphate Products a. Over The Counter (OTC) products OSP products for use as laxatives are being evaluated as part of the OTC drug review. Several OSP products are available OTC in solution dosage form (e.g., Fleet Phospho-soda). The tentative final monograph (TFM) for laxative use (50 FR 2124, January 15, 1985) proposes the 1 This citizen petition was originally assigned docket number 2007P-0352/CPI. The number was changed to FDA­ 2007-P-0345 as a result of FDA's transition to its new docketing system (Regulations.gov) in January 2008. Docket No. FDA-2007-P-0345 following professional labeling for a bowel cleansing indication: ""For use as par of a bowel cleansing regimen in preparing patients for surgery o",
FDA-2007-P-0418-0005,FDA-2007-P-0418,FDA/Center for Drug Evaluation and Research - Final Response Letter,"Cobalt Laboratories, Inc. And Cobalt Pharmaceuticals, Inc.",CDER,Partially approved or denied,Other Decision Type,low,,"system (Regulations.gov) in January 2008. 2 Today we are approving two ANDAs for generic versions of acarbose, including Cobalt's ANDA. Docket No. 2007-P-0418 enzymes responsible for the breakup of starch into simpler sugar molecules. Olucosidases are present in the brush-border on the small intestinal mucosa. Acarbose delays the digestion of ingested carbohydrates, thereby resulting in a smaller rise in blood glucose concentration following meals. As a consequence of plasma glucose reduction, acarbose reduces levels of glycosylated hemoglobin in patients with type 2 diabetes melltus. In healthy subjects, acarbose is shown to be poorly absorbed, with systemic bioavailability of less than 2 percent (0.5 to 1.7%). Acarbose is metabolized exclusively within the gastrointestinal (01) tract by intestinal bacteria and digestive enzymes. According to the labeling for Precose, less than 2 percent of the oral dose was recovered in urine, consistent with low bioavailability of the drug. Because acarbose acts locally within the 01 tract, this",
FDA-2002-P-0001-0005,FDA-2002-P-0001,"Response Letter from FDA/CDER to CorePharma, LLC","Corepharma, Llc",CDER,Response received,Other Decision Type,low,,"for reasons of safety or effectiveness. FDA has reviewed its records and has determined that Periactin 4-mg tablets (NDA 12- 649) were not withdrawn from sale for reasons of safety or effectiveness. This determination allows FDA to maintain the listing of Periactin 4-mg tablets in the Discontinued Drug Product List of Approved Drug Products with Therapeutic Equivalence Evaluations (the Orange Book). Enclosed is a copy of the Federal Register notice announcing FDA’s determinations. If you need further information, please do not hesitate to call me at 301-594-204 1. Sincerely yours, Mary Catchings I Division of Regulatory Policy I Office of Regulatory Policy Center for Drug Evaluation and Research Enclosure",
FDA-2002-P-0041-0023,FDA-2002-P-0041,HF-22,,CFSAN,Response received,Other Decision Type,low,,"y 13,2003 (the May 2003 letter).2 In that letter, the agency concluded that very limited and preliminary scientific research suggested that phosphatidylserine may reduce the risk of both cognitive dysfunction and dementia. In light of that conclusion, the agency stated its intention to consider the exercise of enforcement discretion for qualified claims regarding these relationships under certain circumstances described in the letter.3 This letter outlines FDA’s rationale for its determination that the current evidence for the proposed health claims is still appropriate for consideration of a qualified health claim. FDA was in error in its May 2003 letter of enforcement discretion stating that all the studies were in a diseased population. Although FDA characterized all the intervention studies submitted with your petition as mitigation studies in a diseased population (i.e., studies of whether phosphatidylserine could treat dementia or cognitive dysfunction by reducing their symptoms), the agency erred in that characteriza",
FDA-2004-P-0006-0004,FDA-2004-P-0006,Response Letter from FDA CDER to Lachman Consultant Services Inc,Lachman Consultant Services Inc,CDER,Response received,Other Decision Type,low,,"sale for safety or efficacy reasons. The FDA has reviewed its records and determined that Aciphex (rabeprazole sodium) delayed-release tablets, 10 mg, was not withdrawn from sale for reasons of safety or effectiveness. Thus, the FDA will maintain Aciphex (rabeprazole sodium) delayed- release tablets, 10 mg, in tie Discontinued Drug Product List section of Approved Drugs With Therapeutic Equivalence Evaluations (the Orange Book). Enclosed is a copy of the Federal Register notice that announces the FDA determination. If you require any further information, please feel free to call me at (301) 443-5540. Sincerely, Elizabeth Sadove Division of Regulatory Policy I Office of Regulatory Policy Center for Drug Evaluation and Research Enclosure ., 15632 Federal RegisieriVoi. 70, No. 58 /Monday, Mtich 28, 2~O~/Not~c~ . TABLE 1 .-ESTIMATED ANNUAL RECCIRDKEEP~NG B~Ro~N~-~~~~~u~~ 1 Total I 848,625 f There are no capital costs or operating and maintenance costs associated with this collection of infwnatlon. D&e& March 21,2",
FDA-2004-P-0158-0001,FDA-2004-P-0158,Response Letter from FDA CDRH to Roche Diagnostics Corporation,Roche Diagnostics Corporation,CDRH,Response received,Other Decision Type,low,,"d Drug , Administration (FDA) has completed its review of your petition for classification of & Factor V Leiden Kit that is intended for use for the detection and genotyping of a sin& point mutation (G to A at position 1691) of the human Factor V gene, referred to as the Factor V Leiden mutation, from DNA isolated from human whole peripheral blood. The kit is used as an aid to diagnosis in the evaluation of patients with suspected thrombophilia. FDA concludes that this device, and substantially equivalent devices of this generic type, should be classified into class II. This order, therefore, classifies the Factor V Leiden Kit, and substantially equivalent devices of this generic type into class II under the generic name, Factor V Leiden mutation detection system. This order also identifies the special controls applicable to this device. FDA identifies this generic type of device as: 21 CFR 864.7280 - Factor V Leiden DNA mutation detection system Factor V Leiden mutation detection system is a device that allows the dete",
FDA-2005-P-0194-0003,FDA-2005-P-0194,Response letter from FDA Warren Rucker,Warren Rucker,CDER,Response received,Other Decision Type,low,,"nd other relevant data identified by the Agency. Based on our review of these materials, and for the reasons explained below, your Petition is granted in part and denied in part. To the extent that you have requested that FDA update the Keppra package insert, your Petition is granted in part because the Agency has approved updated labeling for Keppra that provides detailed information on the risk of psychosis, and it is FDA's position that the updated labeling adequately addresses that risk. In all other respects, your request is denied. I. BACKGROUND A. Epilepsy and Keppra Epilepsy is a chronic neurological condition in which neurons in the brain produce abnormal signals, causing seizures.2 Keppra was approved by FDA on November 30, 1999, as an adjunctive therapy in the treatment of partial-onset seizures in adults with epilepsy. Since its initial approval, Keppra has received 1 This citizen petition was originally assigned docket number 2005P-0509/CP I. The number was changed to FDA-2005-P-0 194 as a result of FDA's tra",
FDA-2005-P-0196-0056,FDA-2005-P-0196,FDA Final Response to CSPI on Sodium - 2016-06-01,Center For Science In The Public Interest (Cspi),CFSAN,Response received,Other Decision Type,low,,"ederal Food, Drug, and Cosmetic Act"" (the Act),9 because it contributes to high blood pressure. We share your concern about the need to reduce overall sodium intake in the diet. The weight of the scientific evidence, taking into account recent studies, continues to support the public health benefits of reducing po~ulation sodium intake below its current level of about 3,400 mg/day. The 2013 10M report,1 ""Sodium Intake in Populations, an Assessment ofthe Evidence,"" which looked closely at recent evidence on the effects of population sodium reduction, is consistent with this consensus and concluded that sodium intake levels are too high and should be reduced to 2,300 mg/day for the general population. In the United States, the latest version of the Dietary Guidelines for Americans continues to recommend that the general population consume less than 2,300 mg/day. 11 When considering how best to reduce sodium in the diet, it is important to understand how the food additive regulatory framework operates and the extremely comple",
FDA-2006-P-0286-0004,FDA-2006-P-0286,"FDA/CDER to Strides, Inc. - Final Response to Citizen Petition",Strides Inc.,CDER,Response received,Other Decision Type,low,,"request involves a change in dosage form. We have reviewed your petition and have determined that it is now moot. On July 23, 2009, Banner Pharmacaps' NDA 022429 was approved. NDA 022429 is for Cetirizine Hydrochloride Capsules, 5 mg and 10 mg. Because this product is approved and is designated as the reference listed drug for cetirizine hydrochloride capsules, there is no need for a decision with respect to your petition on the identical product. You may submit an ANDA using NDA 022429 as the basis of submission. A copy of this letter will be placed on public display in the Division of Dockets Management, Room 1061, Mail Stop HFA-305, 5630 Fishers Lane, Rockville, MD 20852. Sincerely yours, ;:;~ Director Office of Generic Drugs Center for Drug Evaluation and Research",
FDA-2006-P-0327-0005,FDA-2006-P-0327,(Nikki Mueller) FDA Letter to Beckloff Associates (LET1),Beckloff Associates,CDER,Response received,Other Decision Type,low,,"Fresenius Medical Care (Fresenius) . The FDA has reviewed its records and determined that Phoslo (calcium acetate) 667-mg tablet, equal to 169 mg calcium, was not withdrawn from sale for reasons of safety or effectiveness . The FDA will maintain Phoslo (calcium acetate) 667-mg tablet, equal to 169 mg calcium, in the ""Discontinued Drug Product List"" of Approved Drugs with Therapeutic Equivalence Evaluations (the Orange Book) . Enclosed is a copy of the Federal Register notice that announces the FDA determination . If you require any further information, do not hesitate to contact me at (301) 594-2041 . Sincerely, Nikki Mueller Office of Regulatory Policy Center for Drug Evaluation and Research Enclosure 7' Federal Register/Vol. 72, No. 150/Monday, August 6, 2007/Notices 43643 instruments, call 404-639-5960 and Division of Unintentional Injury , departments in Pennsylvania along with send comments to Maryam I . Daneshvar , National Center for Injury Prevention their contact information . Fire CDC Acting Reports Clearance Officer, and C",
FDA-2007-P-0001-0002,FDA-2007-P-0001,"Division of Dockets Management to Solvay Pharmaceuticals, Inc. - Letter","Unimed Pharmaceuticals, Inc.",CDER,Response received,Other Decision Type,low,,"t (copy of section 914 o f F D A A A enclosed). Because your petition requests that FDA take an action relating to any pending A N D A for a generic version o f Marinol, which would be submitted under 505Cj). your petition i s subject to the requirements o f subsection 505(q). In particular. section 5 0 5 ( ~ ) ( 1 ) ( ~ ) ~ o f the Act provides that FDA shall not consider a petition for review unless it contains the follobing certification: 1 certify that, to tny best knowledge and belief: (a) this petition includes all information and views upon which the petition relies; (b) this petition includes representative data andior information known to the petitioner which are unfavorable to the petition; and (c) I have taken reasonable steps to ensure that Docket No. 2007P-0363/CP1 2 any representative data and/or information which are unfavorable to the petition were disclosed to me. I further certify that the information upon which I have based the action requested herein first became known to the party on",
FDA-2007-P-0011-0006,FDA-2007-P-0011,"FDA/CDER Response Letter to Lachman Consultant Services, Inc - Letter","Lachman Consultant Services, Inc",CDER,Response received,Other Decision Type,low,,"ale for safety or efficacy reasons. The FDA has reviewed its records and determined that Seroquel (quetiapine fumarate) tablets, 150 mg, were not withdrawn from sale for reasons of safety or effectiveness. Thus, the FDA will maintain Seroquel (quetiapine fumarate) tablets, 150 mg, in the ""Discontinued Drug Product List"" section of the Approved Drug Products With Therapeuti,~Equivalence Evaluations (the Orange Book). Enclosed is a copy of the Federal Register notice that announces the FDA determination. If you require any further information, please feel free to call me at (30 1) 594-204 1. Sincerely, Quynh H. Nguyen Division of Regulatory Policy I Office of Regulatory Policy Center for Drug Evaluation and Research Enclosure 4583 Federal Register / Vol. 73, No. 17/ Friday, January 25, 2008 /Notices This notice is issued under the Federal Advisory Committee Act (5 U.S.C. app. 2) and 21 CFR part 14, relating to advisory committees. Dated: January 17, 2008. Randall W. Lutter, Deputy Commissioner for Policy. [FR Do",
FDA-2007-P-0169-0006,FDA-2007-P-0169,"FDA to Solvay Pharmaceuticals, Inc. - Response Letter","Unimed Pharmaceuticals, Inc.",CDER,Response received,Other Decision Type,low,,"ght loss in patients with AIDS. We have carefully reviewed the arguments in your petition, the comments in opposition to your petition submitted by Rakoczy Molino Mazzochi Siwik LLP on behalf of Cobalt Laboratories Inc., dated January 22, 200S, and your comments in response dated April 3, 200S. For the reasons stated below, we deny your request. In accordance with the Federal Food, Dmg, and Cosmetic Act (the Act), FDA regulations, and case law, the Agency may approve an ANDA for a dronabinol product whose labeling omits information relating to use of the dmg to treat anorexia associated with weight loss in AIDS patients. i. BACKGROUND A. Marinol Dronabinol is a cannabinoid that affects the central nervous system and is a stimulant of central sympathomimetic activity. The dmg is abusable and is a Schedule III controlled substance under the Controlled Substances Act (21 U.S.c. S12(b)(3)) and 21 CFR 130S.13(g). i This citizen petition was originally assigned docket number 2007P-041 8/CP 1. The number was changed to FDA-2007-P-0169 as a r",
FDA-2007-P-0181-0014,FDA-2007-P-0181,FDA/CDER Final response to Charles E. Weber,Charles E. Weber,CDER,Response received,Other Decision Type,low,,"s, along with the recommendations of our Advisory Review Panel on OTC Dentifrice and Dental Care Drug Products. After reviewing the comments to the ANPR, on September 30, 1985, we published a notice of proposed rulemaking (50 FR 39854) in the form of a tentative final monograph that proposed to establish conditions under which OTC anticaries drug products would be regarded as generally recognized as safe and effective and not misbranded. Following review of the comments to the tentative final monograph, on October 6, 1995, we issued a final rule in the form of a final monograph (60 FR 52474) for OTC anticaries drug products. i This citizen petition was originally assigned docket number 2007P-0070/CP 1. The number was changed to FDA-2007-P-0 181 as a result of FDA's transition to its new docketing system (Regulations.gov) in January 2008. The anticaries drug product monograph is set forth in 21 CFR part 355. Section 355.10 states the permissible concentrations and dosage forms for each of the anticaries active ingredients covered unde",
FDA-2007-P-0247-0006,FDA-2007-P-0247,Elizabeth Sadove,"Regulus Pharmaceutical Consulting, Inc.",CDER,Response received,Other Decision Type,low,,"rom sale for safety or efficacy reasons . FDA has reviewed its records and determined that Eloxatin (oxaliplatin for injection), 50 milligrams (mg)/vial and 100 mg/vial, sterile lyophilized powder, was not withdrawn from sale for reasons of safety or effectiveness. Thus, FDA will maintain Eloxatin (oxaliplatin for injection), 50 milligrams (mg)/vial and 100 mg/vial, sterile lyophilized powder, in the Discontinued Drug Product List section ofApproved Drugs With Therapeutic Equivalence Evaluations (the Orange Book). Enclosed is a copy of the Federal Register notice that announces the FDA determination. If you require any further information, please feel free to call me at (301) 443-5534 . Sincerely , Elizabeth Sadov e Division of Regulatory Policy I Office of Regulatory Policy Center for Drug Evaluation and Researc h Enclosure /Z- 7/-0- DD4 c2- ~~/ 659 68 Federal Register/Vol . 72, No . 226/Monday, November 26, 2007/Notices Dated: November 16, 2007. Marilyn S . Radke, Reports Clearance Officer, Centers for Disease Control and Prevention",
FDA-2007-P-0248-0006,FDA-2007-P-0248,Final Response Letter from FDA CDER to Cornerstone Regulatory,Cornerstone Regulatory,CDER,Response received,Other Decision Type,low,,"om sale for safety or efficacy reasons. FDA has reviewed its records and determined that GLUCAGON (glucagon hydrochloride) for injection, EQ I mg base/vial and EQ 10 mg base/vial, was not withdrawn from sale for reasons of safety or effectiveness. Thus, FDA will maintain GLUCAGON (glucagon hydrochloride) for injection, EQ 1 mg base/vial and EQ 10 mg base/vial, in the ""Discontinued Drug Product List"" section of Approved Drug Products With Therapeutic Equivalence Evaluations (the Orange Book). Enclosed is a copy of the Federal Register notice that announces the FDA determination. If you require any further information, please feel free to call me at (240) 402-0979. Sincerely, :z;JJ(u- Daniel E. Orr Office of Regulatory Policy Center for Drug Evaluation and Research Attachment 54294 Federal Register/Vol. 80, No. 174/Wednesday, September 9, 2015/Notices DEPARTMENT OF HEALTH AND HUMAN SERVICES Food and Drug Administration [Docket No. FDA-2015-N-0001] Psychopharmacologic Drugs Advisory Committee; Notice of Meeting AGE",
FDA-2007-P-0249-0005,FDA-2007-P-0249,FDA/Center for Drug Evaluation and Research - Response Letter,"Cobalt Laboratories Inc., and Cobalt Pharmaceuticals Inc., ",CDER,Response received,Other Decision Type,low,,"D On March 22,2005, FDA received for substantive review Cobalt's ANDA 77-532 for 25-mg, 50-mg, and 100-mg acarbose tablets, which relied upon Bayer Pharaceuticals Corporation's (Bayer) Precose tablets (new drug application (NDA) 20-482) as its reference listed drug (RLD). Cobalt's ANDA contained a patent certification pursuant to section 505G)(2)(A)(vii)(lV) (paragraph IV certification) of the Federal Food, Drug, and Cosmetic Act (the Act) (21 U.S.C. 355G)(2)(A)(vii)(IV)) to U.S. Patent No. 4,904,769 (the '769 patent).3 Cobalt provided notice of i This citizen petition was originally assigned docket number 2007P-04l4IPSA1. The number was changed to FDA- 2007-P.0249 as a result of FDA's transition to its new docketing system (Regulations.gov) in Januar 2008. In preparing this response, FDA also has considered the comments submitted to the public docket established by FDA for comments regarding l80-day generic drg exclusivity for acarbose tablets (Docket No. FDA-2007-N-0445, originally assigned docket number 2007N-041 7), including C",
FDA-2007-P-0286-0003,FDA-2007-P-0286,Jillonne Kevala,"Immunotec, Inc.",CFSAN,Response received,Other Decision Type,low,,"you that the petition was undergoing initial FDA review . We have completed our initial review of the petition and are filing it as specified in section 403(r)(4)(i) of the act (21 U .S.C. 343(r)(4)(i)), on August 1, 2007 . Within 90 days of the filing date FDA will either publish a proposed regulation authorizing use of the health claim or deny the petition. We have calculated that date to be October 30, 2007 . Denial may be made by FDA action or by lack of FDA action, in which case the petition shall be deemed to be denied unless an extension is mutually agreed upon by FDA and the petitioner . Please feel free to contact Dr . Jillonne Kevala at 301-436-1848 if you have questions concerning this petition . Sincerely yours, c.-z----- ~- Barbara O. Schneeman, Ph.D . Director Office of Nutrition, Labeling, and Dietary Supplements Center for Food Safety and Applied Nutrition 0 1 I DOI b 56 ~ •°~~~°~ DEPARTMENT OF HEALTH & HUMAN SERVICES Public Health Service ° 3561 7 AUG -9 P.2 :O1ood and Drug Administration College Park, MD 20740 Augus",
FDA-2007-P-0347-0005,FDA-2007-P-0347,FDA/CDER to Virginia Commonwealth University School of Medicine - Letter,Epidemiology And Community Health Vcu School Of Medicine,CDER,Response received,Other Decision Type,low,,"e for reasons ofsafety or effectiveness. FDA has reviewed its records and determined that ORLAAM (levomethadyl acetate HCI) oral solution, 10 mg/mL, was not withdrawn from sale for reasons of safety or effectiveness. Thus, FDA will maintain ORLAAM (levomethadyl acetate HCI) oral solution, 10 mg/mL, in the ""Discontinued Drug Product List"" section ofApproved Drug Products With Therapeutic EqUivalence Evaluations (the Orange Book). Enclosed is a copy of the Federal Register notice that announces the FDA determination. If you require any further information, please feel free to call me at (301) 796-3601. Sincerely, JI1~­ S. Sandra Park Office of Regulatory Policy Center for Drug Evaluation and Research Enclosure I This citizen petiti.on was originally assigned docket number 2007P-04311CP I. The number was changed to FDA-2007-P-0347 as a result of FDA's transition to its new docketing system (Regulations.gov) in January 2008. 2 This citizen petition was assigned docket number FDA-20 LO-P-0505. "" Federal Register/Vol. 76.\",
FDA-2007-P-0349-0007,FDA-2007-P-0349,"FDA Response to Engel & Novitt, LLP - Letter","Engel & Novitt, Llp",CDER,Response received,Other Decision Type,low,,"NDA until the information is provided and FDA has reviewed it. For the reasons discussed below, your Petition and PSA are dismissed as moot. Section 5050) of the Federal Food, Drug, and Cosmetic Act (the Act) (21 U.S.C. 355(j)) allows the marketing of generic versions of previously approved drug products when the generic version is the subject of an approved ANDA. To gain approval, the ANDA must ' A rgerence listed drug or RLD is ""the listed [i.e., approved] drug identified by FDA as the drug product upon which an applicantrelies in seeking approval of its abbreviated application""(2 1 CFR 3 14.3). Reference listed drugs are identified in FDA's Approved Drug Products with TherapeuticEquiva[ence Evaluations (the Orange Book). Docket No. 2007P-035 11CP1 & PSAl show, among other things, that with respect to a listed drug (i.e., a previously approved drug product), the generic version has the same active ingredient in the same strength, that its labeling is essentially identical, and that it is bioequivalent (21 CFR 320.21 @)(I",
FDA-2007-P-0351-0003,FDA-2007-P-0351,Randall W. Lutter - Letter - PSA & Petition Closed,"Mylan Laboratories, Inc.",CDER,Response received,Other Decision Type,low,,"potex) may not be eligible for immediate approval because of Pfizer's pediatric exclusivity (FDA Decision at 9) . With respect to Apotex's ANDA, FDA stated that if the U.S . Court of Appeals for the Federal Circuit issued its mandate effectuating th e ' You claim that Mylan's 180-day exclusivity commenced on March 23, 2007, and would expire on September 23, 2007 (PSA at 1 ). However, 1 80 days after March 23 is September 19: 2 Letter from Gary J . Buehler, Director, Office of Generic Drugs, Center for Drug Evaluation and Research, FDA, to ANDA ApplicantlHolder for Am lodipine Besylate Tablets dated April 18, 2007, in Docket No. 2007N-0123 . 0~a~~- L.~z~/ Docket Nos. 2007P-0116/PSA1 & 2007P-0171 /CP 1 panel's decision in Pfizer Inc. v. Apotex, Inc.3 before the expiration of Pfizer's pediatric exclusivity for the '303 patent, Apotex would cease to be subject to Pfizer's pediatric exclusivity (FDA Decision at 8). The federal district court for the District of Columbia upheld the FDA Decision.4 On May 21, 2007, the U.S . Court of Appeals",
FDA-2007-P-0407-0004,FDA-2007-P-0407,"Carol Drew, FDA",Hikma Farmaceutica Of Portugal,CDER,Response received,Other Decision Type,low,,"for reasons of safety or effectiveness . FDA has reviewed its records and has determined that Brethine (terbutaline sulfate) Injection was not withdrawn from sale for reasons of safety or effectiveness . Thus, the FDA will maintain Brethine (terbutaline sulfate) Injection, in the ""Discontinued Drug Product List"" section ofApproved Drugs With Therapeutic Equivalence Evaluations (the Orange Book) . Enclosed is a copy of the Federal Register notice that announces the FDA determination . If you require any further information, please feel free to call me at (301) 443-5524 . Sincerely, / ~ . .., Carol Drew Division of Regulatory Policy I Office of Regulatory Policy Center for Drug Evaluation and Research Enclosure 07 P-0052- Federal Register/Vol. 72, No. 138/Thursday, July 19, 2007/Notices 39629 1 . The impact on physicians, their from five public entities consisting of • Including other health care patients, and their practices of the two corporations and three associations . providers ""who prescribe drugs ."" disclosure of still uncertai",
FDA-2012-P-1252-0006,FDA-2012-P-1252,Final Response Letter from FDA CVM to Animal Legal,FDA CVM to Animal Legal,CVM,Withdrawn,Other Decision Type,low,,"hydrochloride (“ractopamine”): (1) Immediately review the Codex Standards standards (sic) for ractopamine as established in July 2012; (2) Publish this Petition in the Federal Register as a proposal; (3) Provide opportunity for public comment on the Petition; 1 Docket No. FDA-2012-P-1252 2 Docket No. FDA-2020-P-1506 2 (4) Perform comprehensive scientific studies needed to characterize the health, welfare, and behavioral risks posed by the use of ractopamine in food-producing animals, including studies of animal toxicity of the drug with its metabolites (including, but not limited to, their genotoxicity, carcinogen[ic]ity, and any cardiovascular, reproductive, endocrine, musculoskeletal, or behavioral effects they may elicit); animal behavioral effects of the drug (including but not limited to social behaviors); and animal exposure to residues of the drug and its metabolites in edible tissues; (5) Perform comprehensive scientific studies needed to characterize human food safety risks posed by the use of",https://www.regulations.gov/document/FDA-2012-P-1252-0006
FDA-2020-P-1506-0010,FDA-2020-P-1506,Final Response Letter from FDA CVM to Animal Legal,FDA CVM to Animal Legal,CVM,Withdrawn,Other Decision Type,low,,"hydrochloride (“ractopamine”): (1) Immediately review the Codex Standards standards (sic) for ractopamine as established in July 2012; (2) Publish this Petition in the Federal Register as a proposal; (3) Provide opportunity for public comment on the Petition; 1 Docket No. FDA-2012-P-1252 2 Docket No. FDA-2020-P-1506 2 (4) Perform comprehensive scientific studies needed to characterize the health, welfare, and behavioral risks posed by the use of ractopamine in food-producing animals, including studies of animal toxicity of the drug with its metabolites (including, but not limited to, their genotoxicity, carcinogen[ic]ity, and any cardiovascular, reproductive, endocrine, musculoskeletal, or behavioral effects they may elicit); animal behavioral effects of the drug (including but not limited to social behaviors); and animal exposure to residues of the drug and its metabolites in edible tissues; (5) Perform comprehensive scientific studies needed to characterize human food safety risks posed by the use of",https://www.regulations.gov/document/FDA-2020-P-1506-0010
FDA-2007-P-0050-0004,FDA-2007-P-0050,FDA/CDER to Baltimore City Health Department et al,Baltimore City Health Department Et Al,CDER,further info requested,Other Decision Type,low,,"ld or allergic rhinitis has always been difficult because of the limited ability of children to subjectively quantify the severity of their symptoms. Because of this, FDA has extrapolated efficacy data from adults to children, not only in the OTC monograph for cold and cough drug products, but also for the approval of pediatric indications for NDA products when the studies conducted in children failed to establish a significant effect of active therapy over placebo. Do you have comments on the use of extrapolation of efficacy data from adults to children? The petition emphasizes the lack of efficacy of cold and cough products in children under the age of 6. Given that the extrapolation of efficacy from adults to children has been used to determine efficacy for all children ages 2 through 12, please clarify P~ige 2 why you have limited your comments to children less than 6 years . 3. The petition proposes that the labeling of cough and cold products include the following statement: ""These products have not been found to be safe or effe",
